time,ax,ay,az
0.000000,0.006094,0.005064,0.006672
0.002000,-0.020800,0.017904,0.024727
0.004000,0.015009,0.005466,0.024317
0.006000,0.018811,0.044777,-0.009019
0.008000,-0.039021,0.028596,0.003880
0.010000,-0.026044,-0.006151,-0.037282
0.012000,0.002557,-0.006361,0.001982
0.014000,-0.006325,0.009394,-0.015880
0.016000,-0.000336,-0.016760,-0.003728
0.018000,-0.017061,0.023326,-0.033707
0.020000,0.017588,0.007232,0.008097
0.022000,0.015556,0.005129,-0.033931
0.024000,0.001321,0.013739,0.002966
0.026000,0.022545,0.034457,-0.024530
0.028000,0.009350,0.003419,-0.016993
0.030000,-0.017186,-0.002261,0.023095
0.032000,0.007375,0.030174,0.011758
0.034000,-0.019178,0.019351,0.022984
0.036000,0.017569,-0.006420,0.031195
0.038000,-0.000999,0.000104,-0.015457
0.040000,-0.003697,0.003908,0.029979
0.042000,-0.013619,0.007236,-0.029310
0.044000,0.024451,-0.027132,0.014922
0.046000,-0.003091,-0.030850,-0.009867
0.048000,-0.008567,-0.017748,-0.018606
0.050000,-0.007043,-0.019295,0.012289
0.052000,0.010646,-0.012876,0.018899
0.054000,0.007309,0.012694,0.018305
0.056000,0.008255,-0.003379,0.004297
0.058000,0.008616,0.003928,0.002639
0.060000,0.042833,-0.024486,0.010537
0.062000,-0.008128,-0.009233,0.006075
0.064000,-0.010245,0.011745,0.010827
0.066000,-0.016275,0.011899,0.004080
0.068000,0.012320,-0.014491,0.016856
0.070000,0.022579,0.003233,-0.032544
0.072000,-0.002279,0.043977,-0.002625
0.074000,-0.016803,-0.000352,-0.027677
0.076000,-0.016490,-0.013864,0.005534
0.078000,0.013012,-0.003475,0.032839
0.080000,0.014865,0.001844,-0.009482
0.082000,0.010863,-0.003023,0.002545
0.084000,-0.013310,-0.000627,0.015130
0.086000,0.004643,-0.028869,-0.041354
0.088000,0.002334,-0.019253,-0.010442
0.090000,0.004374,-0.002987,0.007290
0.092000,0.017429,-0.003305,-0.057940
0.094000,0.004472,-0.011324,-0.019536
0.096000,0.013578,-0.003540,0.022017
0.098000,0.001352,0.001220,0.020060
0.100000,0.005782,0.017788,0.007486
0.102000,0.012626,-0.001984,0.017644
0.104000,-0.029143,0.007982,0.004302
0.106000,-0.006393,-0.010832,0.011108
0.108000,-0.009407,0.011442,-0.006313
0.110000,-0.012778,0.007515,0.002316
0.112000,-0.005503,0.017316,-0.012647
0.114000,0.029899,0.014269,0.025270
0.116000,-0.017317,0.011775,0.030431
0.118000,0.019366,-0.001968,0.027598
0.120000,-0.033657,0.004899,-0.008162
0.122000,-0.006698,0.021270,-0.019075
0.124000,0.003255,-0.013041,0.025539
0.126000,0.011724,-0.012568,0.010878
0.128000,0.014225,0.003629,0.006572
0.130000,0.015867,0.008306,-0.012673
0.132000,-0.006975,-0.016482,0.008513
0.134000,-0.009247,-0.001495,-0.021706
0.136000,0.017160,-0.001880,0.012681
0.138000,-0.003826,-0.044306,0.027578
0.140000,-0.025514,-0.004392,0.032621
0.142000,-0.022666,-0.003146,0.014170
0.144000,-0.018389,-0.003206,-0.027640
0.146000,0.009943,0.028318,0.003947
0.148000,0.002849,-0.024316,0.042794
0.150000,0.013810,-0.016492,-0.017372
0.152000,-0.008545,-0.052244,-0.001184
0.154000,0.003171,-0.009618,0.028270
0.156000,0.012512,-0.007913,0.012343
0.158000,-0.006187,-0.010200,0.049603
0.160000,0.009136,0.022154,-0.014657
0.162000,-0.013239,0.017212,-0.019795
0.164000,-0.007261,0.001557,0.024483
0.166000,-0.007635,-0.007412,-0.023918
0.168000,-0.023917,0.020524,-0.003935
0.170000,0.009739,-0.000395,-0.001313
0.172000,-0.009388,-0.016365,0.020720
0.174000,0.000250,-0.034325,0.012285
0.176000,0.009615,-0.008826,0.009141
0.178000,0.008931,0.015093,-0.008049
0.180000,0.013308,0.045531,0.024300
0.182000,-0.001970,0.001232,0.080516
0.184000,-0.008466,-0.015307,0.013826
0.186000,-0.001594,-0.023699,0.001993
0.188000,-0.033747,0.011039,-0.025957
0.190000,-0.028942,-0.035292,-0.012750
0.192000,-0.026454,0.011007,-0.004274
0.194000,-0.019945,0.016354,-0.010692
0.196000,0.007995,0.008726,-0.000322
0.198000,-0.018110,-0.004393,0.035560
0.200000,-0.007563,0.011299,0.024943
0.202000,0.025985,0.003419,-0.003177
0.204000,-0.007125,-0.015562,-0.024166
0.206000,0.014750,0.037008,0.026747
0.208000,-0.018672,-0.007034,-0.000981
0.210000,-0.004109,0.015515,-0.034530
0.212000,-0.019000,-0.048372,0.014249
0.214000,-0.006781,0.025529,0.020514
0.216000,0.016806,0.029375,-0.048518
0.218000,-0.034546,0.000597,-0.016491
0.220000,0.008688,0.011175,-0.002209
0.222000,0.004755,0.011170,0.014690
0.224000,-0.011883,-0.012856,-0.010315
0.226000,-0.028921,0.010942,-0.016643
0.228000,0.001443,-0.016173,0.014543
0.230000,-0.010590,-0.012175,-0.009366
0.232000,0.004654,0.022539,0.010841
0.234000,0.000437,0.019493,-0.022230
0.236000,0.032036,-0.014128,-0.027047
0.238000,-0.004787,-0.014672,0.015105
0.240000,-0.020470,-0.012912,0.005050
0.242000,0.003586,0.014653,0.018449
0.244000,0.004400,-0.020000,-0.010652
0.246000,0.027184,0.007134,-0.015902
0.248000,0.016702,0.014937,0.027214
0.250000,0.007137,-0.001765,-0.030459
0.252000,0.029266,0.020201,0.025029
0.254000,-0.023775,-0.006086,0.026410
0.256000,-0.012795,-0.004277,0.017202
0.258000,-0.018532,-0.019545,-0.013756
0.260000,-0.007796,0.020344,-0.016330
0.262000,-0.027534,-0.015330,-0.004201
0.264000,0.012703,0.006995,-0.025901
0.266000,-0.004444,-0.001426,-0.019234
0.268000,-0.029416,-0.021056,0.012895
0.270000,-0.020312,-0.012182,0.012987
0.272000,0.006270,0.027657,-0.020991
0.274000,0.016763,0.004033,0.013522
0.276000,0.039935,-0.020183,0.009086
0.278000,0.058277,0.006107,0.030198
0.280000,0.008288,-0.002922,0.011383
0.282000,-0.019791,0.069081,0.021172
0.284000,-0.042641,0.005702,0.009542
0.286000,0.005354,-0.007612,0.019599
0.288000,-0.016259,0.028401,-0.025742
0.290000,-0.008307,-0.036821,-0.002435
0.292000,-0.012242,0.001886,-0.000780
0.294000,-0.002816,0.039889,-0.004875
0.296000,0.021320,-0.002324,0.008878
0.298000,0.003141,-0.034666,0.012688
0.300000,-0.003173,-0.007918,0.007845
0.302000,-0.020713,0.029090,-0.003539
0.304000,-0.033494,0.007521,-0.014715
0.306000,-0.009726,-0.016777,0.021944
0.308000,-0.001076,-0.013705,0.006995
0.310000,0.035359,-0.011194,-0.020372
0.312000,0.002605,0.007224,-0.003874
0.314000,0.019655,0.026764,-0.034866
0.316000,-0.009986,0.021048,0.000707
0.318000,-0.023699,0.009120,-0.003968
0.320000,-0.019302,-0.026633,-0.011489
0.322000,-0.014505,-0.026559,0.031692
0.324000,0.042569,0.010665,-0.023123
0.326000,-0.016428,-0.026909,0.014128
0.328000,0.016770,-0.004511,0.043734
0.330000,-0.018059,0.006083,0.021545
0.332000,0.018631,-0.022752,-0.000631
0.334000,0.007699,-0.020485,-0.022681
0.336000,-0.003133,-0.001882,-0.027241
0.338000,-0.000815,0.010073,-0.008231
0.340000,-0.013096,0.021230,-0.013740
0.342000,0.008921,0.012141,-0.014391
0.344000,-0.009100,0.001473,-0.006526
0.346000,-0.024512,-0.014924,-0.002045
0.348000,-0.025559,-0.021418,0.009704
0.350000,0.003452,-0.010218,-0.024756
0.352000,0.031582,0.008199,-0.013645
0.354000,0.003200,0.006732,-0.003193
0.356000,-0.002373,-0.041998,-0.003910
0.358000,0.005717,-0.015714,0.036728
0.360000,0.026120,0.024090,0.004645
0.362000,0.004388,0.001584,-0.032272
0.364000,-0.008219,-0.028340,0.008364
0.366000,0.022126,0.047116,0.010913
0.368000,0.008575,-0.000579,-0.002503
0.370000,0.030715,0.007687,-0.024268
0.372000,0.003665,0.007990,0.035161
0.374000,-0.024489,-0.007352,-0.021398
0.376000,-0.027363,-0.014551,0.013215
0.378000,0.033019,0.042433,0.004001
0.380000,0.034473,0.020064,0.012016
0.382000,-0.003590,0.016439,0.034137
0.384000,-0.007664,0.011526,0.011233
0.386000,0.029229,-0.020066,-0.011173
0.388000,-0.022141,0.025551,0.022120
0.390000,-0.017895,-0.016863,-0.012622
0.392000,0.012867,0.005666,0.003271
0.394000,-0.007892,-0.032788,-0.025862
0.396000,-0.000102,-0.040817,-0.020666
0.398000,-0.003269,0.006366,0.001028
0.400000,0.006751,-0.016182,0.007362
0.402000,0.028150,-0.039783,-0.034048
0.404000,0.001812,0.010812,0.009946
0.406000,0.012879,0.042402,-0.016389
0.408000,-0.041003,0.027791,0.025594
0.410000,-0.000974,-0.005146,-0.007039
0.412000,-0.016865,0.000177,-0.022472
0.414000,-0.024376,0.017754,0.001516
0.416000,-0.017563,0.022443,-0.018325
0.418000,-0.006682,-0.006871,0.025379
0.420000,0.018318,0.000684,0.000011
0.422000,-0.026528,0.006012,-0.003034
0.424000,0.000613,0.011078,0.011836
0.426000,-0.009683,-0.002662,-0.020099
0.428000,-0.006553,-0.002402,-0.025783
0.430000,0.020055,0.027597,0.008167
0.432000,0.010762,0.024190,-0.021993
0.434000,0.026748,0.009548,-0.022000
0.436000,-0.003090,0.034382,0.016735
0.438000,-0.013919,-0.007729,0.010501
0.440000,-0.004477,0.032459,-0.025077
0.442000,0.004850,0.010850,-0.012383
0.444000,0.003531,0.065421,-0.018075
0.446000,-0.021688,-0.023850,0.035526
0.448000,0.001810,-0.013787,0.018120
0.450000,0.004565,0.008376,-0.008417
0.452000,0.050349,0.007945,0.011524
0.454000,0.037537,0.039003,-0.027124
0.456000,-0.017065,-0.013367,-0.013453
0.458000,-0.005748,0.018098,0.002097
0.460000,-0.029269,0.023249,0.009045
0.462000,-0.011814,0.014093,-0.001949
0.464000,0.006312,-0.019220,0.004960
0.466000,0.024117,0.028155,0.001567
0.468000,-0.014582,0.024586,-0.003272
0.470000,-0.013083,0.011992,-0.005923
0.472000,-0.042946,0.004087,-0.008525
0.474000,-0.003253,0.004522,0.004639
0.476000,-0.021248,-0.001575,0.008216
0.478000,-0.010589,0.012816,0.003967
0.480000,-0.017537,0.000623,-0.023572
0.482000,-0.001885,-0.016970,-0.019979
0.484000,-0.035155,-0.020972,0.007978
0.486000,-0.029341,-0.015041,0.029433
0.488000,0.042585,0.004443,0.003048
0.490000,-0.025748,-0.000539,-0.008233
0.492000,-0.021936,0.004307,0.004487
0.494000,0.036738,0.010016,-0.022736
0.496000,0.058101,-0.012546,0.026179
0.498000,-0.023431,0.029313,0.003732
0.500000,-0.007365,-0.005354,-0.013389
0.502000,0.006831,-0.008669,-0.003336
0.504000,0.034574,0.009648,-0.010541
0.506000,-0.019737,-0.036730,0.026233
0.508000,-0.004906,-0.015811,-0.004045
0.510000,0.015547,0.019621,0.003107
0.512000,0.008695,-0.034748,0.011475
0.514000,-0.007523,0.022351,-0.014815
0.516000,-0.002676,0.030223,0.003874
0.518000,-0.027498,-0.007389,0.005489
0.520000,-0.004763,0.005836,-0.031082
0.522000,-0.005328,0.022382,0.005054
0.524000,0.004643,-0.009336,-0.000915
0.526000,-0.011107,0.017356,0.002599
0.528000,0.009431,-0.013423,0.000713
0.530000,0.020254,-0.009552,0.005183
0.532000,0.003109,-0.015987,0.026747
0.534000,0.007035,0.006853,-0.023590
0.536000,0.001063,0.023159,-0.006843
0.538000,0.000002,-0.003682,0.013332
0.540000,-0.014431,-0.025425,0.009619
0.542000,0.006330,-0.021654,0.009188
0.544000,-0.001946,0.007892,0.055072
0.546000,0.041863,0.036882,0.012283
0.548000,0.031467,0.007874,0.022619
0.550000,0.007717,-0.007738,-0.006141
0.552000,-0.015261,0.015324,-0.019858
0.554000,-0.022248,-0.004790,-0.006286
0.556000,0.023823,-0.007566,0.014239
0.558000,0.005255,-0.019169,0.008137
0.560000,0.009603,0.028169,0.008065
0.562000,-0.034892,-0.050784,-0.004287
0.564000,0.018549,0.015957,-0.007476
0.566000,0.009088,-0.009275,-0.003597
0.568000,-0.022209,-0.008207,0.014490
0.570000,-0.009430,0.033846,0.016815
0.572000,0.005274,-0.014283,-0.020125
0.574000,0.001049,-0.013601,0.015247
0.576000,-0.005843,-0.002608,-0.013014
0.578000,-0.002070,0.008277,0.009378
0.580000,-0.005040,-0.008837,-0.003839
0.582000,0.003051,-0.031477,0.031316
0.584000,0.029430,-0.017314,-0.008361
0.586000,-0.051333,0.025627,0.003572
0.588000,-0.004737,0.001496,0.012132
0.590000,0.003530,0.009022,-0.017479
0.592000,0.005920,-0.005228,-0.001457
0.594000,-0.007438,-0.013190,-0.005332
0.596000,-0.035134,0.033551,-0.010276
0.598000,0.006560,-0.003764,-0.008794
0.600000,0.034547,-0.008867,0.022240
0.602000,-0.030677,0.021923,-0.011971
0.604000,0.017277,-0.014447,0.011328
0.606000,-0.006571,-0.011895,0.006292
0.608000,-0.001226,0.000205,-0.027940
0.610000,-0.021058,0.000005,0.010383
0.612000,-0.006689,0.005192,-0.028270
0.614000,0.026001,0.041833,0.012562
0.616000,0.011653,0.006725,-0.010144
0.618000,0.034646,-0.047561,0.000167
0.620000,0.023548,0.006526,-0.025886
0.622000,0.008782,0.000758,0.002448
0.624000,0.034879,0.000869,0.018539
0.626000,0.008780,0.004919,-0.016139
0.628000,0.016560,-0.000574,-0.012143
0.630000,-0.005931,-0.001052,0.009092
0.632000,0.001331,0.012261,0.009592
0.634000,-0.013948,-0.010842,-0.048684
0.636000,0.019792,-0.018954,0.040308
0.638000,-0.023566,0.060476,0.010571
0.640000,0.015647,-0.014317,0.013938
0.642000,-0.003813,0.002003,-0.002871
0.644000,0.023425,-0.029913,-0.037107
0.646000,0.015017,0.002329,0.013494
0.648000,0.036413,-0.018665,-0.011304
0.650000,0.014615,-0.008849,0.010879
0.652000,-0.031441,0.020901,-0.004376
0.654000,-0.001339,0.009440,0.004761
0.656000,-0.023440,0.011368,-0.015500
0.658000,-0.010366,-0.035424,0.017288
0.660000,0.030225,0.036738,-0.023768
0.662000,0.012751,-0.023838,0.044911
0.664000,-0.013979,0.030571,0.044759
0.666000,-0.020274,0.020431,0.032654
0.668000,0.000656,0.011547,0.025510
0.670000,-0.024331,-0.017100,-0.001691
0.672000,-0.013423,0.003032,0.023331
0.674000,0.006240,-0.009418,-0.001924
0.676000,0.023106,0.000581,-0.031070
0.678000,0.012175,-0.004997,0.030064
0.680000,-0.045826,-0.040772,0.022576
0.682000,0.006087,0.022436,-0.000627
0.684000,0.001441,-0.001622,-0.024504
0.686000,0.008278,-0.009696,-0.011724
0.688000,0.032324,-0.011207,-0.036423
0.690000,-0.041265,0.007169,0.018902
0.692000,-0.011822,-0.017875,-0.032066
0.694000,0.011818,-0.045104,0.005737
0.696000,-0.031632,0.008143,-0.016874
0.698000,0.029519,0.010382,-0.028534
0.700000,0.007367,-0.003993,0.004767
0.702000,0.016932,-0.022958,-0.006676
0.704000,-0.011419,0.001779,0.016764
0.706000,0.016275,-0.029291,-0.025352
0.708000,0.021369,-0.020545,-0.015146
0.710000,0.004658,-0.015014,-0.047753
0.712000,0.004688,0.016879,-0.043687
0.714000,0.005407,-0.007252,0.035964
0.716000,-0.017267,-0.008957,0.041672
0.718000,-0.002951,0.039094,0.001855
0.720000,-0.003050,0.007049,-0.016477
0.722000,0.007668,0.006780,-0.005969
0.724000,0.019996,-0.007394,0.017471
0.726000,-0.021171,-0.011927,-0.010288
0.728000,-0.002500,-0.043728,0.004753
0.730000,0.029629,0.019375,-0.000255
0.732000,-0.014872,0.008966,-0.011376
0.734000,-0.016445,-0.003583,-0.010524
0.736000,0.004046,-0.002745,0.005866
0.738000,0.016888,0.014723,-0.019538
0.740000,0.000229,-0.031094,0.009035
0.742000,0.026579,-0.011798,-0.009432
0.744000,0.017136,-0.022726,0.002547
0.746000,0.016836,0.035430,0.027679
0.748000,0.011082,0.017513,-0.003364
0.750000,0.046553,-0.044054,0.018396
0.752000,-0.004103,-0.030275,-0.035841
0.754000,-0.040070,-0.002647,-0.009407
0.756000,0.032085,-0.009449,0.000554
0.758000,-0.009154,-0.026488,0.038467
0.760000,0.002158,0.038895,-0.039199
0.762000,0.026191,0.006251,-0.001924
0.764000,-0.032045,0.009496,0.029134
0.766000,-0.025033,-0.013840,-0.015700
0.768000,-0.032026,0.014445,-0.004257
0.770000,-0.015883,-0.007609,0.006635
0.772000,0.008793,-0.005667,0.003690
0.774000,0.010484,0.012220,0.031315
0.776000,0.005525,-0.032580,0.008969
0.778000,-0.028255,0.031941,0.026555
0.780000,-0.046202,0.003648,-0.007200
0.782000,0.001087,0.025619,-0.014811
0.784000,-0.009436,-0.021508,-0.004514
0.786000,0.009188,-0.018463,-0.023182
0.788000,0.014039,-0.023238,0.009670
0.790000,0.002765,0.005006,-0.007718
0.792000,0.015203,0.001320,-0.013436
0.794000,0.004584,-0.009288,0.009973
0.796000,0.010601,-0.020281,-0.022874
0.798000,-0.014093,-0.025332,0.015410
0.800000,-0.003592,-0.000970,-0.009567
0.802000,0.003936,-0.009312,0.023182
0.804000,0.016411,-0.013712,-0.007855
0.806000,-0.007875,0.030942,0.012638
0.808000,0.010423,-0.001647,0.003591
0.810000,-0.005317,0.025401,0.014878
0.812000,-0.002351,-0.010665,0.002199
0.814000,0.016590,0.004896,-0.033268
0.816000,-0.039861,-0.001110,0.020176
0.818000,-0.025929,-0.033952,-0.001754
0.820000,-0.029644,0.028567,0.015790
0.822000,-0.046672,-0.002703,0.013805
0.824000,-0.013565,0.014928,-0.015466
0.826000,0.014989,-0.015041,-0.018296
0.828000,-0.005698,-0.003297,0.013107
0.830000,0.003956,-0.017337,-0.006065
0.832000,0.021784,0.024720,0.018729
0.834000,0.026554,0.006228,-0.003564
0.836000,-0.001383,0.007341,0.020468
0.838000,0.027072,0.027164,0.008466
0.840000,0.001843,0.023127,0.005759
0.842000,-0.016748,0.015307,-0.007480
0.844000,-0.011888,-0.028435,0.004649
0.846000,-0.029611,-0.013914,0.023857
0.848000,-0.017763,-0.020078,-0.001084
0.850000,-0.007160,0.014551,0.010623
0.852000,0.016072,0.003413,0.000927
0.854000,0.034415,-0.027810,0.002492
0.856000,-0.027644,-0.003775,0.034468
0.858000,0.007857,-0.029882,0.024035
0.860000,-0.020811,-0.001063,0.001588
0.862000,0.009494,-0.033107,0.004289
0.864000,-0.002622,0.010577,-0.014037
0.866000,-0.036618,0.007559,-0.003459
0.868000,0.018566,0.038159,0.006188
0.870000,-0.012100,0.016957,0.017012
0.872000,-0.010678,-0.008458,0.014984
0.874000,-0.021395,0.016361,-0.022185
0.876000,-0.013086,-0.027953,0.019540
0.878000,0.008558,-0.019249,-0.001775
0.880000,-0.003785,0.006663,-0.019740
0.882000,0.006573,-0.043165,0.026728
0.884000,0.007238,-0.000743,0.029266
0.886000,0.026413,-0.020405,0.005275
0.888000,-0.006856,0.002026,0.014176
0.890000,-0.029537,-0.021555,0.015349
0.892000,0.021344,0.008485,0.027915
0.894000,-0.006630,0.000387,0.014561
0.896000,0.022292,0.028007,-0.026554
0.898000,0.007668,0.000135,0.040196
0.900000,-0.002623,-0.015373,0.021313
0.902000,0.006976,-0.004938,-0.010190
0.904000,0.039020,-0.026885,-0.020593
0.906000,0.041540,0.008123,0.010096
0.908000,0.001388,0.011797,-0.005565
0.910000,0.003204,0.049384,0.006600
0.912000,0.021525,-0.012437,0.014868
0.914000,-0.016913,-0.005356,-0.011329
0.916000,0.006661,-0.011515,-0.022322
0.918000,-0.000517,0.004242,0.007716
0.920000,0.006278,0.007634,-0.010668
0.922000,-0.016667,-0.001067,0.002922
0.924000,-0.031791,0.021727,-0.026867
0.926000,-0.041460,-0.012340,-0.005044
0.928000,-0.022348,0.019723,0.014299
0.930000,-0.009174,0.010770,0.012119
0.932000,-0.005864,-0.000241,-0.015767
0.934000,0.038745,-0.006299,-0.023365
0.936000,0.022120,0.048533,0.000315
0.938000,-0.019242,-0.016340,0.011221
0.940000,0.006954,0.005959,0.008104
0.942000,-0.008142,-0.015004,-0.010243
0.944000,-0.005687,0.035712,0.005956
0.946000,0.003707,0.017737,0.030047
0.948000,0.012383,-0.013567,0.004103
0.950000,-0.006785,0.010252,-0.032663
0.952000,0.021277,0.005154,0.004064
0.954000,-0.022839,-0.010332,0.040879
0.956000,0.000127,0.015163,-0.025748
0.958000,0.051953,0.007786,0.000594
0.960000,0.004462,0.004314,-0.004527
0.962000,0.028664,-0.000838,0.001918
0.964000,0.001830,0.008621,0.003885
0.966000,0.011616,0.004588,0.022799
0.968000,-0.001136,0.001182,0.001696
0.970000,-0.003408,-0.012820,0.025545
0.972000,-0.015590,0.033875,-0.002353
0.974000,0.008606,-0.021008,-0.007003
0.976000,-0.017031,0.008553,-0.013384
0.978000,0.013312,-0.006405,-0.036342
0.980000,0.021706,0.035191,0.005516
0.982000,0.007331,-0.018070,0.041080
0.984000,-0.005725,-0.014705,0.009165
0.986000,0.009079,-0.019396,0.013735
0.988000,-0.006173,0.006469,-0.008261
0.990000,0.018711,-0.027461,-0.004887
0.992000,-0.036628,-0.009571,0.019693
0.994000,-0.006712,-0.043047,0.040174
0.996000,-0.039816,0.004808,0.029759
0.998000,-0.029901,-0.010004,0.016105
1.000000,0.027277,-0.029761,0.000703
1.002000,0.017904,0.021712,0.012194
1.004000,-0.014390,-0.026153,0.000930
1.006000,-0.030050,0.015939,-0.004963
1.008000,-0.059291,-0.014021,0.009464
1.010000,-0.010870,0.032031,0.040996
1.012000,0.048408,0.014991,0.042160
1.014000,0.008698,-0.020161,0.026611
1.016000,-0.011191,-0.018342,0.063254
1.018000,0.009302,0.012111,0.065631
1.020000,-0.031219,-0.005248,0.056543
1.022000,-0.005946,-0.003387,0.080596
1.024000,0.001990,0.025445,0.089581
1.026000,-0.001722,-0.014974,0.091667
1.028000,0.015816,0.001826,0.130533
1.030000,0.006893,0.019093,0.081942
1.032000,0.013367,0.016182,0.088284
1.034000,-0.013767,-0.003192,0.136066
1.036000,0.017956,-0.005778,0.145923
1.038000,0.032579,-0.034776,0.160084
1.040000,-0.019403,-0.021125,0.149221
1.042000,-0.017754,0.006367,0.149642
1.044000,0.026716,-0.002758,0.175854
1.046000,-0.003827,0.001499,0.175168
1.048000,0.028076,0.020785,0.223021
1.050000,-0.008851,-0.023746,0.193515
1.052000,0.029101,-0.004724,0.206936
1.054000,0.002630,0.003774,0.265508
1.056000,0.005165,-0.014083,0.220105
1.058000,0.031294,0.028630,0.243123
1.060000,-0.007235,0.018172,0.252926
1.062000,-0.018822,0.005803,0.262628
1.064000,-0.008971,0.035885,0.261790
1.066000,0.009047,-0.029978,0.267877
1.068000,-0.031315,-0.000155,0.274007
1.070000,0.012749,0.007327,0.268480
1.072000,-0.010775,-0.018291,0.294510
1.074000,0.022956,0.006014,0.336573
1.076000,-0.047885,-0.022132,0.328214
1.078000,-0.015731,0.013811,0.318078
1.080000,-0.033729,0.021157,0.337117
1.082000,-0.016525,0.005447,0.310616
1.084000,0.004953,-0.037056,0.330790
1.086000,-0.003585,-0.019336,0.362957
1.088000,-0.005068,0.011294,0.381743
1.090000,-0.003184,0.000424,0.344583
1.092000,0.004068,-0.053880,0.358328
1.094000,-0.020171,0.024857,0.419628
1.096000,0.014137,0.002733,0.385925
1.098000,0.013253,-0.016381,0.428467
1.100000,0.007701,0.019899,0.404137
1.102000,0.011131,-0.013551,0.412924
1.104000,0.005928,-0.013769,0.409890
1.106000,0.040701,0.007167,0.442851
1.108000,-0.001742,0.035621,0.459156
1.110000,-0.006142,0.032472,0.419300
1.112000,-0.015071,0.007194,0.440951
1.114000,-0.020645,0.009248,0.474302
1.116000,-0.024889,0.015830,0.461409
1.118000,-0.017776,-0.025140,0.462132
1.120000,-0.001414,0.012883,0.500191
1.122000,0.006686,-0.014681,0.510069
1.124000,0.001023,0.006370,0.487007
1.126000,-0.015311,-0.004549,0.508247
1.128000,0.018004,0.010024,0.487831
1.130000,0.014788,0.002362,0.502090
1.132000,-0.003193,-0.061461,0.530483
1.134000,-0.013058,0.003578,0.536628
1.136000,0.010969,0.012843,0.524662
1.138000,0.003759,0.008919,0.537681
1.140000,-0.028963,-0.002052,0.538699
1.142000,-0.001360,0.032843,0.577101
1.144000,0.005241,0.006227,0.536647
1.146000,-0.017994,0.008753,0.563768
1.148000,0.003797,0.020890,0.554741
1.150000,-0.029096,0.007252,0.608380
1.152000,0.026724,-0.017960,0.571945
1.154000,0.024959,-0.048767,0.616635
1.156000,-0.005050,-0.009542,0.656790
1.158000,0.007269,0.015219,0.665469
1.160000,-0.048198,-0.007062,0.603882
1.162000,-0.023127,0.016024,0.653968
1.164000,-0.005876,0.002975,0.636221
1.166000,-0.021443,0.025761,0.640137
1.168000,0.014288,-0.005904,0.669731
1.170000,0.039946,0.009352,0.704566
1.172000,-0.023532,0.010118,0.699993
1.174000,-0.016749,0.030032,0.681697
1.176000,0.004709,-0.034133,0.718101
1.178000,0.032222,-0.009168,0.667126
1.180000,-0.024447,0.016970,0.704941
1.182000,0.004981,0.030918,0.711522
1.184000,0.036426,0.004801,0.737566
1.186000,-0.033035,-0.005854,0.739943
1.188000,-0.025621,0.015142,0.749171
1.190000,-0.008472,0.017374,0.756506
1.192000,-0.010412,-0.007193,0.768448
1.194000,0.016252,0.006606,0.786803
1.196000,0.004833,0.023611,0.786987
1.198000,-0.035499,0.037809,0.786313
1.200000,0.010308,0.014852,0.808035
1.202000,-0.011551,0.000883,0.824522
1.204000,0.025489,-0.001082,0.804879
1.206000,-0.012552,0.011148,0.822812
1.208000,-0.012732,-0.002313,0.855238
1.210000,0.010823,0.003793,0.817945
1.212000,0.015259,-0.021158,0.884094
1.214000,0.008962,0.025941,0.829217
1.216000,-0.033712,-0.022804,0.857093
1.218000,0.010761,-0.008642,0.852996
1.220000,-0.020686,0.001952,0.923759
1.222000,0.004706,0.039820,0.877933
1.224000,-0.028475,-0.008454,0.885983
1.226000,0.008926,-0.013320,0.896585
1.228000,-0.016132,-0.011016,0.913912
1.230000,-0.025653,0.033178,0.913431
1.232000,0.014276,-0.056247,0.925342
1.234000,0.004833,-0.020055,0.865416
1.236000,-0.012280,0.054626,0.945143
1.238000,0.029024,0.011818,0.952356
1.240000,-0.008813,-0.022120,0.980771
1.242000,0.000642,-0.000838,0.994181
1.244000,0.005378,0.001349,0.972246
1.246000,-0.012393,0.016923,1.000325
1.248000,0.009423,0.036790,0.969969
1.250000,-0.010669,0.007771,1.015347
1.252000,-0.008233,-0.010796,0.996550
1.254000,0.027253,0.015742,0.992306
1.256000,-0.020812,-0.013965,1.020288
1.258000,-0.048256,-0.020667,1.060009
1.260000,0.032219,-0.035198,1.043620
1.262000,0.050987,-0.031303,1.077930
1.264000,-0.008105,-0.017929,1.041025
1.266000,-0.038737,-0.023556,1.084957
1.268000,-0.006210,0.006265,1.058957
1.270000,-0.005724,-0.023988,1.084507
1.272000,-0.003798,-0.062873,1.092334
1.274000,-0.022268,-0.020878,1.109230
1.276000,0.011591,-0.009437,1.109015
1.278000,0.010490,-0.012109,1.097216
1.280000,-0.029888,0.030390,1.137606
1.282000,0.013984,-0.012271,1.162633
1.284000,0.041054,0.017618,1.124324
1.286000,0.003439,-0.000380,1.107295
1.288000,-0.006747,-0.000846,1.161986
1.290000,-0.002840,-0.016708,1.153376
1.292000,0.012305,-0.001176,1.165378
1.294000,-0.034613,-0.015302,1.187124
1.296000,0.003288,0.003400,1.174872
1.298000,-0.007809,-0.004725,1.186623
1.300000,0.036957,-0.018893,1.197998
1.302000,-0.003483,0.019838,1.237395
1.304000,0.033358,0.008537,1.216601
1.306000,-0.022075,-0.008961,1.199287
1.308000,0.011745,0.002910,1.208082
1.310000,0.006388,-0.001676,1.242785
1.312000,-0.017381,-0.017352,1.225411
1.314000,0.003548,0.001410,1.224754
1.316000,0.024250,-0.012420,1.276711
1.318000,-0.006476,-0.018899,1.285690
1.320000,-0.033839,-0.032455,1.272637
1.322000,-0.000351,-0.007172,1.293873
1.324000,-0.018048,0.011339,1.299762
1.326000,-0.006847,-0.013893,1.316048
1.328000,-0.001632,0.050414,1.324095
1.330000,-0.034113,0.017714,1.267884
1.332000,-0.032313,0.026087,1.323190
1.334000,0.009641,0.015905,1.346358
1.336000,-0.010454,0.037057,1.335791
1.338000,-0.051295,-0.015740,1.352724
1.340000,0.015697,-0.051215,1.375014
1.342000,0.005447,-0.008923,1.369619
1.344000,-0.014277,0.011164,1.406158
1.346000,-0.026337,0.003030,1.406540
1.348000,0.016716,0.005509,1.389629
1.350000,0.006987,0.026418,1.396039
1.352000,0.047652,0.007641,1.350994
1.354000,0.008404,0.015978,1.409470
1.356000,0.007754,-0.018791,1.396935
1.358000,-0.003339,-0.021908,1.436425
1.360000,0.016336,0.032282,1.443057
1.362000,0.012502,0.002018,1.461917
1.364000,0.025035,-0.012465,1.483933
1.366000,-0.010426,-0.012428,1.463475
1.368000,-0.008708,-0.012982,1.517608
1.370000,-0.009582,-0.014179,1.484649
1.372000,0.015816,-0.025663,1.461796
1.374000,0.029967,-0.030008,1.484759
1.376000,-0.009177,-0.003900,1.492545
1.378000,-0.008495,-0.011859,1.511843
1.380000,0.006282,0.022143,1.481055
1.382000,-0.004915,0.005862,1.494040
1.384000,0.019041,0.005306,1.496779
1.386000,-0.045036,-0.014862,1.491038
1.388000,-0.016534,-0.002421,1.516228
1.390000,-0.015648,0.007220,1.512826
1.392000,-0.046407,0.014324,1.523331
1.394000,-0.019273,-0.001878,1.493379
1.396000,-0.018303,0.021582,1.524051
1.398000,-0.004022,0.000160,1.472720
1.400000,0.022259,0.015857,1.472232
1.402000,-0.004901,-0.009797,1.475724
1.404000,-0.020616,-0.036252,1.500184
1.406000,-0.001139,0.005367,1.524048
1.408000,0.020983,0.014506,1.487957
1.410000,-0.019519,0.011507,1.490466
1.412000,-0.018211,0.008444,1.495680
1.414000,0.011171,-0.006972,1.511457
1.416000,-0.004431,-0.016135,1.490447
1.418000,0.012950,0.011035,1.489332
1.420000,-0.000273,0.008529,1.473092
1.422000,0.014033,-0.011218,1.488566
1.424000,-0.020702,0.022188,1.523549
1.426000,-0.000242,-0.017657,1.501819
1.428000,-0.004214,-0.011670,1.485203
1.430000,-0.024318,0.032729,1.524723
1.432000,-0.031270,0.017372,1.488296
1.434000,0.013715,-0.007160,1.528399
1.436000,-0.007019,0.005748,1.528072
1.438000,-0.020446,0.003096,1.501120
1.440000,-0.001924,-0.054912,1.470029
1.442000,0.022560,-0.018129,1.545790
1.444000,-0.045615,-0.001017,1.507746
1.446000,-0.029933,-0.007132,1.493522
1.448000,-0.018458,0.004942,1.519123
1.450000,0.029224,0.022590,1.514046
1.452000,0.005652,-0.006431,1.526219
1.454000,0.015346,-0.021153,1.486753
1.456000,-0.022803,0.006497,1.506369
1.458000,-0.022391,-0.006532,1.476283
1.460000,0.008956,-0.003121,1.513327
1.462000,0.001165,-0.005835,1.499541
1.464000,0.010975,0.044837,1.505620
1.466000,-0.003753,-0.044814,1.497073
1.468000,0.005563,-0.007767,1.494980
1.470000,0.003162,-0.000074,1.482635
1.472000,0.015555,-0.015623,1.515809
1.474000,0.016140,0.017997,1.529794
1.476000,-0.032397,0.016265,1.488867
1.478000,-0.044945,-0.000955,1.511071
1.480000,0.020035,-0.005413,1.508644
1.482000,0.023755,-0.002239,1.500162
1.484000,-0.020412,-0.002096,1.469468
1.486000,-0.037197,-0.001567,1.473968
1.488000,0.001981,-0.003760,1.484380
1.490000,0.018617,0.005049,1.457220
1.492000,0.035952,0.015064,1.528161
1.494000,0.010326,-0.024605,1.507354
1.496000,-0.007434,-0.021013,1.499401
1.498000,-0.017863,-0.034970,1.456195
1.500000,0.000229,0.017328,1.463523
1.502000,-0.005985,0.005006,1.499953
1.504000,-0.020301,0.010105,1.539410
1.506000,0.040975,-0.028590,1.486027
1.508000,0.035703,0.035699,1.517276
1.510000,0.022721,-0.012177,1.490402
1.512000,-0.018417,0.003364,1.501105
1.514000,0.017100,0.017088,1.524294
1.516000,0.012793,-0.019740,1.493081
1.518000,0.008851,-0.010926,1.486198
1.520000,0.024993,0.003583,1.528361
1.522000,0.012707,0.057149,1.500911
1.524000,0.014800,0.006022,1.521824
1.526000,0.012738,0.032127,1.486295
1.528000,0.006816,0.024113,1.528133
1.530000,-0.035672,0.007360,1.505473
1.532000,0.001672,-0.019784,1.508696
1.534000,-0.011124,0.021195,1.502633
1.536000,-0.025597,-0.029962,1.489891
1.538000,0.033636,0.032018,1.499966
1.540000,0.034580,0.004000,1.491148
1.542000,0.027184,-0.053004,1.519191
1.544000,0.005104,-0.006810,1.495939
1.546000,0.027013,0.013079,1.470070
1.548000,0.000241,-0.004740,1.466412
1.550000,0.004056,0.014300,1.465466
1.552000,-0.021869,-0.017000,1.512359
1.554000,0.007940,-0.026120,1.476970
1.556000,0.001208,-0.001429,1.506002
1.558000,-0.026053,0.000631,1.502731
1.560000,-0.001024,-0.006968,1.498706
1.562000,-0.001595,0.024546,1.508768
1.564000,0.035951,-0.017004,1.503166
1.566000,0.017884,0.006263,1.445805
1.568000,0.000229,0.001359,1.493527
1.570000,0.004976,-0.031134,1.508502
1.572000,0.000884,-0.026381,1.532806
1.574000,-0.004058,0.000238,1.533729
1.576000,-0.021649,0.039624,1.472737
1.578000,-0.003021,0.011585,1.493005
1.580000,-0.014922,-0.034513,1.468678
1.582000,-0.025006,-0.062210,1.530398
1.584000,0.010224,0.014661,1.520257
1.586000,0.007825,-0.001924,1.507012
1.588000,-0.035734,0.022825,1.503322
1.590000,-0.002454,-0.017614,1.527613
1.592000,0.019914,0.007004,1.524227
1.594000,0.021184,0.016923,1.523161
1.596000,0.020517,-0.008949,1.509134
1.598000,0.000778,-0.008522,1.493015
1.600000,-0.016901,0.000505,1.515342
1.602000,-0.021674,0.010854,1.516321
1.604000,0.006892,-0.000287,1.496187
1.606000,0.007586,0.019480,1.492975
1.608000,0.025747,-0.009239,1.522666
1.610000,0.022000,-0.026568,1.533282
1.612000,-0.002645,0.039540,1.485012
1.614000,-0.024884,-0.012093,1.494732
1.616000,-0.006382,-0.011369,1.507019
1.618000,0.004345,-0.001316,1.509732
1.620000,-0.004042,0.001344,1.489553
1.622000,-0.011558,-0.007734,1.537670
1.624000,0.005058,-0.000349,1.508442
1.626000,-0.010079,-0.000795,1.510628
1.628000,-0.012561,0.003496,1.535178
1.630000,0.006229,-0.047150,1.491019
1.632000,-0.008040,0.037618,1.498231
1.634000,0.004882,-0.002946,1.474934
1.636000,0.005464,0.011612,1.496553
1.638000,-0.022789,-0.027562,1.470221
1.640000,-0.009625,-0.009420,1.514957
1.642000,0.028756,-0.013446,1.508400
1.644000,-0.023242,0.029394,1.494459
1.646000,-0.042333,-0.011716,1.497992
1.648000,-0.037237,0.015162,1.515229
1.650000,0.000582,-0.013008,1.477284
1.652000,0.000618,-0.009052,1.504083
1.654000,-0.002352,-0.004911,1.513990
1.656000,0.024284,0.025677,1.464355
1.658000,-0.053457,-0.037797,1.513699
1.660000,0.007919,-0.026313,1.466519
1.662000,0.031229,-0.038946,1.497648
1.664000,-0.022556,-0.021750,1.476732
1.666000,-0.007596,-0.016232,1.528625
1.668000,-0.015058,-0.032290,1.476858
1.670000,-0.017887,-0.014683,1.466996
1.672000,-0.006525,-0.040294,1.502667
1.674000,0.028550,-0.020360,1.491726
1.676000,0.036748,0.024008,1.469908
1.678000,-0.006719,0.008072,1.510516
1.680000,0.038101,0.003749,1.460170
1.682000,0.000712,-0.020056,1.479275
1.684000,0.035074,-0.030722,1.488496
1.686000,-0.001866,-0.022783,1.516044
1.688000,0.002621,-0.000864,1.525909
1.690000,0.007309,0.017364,1.522056
1.692000,0.063577,0.018047,1.496935
1.694000,0.017026,0.012612,1.451454
1.696000,-0.014145,-0.014751,1.507817
1.698000,0.019380,0.000491,1.529411
1.700000,-0.007237,-0.006427,1.524676
1.702000,-0.009795,-0.004024,1.509259
1.704000,0.018172,0.040743,1.476210
1.706000,0.000622,-0.035240,1.489494
1.708000,0.005572,-0.004694,1.538676
1.710000,0.000280,0.024235,1.471665
1.712000,0.006732,-0.029318,1.477043
1.714000,0.008499,-0.012875,1.518851
1.716000,-0.038739,-0.010581,1.491377
1.718000,0.013331,-0.004466,1.476365
1.720000,-0.019640,-0.031919,1.530559
1.722000,-0.028846,0.011906,1.509221
1.724000,-0.001168,0.013326,1.492364
1.726000,0.001680,0.010168,1.477085
1.728000,-0.013870,-0.017407,1.540948
1.730000,0.016621,0.001730,1.499511
1.732000,-0.026844,-0.017989,1.527947
1.734000,-0.008139,-0.006652,1.517873
1.736000,-0.011697,0.043069,1.489582
1.738000,-0.000932,0.001914,1.489741
1.740000,0.005577,-0.023751,1.528926
1.742000,-0.020158,0.003607,1.529250
1.744000,0.014486,-0.027036,1.462462
1.746000,0.001260,-0.023980,1.510996
1.748000,-0.037839,-0.020822,1.497576
1.750000,-0.039172,-0.008886,1.479334
1.752000,-0.000246,0.018739,1.505235
1.754000,-0.004419,0.011568,1.473008
1.756000,-0.002068,0.010460,1.490671
1.758000,-0.000560,-0.021978,1.484031
1.760000,0.004511,-0.010826,1.490004
1.762000,0.018953,0.005440,1.498570
1.764000,-0.022222,-0.012566,1.479689
1.766000,-0.023439,-0.005567,1.531464
1.768000,-0.021866,0.008827,1.509866
1.770000,0.005778,-0.006975,1.535891
1.772000,0.024899,0.004521,1.496798
1.774000,-0.008627,0.031855,1.489024
1.776000,-0.050034,-0.003437,1.535168
1.778000,-0.034080,0.023587,1.488439
1.780000,-0.016661,0.011187,1.496434
1.782000,-0.011155,-0.029345,1.514401
1.784000,-0.008168,-0.022043,1.475245
1.786000,0.000772,-0.016672,1.514226
1.788000,-0.006235,-0.017097,1.511667
1.790000,0.020987,-0.001806,1.525387
1.792000,-0.013520,0.012293,1.517801
1.794000,-0.017246,0.025103,1.526000
1.796000,0.009578,0.006164,1.497792
1.798000,-0.030713,-0.008914,1.482747
1.800000,0.007794,-0.041645,1.542200
1.802000,0.002051,0.001412,1.469466
1.804000,-0.002949,0.000515,1.471470
1.806000,0.031766,0.003659,1.511303
1.808000,-0.012444,0.042125,1.532500
1.810000,0.041206,0.024812,1.503791
1.812000,-0.004509,0.015701,1.519986
1.814000,-0.025540,-0.019242,1.460084
1.816000,0.001398,-0.010260,1.490009
1.818000,-0.021525,-0.001897,1.462521
1.820000,-0.015035,-0.015508,1.515608
1.822000,0.007941,0.010009,1.469055
1.824000,0.011112,0.007138,1.474444
1.826000,-0.012443,-0.021766,1.510281
1.828000,0.019748,0.023936,1.521236
1.830000,0.023150,0.002046,1.496821
1.832000,0.028726,-0.034581,1.511403
1.834000,0.010588,-0.001027,1.510756
1.836000,0.027269,0.005624,1.495691
1.838000,-0.037616,0.019456,1.478106
1.840000,-0.006358,-0.006750,1.511298
1.842000,-0.017340,0.016559,1.512262
1.844000,0.002385,0.003743,1.517880
1.846000,-0.011429,-0.026301,1.506241
1.848000,-0.003323,-0.028303,1.476630
1.850000,0.037643,0.022451,1.513807
1.852000,-0.003394,0.023920,1.499972
1.854000,0.008276,0.006458,1.490345
1.856000,-0.004645,0.029914,1.494107
1.858000,0.001514,0.021132,1.486195
1.860000,0.000120,0.013673,1.517777
1.862000,0.008966,-0.018226,1.471638
1.864000,0.023306,0.034629,1.480130
1.866000,0.032948,0.010726,1.493425
1.868000,0.006192,-0.007717,1.532275
1.870000,0.011791,-0.013365,1.521086
1.872000,-0.023017,0.005136,1.467183
1.874000,-0.001758,-0.033421,1.527027
1.876000,0.018806,0.013993,1.526988
1.878000,0.017319,-0.019071,1.476520
1.880000,0.004232,0.007412,1.449571
1.882000,0.017728,-0.010432,1.498556
1.884000,0.009815,-0.005288,1.522448
1.886000,0.024006,-0.015138,1.531825
1.888000,0.005787,-0.003225,1.482583
1.890000,-0.007114,0.037788,1.535040
1.892000,0.006717,0.027701,1.455441
1.894000,-0.058612,0.007090,1.492639
1.896000,0.007658,-0.000506,1.491656
1.898000,-0.072968,0.016884,1.523047
1.900000,-0.034469,0.022599,1.525966
1.902000,0.009035,-0.016596,1.519084
1.904000,0.009551,-0.001549,1.472989
1.906000,-0.023249,-0.036439,1.517252
1.908000,-0.014242,0.022462,1.510181
1.910000,0.027411,0.041300,1.466575
1.912000,-0.009681,0.001602,1.458660
1.914000,0.044858,-0.042500,1.520760
1.916000,-0.000038,0.012178,1.496398
1.918000,0.008161,-0.018082,1.474296
1.920000,0.032337,-0.013267,1.495837
1.922000,0.002621,0.012532,1.507281
1.924000,-0.020047,0.005091,1.498343
1.926000,-0.002195,-0.009762,1.468960
1.928000,-0.000712,-0.012992,1.537711
1.930000,-0.027295,0.002517,1.520084
1.932000,-0.005117,-0.008189,1.493292
1.934000,-0.014844,-0.022185,1.494098
1.936000,0.018487,-0.006651,1.507190
1.938000,0.000692,0.006792,1.477408
1.940000,-0.005656,-0.003562,1.506454
1.942000,-0.002124,-0.028270,1.473385
1.944000,0.004462,0.019781,1.498589
1.946000,0.012336,-0.054776,1.476629
1.948000,-0.019994,-0.008927,1.477638
1.950000,-0.020832,-0.012404,1.532914
1.952000,0.022094,0.002964,1.501185
1.954000,-0.008247,0.011233,1.504148
1.956000,-0.028337,0.022535,1.459772
1.958000,0.008876,-0.014248,1.488060
1.960000,0.009267,0.011732,1.509224
1.962000,-0.030614,0.003916,1.503883
1.964000,0.004590,-0.034231,1.456919
1.966000,0.014712,0.038011,1.504143
1.968000,0.007488,-0.028776,1.507331
1.970000,0.012640,0.008390,1.525675
1.972000,-0.028085,0.007799,1.486895
1.974000,0.006621,0.005513,1.455159
1.976000,-0.006052,-0.009892,1.480065
1.978000,-0.009656,0.016545,1.478059
1.980000,0.017411,-0.031207,1.514734
1.982000,0.029585,-0.001317,1.445665
1.984000,0.035887,-0.011277,1.491033
1.986000,0.026296,-0.013546,1.528516
1.988000,-0.002195,0.008575,1.500144
1.990000,0.007054,0.021550,1.517926
1.992000,0.015336,-0.006865,1.467164
1.994000,0.002424,0.015614,1.467960
1.996000,0.002615,0.000995,1.528745
1.998000,0.016475,-0.017855,1.502024
2.000000,-0.001186,-0.005159,1.502065
2.002000,-0.014586,-0.005990,1.477637
2.004000,-0.008289,-0.013933,1.502016
2.006000,0.012678,0.008570,1.477081
2.008000,0.000060,0.004693,1.523737
2.010000,0.006804,-0.031813,1.554557
2.012000,0.013402,-0.033031,1.509679
2.014000,-0.007497,0.008494,1.487301
2.016000,0.015125,-0.016306,1.449327
2.018000,0.007577,0.006041,1.466311
2.020000,-0.024696,0.015619,1.531097
2.022000,0.028846,-0.025419,1.479416
2.024000,-0.010015,-0.028231,1.492583
2.026000,-0.033102,0.033489,1.513107
2.028000,-0.020901,0.007031,1.529646
2.030000,-0.020421,-0.008385,1.496008
2.032000,0.001043,-0.018679,1.491907
2.034000,-0.005477,-0.010209,1.501432
2.036000,-0.006737,-0.023811,1.487447
2.038000,0.012394,0.017668,1.488524
2.040000,0.006798,-0.015535,1.508238
2.042000,0.006321,0.021871,1.503706
2.044000,0.008197,-0.008013,1.542632
2.046000,0.012323,-0.020867,1.508777
2.048000,-0.042159,-0.008526,1.523023
2.050000,-0.007289,-0.052483,1.478574
2.052000,-0.043604,-0.002415,1.510503
2.054000,0.000721,-0.003402,1.485540
2.056000,-0.000093,0.016495,1.507909
2.058000,0.020911,-0.037726,1.513770
2.060000,0.023753,0.023237,1.500997
2.062000,0.004056,0.016412,1.548147
2.064000,-0.010007,0.025041,1.528560
2.066000,0.009703,-0.001054,1.523545
2.068000,-0.010558,0.020278,1.515286
2.070000,-0.000028,-0.029425,1.535267
2.072000,0.019723,0.014261,1.471261
2.074000,-0.011155,-0.015423,1.527406
2.076000,0.016114,-0.033028,1.480175
2.078000,0.013548,-0.022483,1.488713
2.080000,-0.019096,0.000111,1.511228
2.082000,0.019478,-0.016486,1.524664
2.084000,0.013971,0.007521,1.476928
2.086000,0.002039,-0.036165,1.489749
2.088000,-0.015246,-0.042542,1.501951
2.090000,-0.017184,0.027448,1.496273
2.092000,-0.010753,0.018076,1.517081
2.094000,0.010852,-0.020986,1.568719
2.096000,-0.019113,-0.000060,1.508386
2.098000,0.008750,0.020390,1.485296
2.100000,-0.024835,0.008384,1.474070
2.102000,-0.004081,0.002964,1.493495
2.104000,0.002193,0.021903,1.481195
2.106000,0.048903,-0.014614,1.509351
2.108000,-0.027546,0.000624,1.509040
2.110000,0.029440,-0.000357,1.490737
2.112000,0.002997,-0.005455,1.539699
2.114000,0.008223,-0.007796,1.485291
2.116000,0.002367,0.001457,1.497611
2.118000,0.008895,0.000688,1.512783
2.120000,-0.003074,-0.020969,1.517841
2.122000,0.029081,0.016036,1.525552
2.124000,-0.009129,-0.019528,1.508570
2.126000,0.022645,-0.004365,1.521018
2.128000,-0.012887,-0.005906,1.486698
2.130000,-0.001205,0.007162,1.518362
2.132000,-0.021439,-0.042382,1.518095
2.134000,0.009100,0.017818,1.530258
2.136000,0.028903,-0.013540,1.466631
2.138000,-0.001547,0.024399,1.481856
2.140000,-0.003938,-0.009563,1.516463
2.142000,-0.022292,-0.000977,1.446973
2.144000,-0.004586,0.038276,1.509840
2.146000,-0.031856,-0.005547,1.521196
2.148000,-0.018258,0.024777,1.488472
2.150000,0.004536,0.000781,1.491396
2.152000,0.026380,0.008308,1.478517
2.154000,0.056184,0.001399,1.489569
2.156000,-0.011732,0.016957,1.490149
2.158000,0.028706,-0.013711,1.486343
2.160000,0.004875,-0.019681,1.485246
2.162000,-0.003025,-0.012772,1.494580
2.164000,0.008652,0.001994,1.494338
2.166000,0.001238,-0.004416,1.537483
2.168000,0.002208,0.014205,1.492116
2.170000,-0.008167,0.026095,1.506883
2.172000,-0.027962,-0.019517,1.488462
2.174000,-0.030873,-0.014679,1.488208
2.176000,0.013065,-0.028725,1.465913
2.178000,-0.005534,0.040607,1.468573
2.180000,-0.011922,0.006093,1.475860
2.182000,0.000170,0.009596,1.503674
2.184000,0.015899,-0.026804,1.521523
2.186000,0.003607,-0.000023,1.464267
2.188000,-0.013121,0.010185,1.489018
2.190000,0.024526,-0.005055,1.472662
2.192000,0.031584,0.021514,1.494714
2.194000,0.009891,0.046237,1.521515
2.196000,0.019473,-0.018941,1.491062
2.198000,0.024839,-0.020442,1.499050
2.200000,0.022602,-0.017555,1.529105
2.202000,0.012282,0.032124,1.509158
2.204000,0.011967,0.020847,1.484798
2.206000,0.010393,-0.002711,1.503178
2.208000,-0.021947,0.000731,1.483449
2.210000,0.014014,-0.016331,1.508410
2.212000,-0.027116,0.017801,1.510307
2.214000,-0.015892,-0.007598,1.472657
2.216000,0.026071,-0.005202,1.503503
2.218000,0.016804,0.012176,1.497649
2.220000,0.029748,-0.003760,1.510894
2.222000,-0.005433,-0.004699,1.516627
2.224000,-0.023045,0.000212,1.509549
2.226000,-0.004809,0.015907,1.493936
2.228000,0.002041,0.032930,1.518667
2.230000,0.001580,0.011710,1.482539
2.232000,0.022674,0.016066,1.473590
2.234000,-0.007225,-0.003997,1.436094
2.236000,0.007041,-0.014156,1.498597
2.238000,-0.019773,0.013080,1.483569
2.240000,0.009006,0.003425,1.507955
2.242000,0.000062,-0.028453,1.460575
2.244000,-0.014996,-0.006561,1.487056
2.246000,-0.004717,-0.001658,1.509405
2.248000,-0.003684,-0.010209,1.479403
2.250000,-0.005403,0.029635,1.508185
2.252000,0.035427,0.009597,1.488860
2.254000,-0.001969,0.027463,1.499344
2.256000,-0.004878,0.005269,1.511903
2.258000,-0.041949,0.001628,1.519056
2.260000,-0.017884,-0.018732,1.501850
2.262000,-0.005261,0.000239,1.483720
2.264000,-0.013717,0.000261,1.490839
2.266000,0.027634,-0.027342,1.512739
2.268000,-0.003299,-0.010791,1.479575
2.270000,0.025769,-0.006466,1.496439
2.272000,0.001234,0.008270,1.492282
2.274000,0.000745,0.009227,1.497933
2.276000,-0.001776,-0.011626,1.479814
2.278000,0.000076,0.009377,1.462961
2.280000,0.034376,-0.003642,1.510415
2.282000,-0.046392,-0.057392,1.519283
2.284000,-0.040031,-0.009694,1.464157
2.286000,-0.010863,0.021580,1.507379
2.288000,0.000291,-0.033636,1.521664
2.290000,0.013802,0.002254,1.511918
2.292000,0.009462,0.031705,1.491667
2.294000,-0.007685,-0.015212,1.481130
2.296000,0.020381,0.000043,1.501620
2.298000,0.020604,-0.026080,1.504956
2.300000,0.003681,0.032545,1.501916
2.302000,0.019253,-0.001667,1.496397
2.304000,0.005453,0.000933,1.478347
2.306000,-0.011230,0.027086,1.508454
2.308000,0.013956,0.013230,1.509417
2.310000,0.002212,-0.017513,1.504016
2.312000,0.000027,-0.012946,1.502220
2.314000,0.029459,0.009899,1.533585
2.316000,-0.049017,-0.012482,1.487512
2.318000,-0.028354,-0.042345,1.525629
2.320000,-0.023741,-0.001065,1.485320
2.322000,-0.007265,-0.029604,1.522179
2.324000,-0.005092,0.032326,1.524667
2.326000,-0.030147,0.003536,1.494139
2.328000,-0.019703,-0.018104,1.533219
2.330000,-0.017217,-0.013973,1.509381
2.332000,0.049148,-0.037788,1.482455
2.334000,0.036035,-0.021989,1.492517
2.336000,-0.008235,0.020326,1.522655
2.338000,-0.007272,0.044636,1.518461
2.340000,-0.022984,0.014528,1.478839
2.342000,-0.038163,-0.001841,1.497215
2.344000,-0.002338,-0.008639,1.504070
2.346000,-0.019957,-0.019130,1.489848
2.348000,-0.001697,0.041195,1.547156
2.350000,-0.032004,-0.003775,1.504673
2.352000,-0.015239,0.042313,1.498764
2.354000,0.002973,0.027870,1.523817
2.356000,0.007324,-0.034816,1.492696
2.358000,0.008349,-0.013319,1.520149
2.360000,-0.026410,-0.013381,1.466645
2.362000,0.017094,-0.001597,1.490927
2.364000,-0.016004,-0.001206,1.520981
2.366000,0.012657,0.059925,1.531404
2.368000,-0.000213,-0.021545,1.484534
2.370000,-0.027528,0.004579,1.482204
2.372000,-0.006324,0.012330,1.511349
2.374000,0.007307,-0.000031,1.487539
2.376000,0.012259,0.002204,1.494628
2.378000,-0.002820,-0.020896,1.517528
2.380000,0.030636,0.002130,1.489118
2.382000,0.020150,0.010228,1.460691
2.384000,-0.005133,0.006552,1.473978
2.386000,0.015002,0.011404,1.500199
2.388000,0.038676,0.028252,1.462732
2.390000,0.039210,0.018739,1.494057
2.392000,-0.024560,0.001426,1.472158
2.394000,-0.018531,-0.023435,1.532799
2.396000,0.029698,-0.012000,1.543303
2.398000,-0.021166,-0.004393,1.478836
2.400000,-0.026451,0.005047,1.505135
2.402000,-0.009724,-0.009567,1.480792
2.404000,0.008405,-0.018715,1.493814
2.406000,-0.002048,-0.023764,1.536069
2.408000,-0.013011,-0.033024,1.490666
2.410000,-0.013484,-0.004699,1.494279
2.412000,-0.014247,-0.029393,1.481149
2.414000,-0.017590,-0.020011,1.522924
2.416000,0.045633,-0.007878,1.434735
2.418000,0.005950,-0.026718,1.491144
2.420000,0.017735,0.007595,1.499082
2.422000,-0.009782,0.014804,1.486778
2.424000,-0.003719,-0.010989,1.517271
2.426000,-0.014271,-0.008741,1.524041
2.428000,-0.053034,0.010749,1.471759
2.430000,-0.027560,-0.014280,1.541870
2.432000,-0.036212,-0.015655,1.471535
2.434000,-0.044996,0.023930,1.525773
2.436000,-0.023907,0.017684,1.502997
2.438000,0.026499,0.012031,1.489926
2.440000,-0.000889,0.018513,1.491813
2.442000,0.025811,-0.039546,1.499330
2.444000,0.008220,0.027077,1.504168
2.446000,0.015651,0.007841,1.481597
2.448000,-0.018018,0.020216,1.495321
2.450000,0.010479,0.007743,1.484587
2.452000,0.014574,0.000978,1.475699
2.454000,-0.011533,-0.005506,1.483654
2.456000,0.011191,0.007343,1.477001
2.458000,0.011324,-0.006235,1.491597
2.460000,-0.010991,0.017358,1.508649
2.462000,-0.022455,-0.031729,1.502414
2.464000,-0.023683,-0.010832,1.539487
2.466000,0.001730,0.040896,1.455791
2.468000,0.006540,-0.012522,1.509387
2.470000,-0.015851,-0.004774,1.500128
2.472000,0.000532,-0.017652,1.516313
2.474000,0.011411,0.006717,1.514329
2.476000,0.012364,-0.014725,1.496700
2.478000,0.031038,-0.003712,1.503453
2.480000,0.025540,0.016977,1.485119
2.482000,-0.020026,-0.013975,1.512274
2.484000,0.033672,0.015772,1.462422
2.486000,-0.010620,0.016445,1.515537
2.488000,0.020897,0.021099,1.499537
2.490000,0.001360,0.002811,1.490259
2.492000,-0.008243,0.064825,1.495349
2.494000,-0.036154,0.021091,1.496816
2.496000,-0.003431,0.006498,1.525946
2.498000,-0.031188,-0.017518,1.564670
2.500000,0.019346,-0.001941,1.524397
2.502000,0.030336,0.028527,1.488693
2.504000,-0.015938,0.034191,1.512596
2.506000,0.006039,0.029567,1.513467
2.508000,-0.014508,0.015704,1.481497
2.510000,-0.012570,-0.025113,1.474784
2.512000,0.015490,0.009743,1.498734
2.514000,-0.000771,-0.024828,1.516154
2.516000,0.034793,-0.029749,1.467764
2.518000,-0.009645,0.004783,1.485582
2.520000,0.019987,0.010464,1.511453
2.522000,0.001948,0.018068,1.500834
2.524000,0.015916,0.009943,1.528325
2.526000,-0.008943,0.010632,1.471773
2.528000,-0.000991,-0.019693,1.547043
2.530000,-0.002310,-0.002100,1.469240
2.532000,-0.016721,-0.030142,1.459417
2.534000,0.013242,-0.040067,1.498822
2.536000,0.013005,0.014813,1.477311
2.538000,0.011871,-0.015062,1.499225
2.540000,0.030739,0.017450,1.498525
2.542000,0.028987,0.022167,1.496085
2.544000,-0.007499,-0.012386,1.483152
2.546000,0.007461,0.011806,1.508653
2.548000,-0.012472,-0.013223,1.493653
2.550000,0.000467,-0.036918,1.522073
2.552000,-0.011995,0.002466,1.496393
2.554000,0.032401,-0.009417,1.480707
2.556000,0.007274,-0.008802,1.466246
2.558000,-0.004361,0.039507,1.496558
2.560000,0.023872,-0.030517,1.474616
2.562000,-0.043412,0.007657,1.473001
2.564000,-0.040282,-0.019896,1.510549
2.566000,0.015917,0.018165,1.464447
2.568000,0.001209,0.005969,1.528244
2.570000,0.005009,0.007587,1.503194
2.572000,-0.026528,-0.018898,1.499123
2.574000,-0.000465,-0.015312,1.479305
2.576000,0.040070,0.018545,1.515287
2.578000,0.016484,0.035416,1.499942
2.580000,0.003394,0.009606,1.486278
2.582000,-0.008781,-0.017948,1.503996
2.584000,-0.007891,0.006779,1.466344
2.586000,-0.042584,0.048549,1.467293
2.588000,0.005153,0.002048,1.477596
2.590000,0.016910,0.029237,1.506991
2.592000,-0.031512,-0.014807,1.499935
2.594000,-0.013228,-0.000842,1.520980
2.596000,-0.023149,0.012391,1.481600
2.598000,-0.019307,0.007947,1.511493
2.600000,0.001070,-0.015328,1.497723
2.602000,-0.041688,-0.016190,1.481139
2.604000,0.012285,0.019766,1.507706
2.606000,0.015077,0.023831,1.498680
2.608000,-0.005022,0.030243,1.487418
2.610000,-0.049614,0.036079,1.500840
2.612000,-0.019928,0.002692,1.497409
2.614000,0.024658,-0.006224,1.496926
2.616000,-0.055560,0.027020,1.491748
2.618000,-0.006950,0.014261,1.473901
2.620000,-0.023600,-0.019649,1.501495
2.622000,0.016091,-0.020673,1.483946
2.624000,-0.013502,0.009839,1.479593
2.626000,0.008079,-0.003545,1.495186
2.628000,0.011309,-0.000529,1.514681
2.630000,0.036725,0.021451,1.503712
2.632000,-0.004059,0.015181,1.489377
2.634000,0.007521,0.026597,1.488573
2.636000,-0.029701,-0.038631,1.512716
2.638000,0.023808,0.005068,1.452065
2.640000,-0.015210,0.013894,1.515947
2.642000,-0.011215,-0.030532,1.462520
2.644000,-0.000445,-0.013098,1.471692
2.646000,-0.031258,-0.016810,1.489715
2.648000,0.004575,0.000434,1.543402
2.650000,0.019349,0.032557,1.533548
2.652000,0.005859,0.040452,1.514130
2.654000,-0.031778,-0.016286,1.507131
2.656000,-0.002476,0.010531,1.462754
2.658000,0.014841,0.011176,1.503135
2.660000,-0.037560,0.007753,1.489016
2.662000,-0.021495,0.007980,1.483667
2.664000,0.017531,0.006075,1.503096
2.666000,0.005402,0.033751,1.490578
2.668000,0.008239,0.022049,1.517386
2.670000,0.037190,-0.021203,1.461281
2.672000,0.009371,0.015914,1.501500
2.674000,0.013158,0.017847,1.482418
2.676000,0.054215,0.006299,1.491807
2.678000,-0.004276,0.022628,1.506093
2.680000,-0.015958,0.003761,1.477654
2.682000,0.008556,0.004009,1.503285
2.684000,0.008780,0.002425,1.495753
2.686000,-0.010534,-0.040365,1.486788
2.688000,-0.020648,-0.001608,1.490589
2.690000,0.046197,-0.013365,1.496909
2.692000,0.006537,-0.023729,1.484643
2.694000,-0.014646,0.028680,1.500142
2.696000,0.018319,0.010084,1.494436
2.698000,-0.002183,-0.000597,1.487774
2.700000,-0.005058,-0.011296,1.531797
2.702000,0.011245,0.005923,1.508305
2.704000,-0.025838,0.019829,1.492346
2.706000,0.007053,-0.016539,1.502917
2.708000,0.038259,-0.000097,1.479464
2.710000,0.009324,0.017361,1.491265
2.712000,-0.007524,-0.038720,1.493598
2.714000,-0.010142,-0.001151,1.475064
2.716000,-0.008207,-0.008586,1.507747
2.718000,-0.005079,-0.002677,1.489888
2.720000,-0.007556,-0.010033,1.492891
2.722000,0.018326,0.002752,1.488626
2.724000,-0.034664,0.038473,1.559182
2.726000,0.017240,-0.006478,1.486748
2.728000,-0.007594,0.005834,1.458626
2.730000,0.007539,0.039895,1.468001
2.732000,-0.022540,-0.011000,1.515186
2.734000,0.026573,0.036294,1.526729
2.736000,0.024913,0.000106,1.486364
2.738000,0.019192,0.035638,1.525579
2.740000,-0.030295,0.015004,1.514832
2.742000,0.016582,0.006142,1.496210
2.744000,0.008097,-0.001313,1.494791
2.746000,-0.032105,-0.012481,1.503617
2.748000,-0.000486,0.001516,1.517549
2.750000,0.007291,0.017947,1.507946
2.752000,0.011122,-0.000262,1.486464
2.754000,0.003545,-0.006332,1.496516
2.756000,0.005825,-0.005016,1.539625
2.758000,0.029472,0.019850,1.505024
2.760000,0.024521,0.024503,1.517387
2.762000,-0.057341,-0.013343,1.510798
2.764000,-0.006349,-0.013372,1.505467
2.766000,-0.003293,0.007587,1.502174
2.768000,-0.035042,0.030551,1.517948
2.770000,0.001884,0.022920,1.514373
2.772000,0.024975,-0.025037,1.505278
2.774000,-0.021731,-0.005282,1.486125
2.776000,0.006728,-0.018612,1.507711
2.778000,-0.018316,-0.005350,1.498660
2.780000,-0.013438,0.032088,1.493835
2.782000,0.029548,-0.028452,1.553576
2.784000,-0.010851,-0.032377,1.469219
2.786000,0.009244,-0.016571,1.519170
2.788000,-0.037424,0.005746,1.482747
2.790000,0.037246,0.012415,1.502624
2.792000,0.012053,0.008749,1.551372
2.794000,-0.003650,0.023514,1.480753
2.796000,0.011511,-0.035262,1.485523
2.798000,-0.028196,0.023767,1.499650
2.800000,0.023651,-0.006242,1.483056
2.802000,-0.006480,0.014630,1.517681
2.804000,-0.004081,-0.026469,1.489309
2.806000,-0.009833,0.000099,1.513080
2.808000,-0.011613,0.004725,1.473416
2.810000,0.013893,0.023115,1.463863
2.812000,0.005118,-0.031705,1.495420
2.814000,0.013035,0.000615,1.468630
2.816000,-0.000176,-0.021705,1.530365
2.818000,0.010264,0.010110,1.469404
2.820000,-0.008377,0.015544,1.479246
2.822000,0.044595,0.025743,1.508272
2.824000,-0.031359,-0.010701,1.488273
2.826000,0.025219,0.018545,1.469632
2.828000,0.027358,0.027218,1.540799
2.830000,-0.017043,-0.032865,1.479967
2.832000,0.044585,0.012247,1.496075
2.834000,0.019910,0.019170,1.495816
2.836000,0.019423,-0.005175,1.514206
2.838000,0.000560,-0.024215,1.509247
2.840000,-0.004345,0.018859,1.483464
2.842000,-0.004188,-0.023990,1.493483
2.844000,0.007811,-0.003567,1.495462
2.846000,0.028024,-0.000802,1.514979
2.848000,0.003626,0.014311,1.476634
2.850000,-0.018229,-0.012533,1.540362
2.852000,0.016489,-0.013692,1.484816
2.854000,0.018423,0.001978,1.499825
2.856000,0.013093,0.020128,1.476800
2.858000,0.014910,0.045749,1.474037
2.860000,-0.005419,-0.030150,1.482511
2.862000,-0.018580,0.006307,1.480590
2.864000,-0.017364,-0.021731,1.491715
2.866000,-0.032709,0.020376,1.480421
2.868000,0.004739,-0.018771,1.513911
2.870000,-0.001669,-0.013493,1.484340
2.872000,-0.008800,-0.011785,1.482124
2.874000,-0.059112,-0.001524,1.492141
2.876000,-0.024946,0.006464,1.515857
2.878000,0.022417,0.009674,1.492298
2.880000,-0.013293,-0.000115,1.478006
2.882000,0.007212,-0.026598,1.443339
2.884000,-0.027814,0.014556,1.441146
2.886000,0.028774,-0.001059,1.430432
2.888000,-0.002881,0.023235,1.474137
2.890000,0.005801,-0.014155,1.450611
2.892000,0.046516,-0.032045,1.414768
2.894000,0.030329,-0.000681,1.412713
2.896000,-0.006131,0.025919,1.399494
2.898000,-0.011864,0.003219,1.390283
2.900000,-0.006511,-0.003993,1.409206
2.902000,0.010198,-0.017407,1.386249
2.904000,-0.002104,0.035155,1.425623
2.906000,-0.007905,-0.020592,1.401007
2.908000,0.029344,-0.014508,1.394190
2.910000,-0.002284,0.011401,1.373427
2.912000,0.045992,-0.037120,1.343547
2.914000,0.001815,0.025492,1.355956
2.916000,0.035706,0.012484,1.329023
2.918000,0.007146,0.017985,1.360606
2.920000,0.019259,0.011162,1.328086
2.922000,-0.014492,-0.003222,1.317247
2.924000,-0.017075,-0.021263,1.306541
2.926000,0.009194,-0.002802,1.330805
2.928000,0.019771,-0.019505,1.259325
2.930000,0.000805,0.009723,1.316766
2.932000,-0.025728,0.016136,1.268277
2.934000,-0.027205,0.029536,1.235877
2.936000,-0.028543,0.007435,1.240956
2.938000,-0.035352,0.018492,1.214984
2.940000,0.002190,-0.005943,1.253073
2.942000,0.022501,-0.009566,1.211234
2.944000,-0.000268,0.009473,1.227373
2.946000,-0.045208,-0.007729,1.238684
2.948000,-0.003815,0.005384,1.194560
2.950000,-0.003256,-0.021224,1.194638
2.952000,0.041920,-0.017633,1.165933
2.954000,-0.029143,0.012708,1.176233
2.956000,-0.007814,0.017734,1.227480
2.958000,0.034117,-0.019713,1.183559
2.960000,0.009000,0.013412,1.154705
2.962000,0.011266,-0.010655,1.139766
2.964000,0.002292,0.000330,1.143147
2.966000,0.006599,0.028339,1.138601
2.968000,0.015552,0.016150,1.119619
2.970000,-0.016190,0.015917,1.130601
2.972000,0.017561,0.038176,1.092931
2.974000,-0.027460,-0.014078,1.084832
2.976000,0.006567,-0.019717,1.103404
2.978000,0.003575,-0.014442,1.064627
2.980000,-0.012326,-0.005090,1.094580
2.982000,-0.000454,-0.047091,1.071714
2.984000,-0.012451,-0.004149,1.027442
2.986000,-0.021434,-0.010891,1.058190
2.988000,-0.007072,0.015675,1.014297
2.990000,-0.022080,0.007048,1.053867
2.992000,0.006456,-0.012014,1.027026
2.994000,-0.023002,0.011799,1.061022
2.996000,0.014240,0.014465,1.037426
2.998000,-0.023630,-0.015371,0.986786
3.000000,-0.011326,-0.009860,0.959585
3.002000,-0.012492,-0.044507,0.976898
3.004000,0.026503,-0.021813,0.959575
3.006000,0.006606,-0.014849,1.012515
3.008000,-0.004235,0.001483,0.967794
3.010000,0.009974,-0.018908,0.978668
3.012000,-0.042144,-0.010269,0.946299
3.014000,-0.000863,-0.024507,0.940407
3.016000,0.039950,0.003422,0.935347
3.018000,0.002647,0.008514,0.950131
3.020000,0.001358,0.008047,0.926232
3.022000,0.010963,0.000247,0.890853
3.024000,0.017912,-0.030821,0.936450
3.026000,-0.039949,-0.012399,0.890144
3.028000,-0.033647,-0.008146,0.878890
3.030000,0.004206,-0.008066,0.823410
3.032000,-0.014298,0.001500,0.884688
3.034000,0.026241,0.028511,0.866020
3.036000,-0.006303,0.016242,0.857999
3.038000,-0.038691,-0.019750,0.839944
3.040000,-0.025360,0.013568,0.828496
3.042000,-0.054994,0.012806,0.824608
3.044000,-0.004683,-0.016121,0.833263
3.046000,-0.003768,0.016977,0.828782
3.048000,-0.008489,-0.003208,0.803379
3.050000,0.021578,-0.028199,0.818979
3.052000,0.023970,0.009104,0.790421
3.054000,-0.003408,0.004339,0.773915
3.056000,-0.042694,-0.004554,0.779968
3.058000,0.012346,-0.000749,0.740812
3.060000,0.011107,-0.014382,0.764654
3.062000,0.006188,0.012203,0.721156
3.064000,0.019630,-0.000869,0.723445
3.066000,-0.023297,0.003329,0.695626
3.068000,0.040175,0.007143,0.724498
3.070000,-0.019189,-0.023092,0.752193
3.072000,0.014984,-0.017886,0.709658
3.074000,-0.033747,-0.044199,0.716872
3.076000,-0.018605,0.011295,0.743046
3.078000,0.030327,-0.024244,0.696081
3.080000,-0.005218,0.002651,0.664696
3.082000,0.016798,0.007420,0.659449
3.084000,0.004739,0.012047,0.664013
3.086000,-0.002099,-0.024080,0.643342
3.088000,0.027277,-0.001303,0.636838
3.090000,-0.004733,0.033406,0.659705
3.092000,-0.035615,0.034286,0.652523
3.094000,-0.016065,0.019746,0.591062
3.096000,0.011024,0.006750,0.599637
3.098000,0.007910,-0.020102,0.598720
3.100000,-0.031341,0.014372,0.611982
3.102000,-0.014487,-0.003160,0.614862
3.104000,-0.011634,0.011211,0.638039
3.106000,-0.007309,-0.012657,0.566687
3.108000,-0.027518,-0.003459,0.559685
3.110000,-0.012567,0.003283,0.571771
3.112000,-0.014572,0.004926,0.538356
3.114000,0.015431,0.009874,0.541181
3.116000,0.016182,-0.011584,0.527699
3.118000,-0.002916,-0.026866,0.475567
3.120000,-0.007841,0.032496,0.522465
3.122000,0.002798,0.049785,0.508353
3.124000,-0.016332,0.008948,0.529425
3.126000,-0.022937,-0.026480,0.496110
3.128000,-0.018804,-0.015464,0.462905
3.130000,-0.012696,0.010182,0.474838
3.132000,-0.023269,0.026822,0.430178
3.134000,0.003241,-0.024258,0.439782
3.136000,0.014594,-0.002487,0.468710
3.138000,-0.031742,0.003919,0.443053
3.140000,0.000503,0.017292,0.458450
3.142000,-0.004399,-0.006872,0.392662
3.144000,0.006830,-0.031276,0.419151
3.146000,-0.000259,0.012424,0.406490
3.148000,-0.029072,0.022496,0.427117
3.150000,-0.025248,-0.001652,0.413455
3.152000,0.000588,0.008105,0.404845
3.154000,0.020576,-0.009490,0.414828
3.156000,-0.044284,-0.016915,0.368638
3.158000,0.006915,0.020529,0.394702
3.160000,0.023792,0.007750,0.339116
3.162000,-0.003061,0.009807,0.330382
3.164000,0.011004,0.030042,0.359055
3.166000,-0.014061,-0.021097,0.305905
3.168000,-0.002387,-0.011041,0.339455
3.170000,-0.032418,0.003159,0.322026
3.172000,-0.046887,-0.011286,0.333437
3.174000,0.018855,0.015663,0.302811
3.176000,-0.019700,-0.003748,0.297121
3.178000,-0.009111,-0.019851,0.298185
3.180000,-0.027729,0.001315,0.266747
3.182000,-0.028199,0.003407,0.257876
3.184000,-0.003477,0.018694,0.273489
3.186000,-0.014592,0.007863,0.255414
3.188000,0.007559,0.009223,0.239854
3.190000,0.009051,0.006406,0.238344
3.192000,0.006417,-0.003764,0.263891
3.194000,0.004772,-0.014324,0.215140
3.196000,0.031555,0.005777,0.206560
3.198000,-0.021352,-0.006662,0.173851
3.200000,-0.001099,0.033796,0.199153
3.202000,0.022654,0.026844,0.205138
3.204000,0.025291,0.012657,0.200724
3.206000,-0.028435,0.007569,0.178164
3.208000,-0.006247,-0.001759,0.187117
3.210000,0.027162,-0.025222,0.174625
3.212000,0.010162,-0.004323,0.174259
3.214000,0.003905,0.002028,0.163686
3.216000,-0.004354,0.004589,0.167400
3.218000,-0.007676,0.009391,0.124606
3.220000,0.005764,0.018427,0.093459
3.222000,-0.005047,-0.013843,0.125274
3.224000,-0.000852,-0.013662,0.119611
3.226000,0.001572,0.029017,0.127400
3.228000,-0.013561,0.015420,0.113626
3.230000,0.010643,-0.007815,0.118909
3.232000,0.058285,-0.002144,0.084397
3.234000,-0.035540,-0.002054,0.068576
3.236000,0.006480,0.000631,0.028300
3.238000,-0.015204,0.009454,0.054162
3.240000,0.011548,0.050700,0.028950
3.242000,0.000931,0.003795,0.036230
3.244000,0.015237,0.013252,0.025090
3.246000,0.023510,-0.033730,0.025435
3.248000,0.003848,-0.009698,0.006053
3.250000,0.022641,0.024576,0.018700
3.252000,-0.046886,0.008046,-0.054463
3.254000,0.031809,-0.087782,0.003800
3.256000,0.007501,0.013480,0.024050
3.258000,0.021557,0.038363,0.037401
3.260000,-0.024398,-0.039918,0.014639
3.262000,-0.016615,0.030388,0.033698
3.264000,0.002919,-0.055439,0.003379
3.266000,-0.000341,0.018760,0.000057
3.268000,0.005661,-0.000173,0.010588
3.270000,0.021690,-0.046999,-0.000064
3.272000,-0.035304,0.008923,-0.015647
3.274000,0.019476,0.023017,-0.010305
3.276000,0.000166,0.007278,-0.022243
3.278000,-0.004076,0.011697,0.010568
3.280000,-0.029422,-0.008234,0.000228
3.282000,0.010061,-0.037228,-0.007206
3.284000,-0.048282,0.013837,-0.011334
3.286000,0.012968,0.034995,0.010101
3.288000,-0.029842,0.022592,0.015609
3.290000,0.001069,-0.039758,-0.022610
3.292000,-0.002383,-0.030298,-0.025754
3.294000,0.023391,-0.016919,0.019090
3.296000,-0.003573,-0.031860,-0.027503
3.298000,-0.013883,0.000884,0.010950
3.300000,-0.010132,0.007868,0.032338
3.302000,0.025458,-0.028605,0.032385
3.304000,0.010726,0.015543,0.014757
3.306000,-0.007713,0.012022,0.014176
3.308000,-0.004729,-0.010963,0.045038
3.310000,-0.031344,-0.003450,-0.046688
3.312000,0.007769,-0.038996,-0.009287
3.314000,-0.035196,-0.006645,0.016970
3.316000,0.015036,0.000148,-0.006746
3.318000,0.002572,0.003375,0.024796
3.320000,0.047739,0.007578,-0.000787
3.322000,-0.022003,0.004885,0.002635
3.324000,-0.002053,-0.005287,-0.005493
3.326000,0.035966,0.005724,-0.010450
3.328000,0.023828,0.020041,-0.010942
3.330000,-0.013924,-0.001910,0.005423
3.332000,0.004479,0.006352,-0.015491
3.334000,0.000040,-0.003723,0.019064
3.336000,0.005639,-0.012935,0.013065
3.338000,-0.013974,0.010458,0.021988
3.340000,-0.001786,-0.011105,-0.022578
3.342000,-0.031961,0.007723,-0.033990
3.344000,0.002702,0.000565,-0.000084
3.346000,0.009000,-0.006079,0.057976
3.348000,-0.004548,-0.006563,0.025324
3.350000,-0.032301,-0.010162,-0.011089
3.352000,0.019771,-0.032916,0.008490
3.354000,0.007291,0.007658,0.014552
3.356000,-0.014520,0.004631,-0.027368
3.358000,-0.005612,0.016993,0.027393
3.360000,-0.030013,-0.010629,-0.003348
3.362000,-0.020508,0.037908,-0.001814
3.364000,-0.010756,-0.007595,0.000476
3.366000,0.024568,-0.017502,0.022891
3.368000,-0.012790,-0.019874,-0.015104
3.370000,0.012804,-0.034678,-0.034139
3.372000,-0.010766,0.030653,0.006459
3.374000,0.004959,0.027421,-0.040873
3.376000,-0.002828,0.012015,-0.006022
3.378000,0.017461,-0.017922,0.023737
3.380000,-0.010696,0.036225,0.011582
3.382000,-0.031451,-0.007034,0.020847
3.384000,-0.027639,-0.005381,0.012407
3.386000,-0.010638,0.028745,0.048207
3.388000,-0.024981,0.013178,-0.011765
3.390000,0.008204,0.044022,0.007963
3.392000,-0.009315,0.004974,-0.008762
3.394000,0.047492,-0.007941,0.019136
3.396000,-0.034754,-0.012236,-0.001231
3.398000,0.004073,-0.036940,0.034377
3.400000,-0.022559,-0.005572,-0.010616
3.402000,-0.009868,0.022892,0.028143
3.404000,0.002828,0.011977,0.011863
3.406000,-0.046507,0.000406,-0.000649
3.408000,0.004737,-0.019899,0.010849
3.410000,0.038058,0.004537,0.005225
3.412000,-0.009069,0.020256,0.007119
3.414000,0.005196,0.008614,-0.004137
3.416000,0.020498,0.003335,-0.014032
3.418000,-0.003279,-0.015939,-0.006701
3.420000,-0.011619,0.017344,-0.033663
3.422000,-0.045515,-0.062638,0.016839
3.424000,0.012820,0.007657,-0.024703
3.426000,-0.002263,0.051406,-0.004353
3.428000,-0.020254,-0.030167,0.012961
3.430000,0.002532,-0.004827,0.016788
3.432000,-0.011674,-0.000158,-0.035493
3.434000,-0.010569,-0.009252,-0.001837
3.436000,0.012126,0.020727,0.009195
3.438000,-0.026768,0.009449,0.001040
3.440000,0.020946,0.003046,0.026881
3.442000,-0.027954,0.015945,-0.016436
3.444000,-0.013254,0.000335,-0.040981
3.446000,0.038459,0.063597,0.016207
3.448000,0.022547,0.003027,-0.010742
3.450000,0.001952,0.003906,-0.035171
3.452000,-0.018811,-0.034209,-0.003170
3.454000,-0.010585,-0.010869,0.024611
3.456000,0.001466,0.022948,-0.025265
3.458000,0.000750,-0.026709,0.046720
3.460000,-0.001817,-0.043151,-0.016758
3.462000,-0.000617,0.000646,0.001740
3.464000,-0.004288,0.027415,-0.024383
3.466000,-0.028840,0.000848,0.000832
3.468000,-0.010330,-0.006722,-0.002675
3.470000,0.018292,-0.037170,-0.029790
3.472000,-0.027367,0.009045,0.056517
3.474000,-0.003791,0.013226,-0.009907
3.476000,-0.016395,-0.035635,-0.009889
3.478000,0.002227,0.022691,0.019381
3.480000,-0.007773,0.015314,0.036285
3.482000,0.029548,0.022646,0.022529
3.484000,0.010132,0.011671,-0.024024
3.486000,-0.026236,0.013074,0.004278
3.488000,0.013425,0.010414,-0.037627
3.490000,-0.015493,0.017369,0.018034
3.492000,-0.011540,-0.036375,-0.032704
3.494000,0.006276,-0.030021,-0.016064
3.496000,-0.009835,-0.014720,-0.000064
3.498000,0.017857,-0.002596,0.008900
3.500000,-0.015490,0.007763,-0.005219
3.502000,-0.012379,0.006494,0.030382
3.504000,-0.013127,0.022342,0.014465
3.506000,-0.011313,0.022970,0.012894
3.508000,0.021984,-0.017448,-0.024588
3.510000,0.012576,0.004772,0.033987
3.512000,0.034199,-0.016957,-0.016061
3.514000,0.045353,-0.003765,0.034751
3.516000,-0.020614,0.006436,0.040444
3.518000,0.001408,-0.068174,0.010253
3.520000,-0.023524,0.048225,0.020640
3.522000,-0.015552,0.011328,-0.061658
3.524000,-0.012602,-0.011914,-0.003900
3.526000,-0.021143,0.038547,0.022043
3.528000,-0.021038,-0.006949,0.018490
3.530000,-0.002886,0.002650,-0.024394
3.532000,-0.024334,-0.009742,-0.005874
3.534000,0.016843,0.033040,-0.050727
3.536000,-0.018355,-0.002100,0.008260
3.538000,0.056191,0.002990,-0.037667
3.540000,-0.009028,0.024076,0.022610
3.542000,0.001440,0.011703,0.023654
3.544000,-0.025907,-0.001087,-0.009487
3.546000,0.034122,0.022208,0.010426
3.548000,0.022390,0.050770,-0.004342
3.550000,0.005938,0.006348,0.004838
3.552000,-0.026936,0.002335,-0.022945
3.554000,0.004213,0.003413,0.012450
3.556000,-0.022429,0.026209,-0.032824
3.558000,0.029247,-0.011984,-0.036599
3.560000,0.016184,-0.005566,-0.002439
3.562000,0.001909,-0.030749,-0.004225
3.564000,-0.048728,-0.023677,0.005446
3.566000,-0.019668,-0.010356,-0.012990
3.568000,0.013755,-0.001119,0.037714
3.570000,0.024258,0.035382,0.003212
3.572000,0.022183,0.010720,0.004658
3.574000,-0.031840,-0.018242,0.003945
3.576000,0.006031,-0.014560,0.020058
3.578000,0.020310,0.027495,0.011520
3.580000,-0.033167,0.022532,0.008840
3.582000,-0.000158,0.000563,0.014720
3.584000,0.005477,-0.008851,-0.036492
3.586000,-0.006015,0.022499,-0.035737
3.588000,-0.037043,-0.019867,-0.001521
3.590000,-0.006514,0.007841,-0.003953
3.592000,-0.006546,0.045453,0.011596
3.594000,-0.002961,0.004107,0.000400
3.596000,-0.011269,-0.015512,0.011637
3.598000,-0.008860,0.008207,-0.024912
3.600000,-0.000794,-0.009400,-0.000215
3.602000,0.008849,-0.027882,-0.026821
3.604000,-0.006089,0.014021,0.007737
3.606000,-0.008193,0.022357,-0.037566
3.608000,0.001847,-0.006218,0.006966
3.610000,-0.038418,-0.007545,-0.029380
3.612000,0.009541,-0.019231,-0.007671
3.614000,-0.000011,-0.002999,0.017899
3.616000,0.000794,-0.011247,0.004548
3.618000,0.019215,-0.020221,-0.032913
3.620000,-0.039056,0.037843,-0.013448
3.622000,-0.039477,0.009330,-0.030028
3.624000,0.005476,0.011448,-0.033895
3.626000,-0.000142,0.017668,0.002353
3.628000,0.003404,0.015421,0.011206
3.630000,-0.009243,-0.008262,0.008812
3.632000,0.013287,0.005451,0.012053
3.634000,0.018653,-0.005381,-0.000238
3.636000,0.009680,0.008769,-0.005468
3.638000,-0.005217,0.006834,-0.021461
3.640000,-0.042154,-0.007653,-0.008802
3.642000,0.015385,-0.026586,-0.026427
3.644000,0.024435,0.002925,-0.016903
3.646000,0.012891,-0.004085,0.001779
3.648000,-0.017593,-0.037807,-0.002356
3.650000,0.013476,0.010153,0.061295
3.652000,0.017211,0.019307,-0.026916
3.654000,0.031176,0.050567,-0.002502
3.656000,-0.017522,-0.007824,-0.028475
3.658000,-0.004529,-0.010774,-0.007756
3.660000,0.014945,-0.022188,-0.006942
3.662000,0.001148,0.004173,0.016898
3.664000,-0.022347,0.004046,-0.008993
3.666000,0.008292,-0.016226,-0.003826
3.668000,0.011573,-0.003499,-0.008606
3.670000,0.001759,-0.039573,-0.028021
3.672000,0.004392,0.018528,-0.013042
3.674000,-0.005174,-0.015414,-0.007639
3.676000,0.029566,-0.000693,0.001477
3.678000,-0.018014,-0.028534,0.011179
3.680000,-0.011746,-0.011647,-0.004692
3.682000,0.000220,-0.005592,-0.005044
3.684000,0.017579,-0.000226,-0.034416
3.686000,-0.029947,0.009595,0.010795
3.688000,-0.026206,0.028782,-0.013918
3.690000,-0.040755,0.014654,0.014942
3.692000,0.000654,0.019243,0.026329
3.694000,-0.022366,0.028922,-0.003758
3.696000,-0.007691,0.011394,-0.020466
3.698000,0.013228,-0.000734,-0.000334
3.700000,-0.012831,0.020182,0.006974
3.702000,0.004626,0.021460,-0.006310
3.704000,-0.005987,0.012971,-0.011281
3.706000,0.013442,-0.029093,0.011271
3.708000,0.009503,-0.016829,0.009952
3.710000,-0.013839,-0.005497,-0.006926
3.712000,-0.003373,0.015592,-0.033081
3.714000,0.020875,-0.000427,0.009128
3.716000,0.007868,0.022737,-0.015347
3.718000,-0.027939,0.026305,0.004287
3.720000,0.013112,0.023983,0.003023
3.722000,-0.021692,0.024111,-0.037779
3.724000,0.028250,-0.020740,0.001622
3.726000,0.020482,0.009653,0.010291
3.728000,0.005798,-0.012151,0.012743
3.730000,0.003145,-0.032981,0.002347
3.732000,-0.004181,-0.005749,-0.039544
3.734000,0.013570,0.026495,0.025542
3.736000,-0.007416,0.009215,0.008220
3.738000,0.004711,0.040356,-0.024066
3.740000,0.017439,0.003545,-0.015755
3.742000,-0.011236,0.048956,0.004624
3.744000,-0.012324,0.003550,0.013596
3.746000,-0.023887,0.000450,-0.009759
3.748000,-0.021289,-0.025588,0.016511
3.750000,-0.036568,0.022211,-0.035855
3.752000,0.014597,-0.010043,-0.020849
3.754000,0.036178,-0.012941,-0.041287
3.756000,0.028507,0.025625,-0.017948
3.758000,-0.032522,0.023164,0.030162
3.760000,0.014497,0.022641,0.041156
3.762000,0.028442,-0.007244,0.004692
3.764000,-0.009136,-0.001020,-0.012769
3.766000,0.002029,-0.001197,-0.004433
3.768000,-0.040158,0.015650,0.009467
3.770000,0.005335,0.031071,-0.031260
3.772000,-0.021271,0.007363,-0.011450
3.774000,0.003993,0.039498,0.028698
3.776000,-0.031224,0.017944,-0.020914
3.778000,0.010857,-0.004696,-0.014980
3.780000,0.020490,0.016574,0.000264
3.782000,-0.015664,0.034119,0.005663
3.784000,-0.022738,0.039966,-0.012500
3.786000,-0.043120,0.023738,0.001539
3.788000,-0.005328,0.000513,0.012159
3.790000,-0.011632,-0.004334,0.039229
3.792000,-0.031020,0.011521,-0.002525
3.794000,0.009060,0.033479,-0.000826
3.796000,-0.008999,0.008675,0.030549
3.798000,-0.021515,0.009091,-0.010983
3.800000,-0.011091,0.001028,-0.026487
3.802000,0.021426,-0.006558,0.005005
3.804000,0.012059,-0.003243,0.021524
3.806000,-0.002601,0.002709,0.007221
3.808000,0.012382,0.034362,-0.001940
3.810000,-0.023218,-0.004794,-0.028968
3.812000,0.000647,0.001052,-0.001167
3.814000,0.002946,-0.017308,0.024663
3.816000,-0.009397,0.014333,-0.024682
3.818000,0.008709,0.027334,-0.004895
3.820000,-0.015609,0.032490,-0.007750
3.822000,0.010196,0.004067,-0.013954
3.824000,0.011037,0.011487,0.004958
3.826000,-0.058343,-0.003071,0.008866
3.828000,0.023806,0.010560,0.008657
3.830000,-0.060953,0.006279,-0.019536
3.832000,-0.012321,0.001165,-0.032920
3.834000,0.020507,0.002755,0.005248
3.836000,-0.006346,0.009038,-0.010118
3.838000,-0.029324,-0.005883,0.036766
3.840000,-0.021875,-0.004850,0.037690
3.842000,0.020538,0.034147,0.039814
3.844000,-0.038430,0.054211,-0.018802
3.846000,0.022580,-0.024087,0.011387
3.848000,-0.001102,-0.025189,0.017419
3.850000,-0.023848,-0.019143,0.015167
3.852000,-0.011662,-0.002066,-0.007088
3.854000,-0.020344,0.017916,0.025583
3.856000,0.017325,0.011825,0.000009
3.858000,0.014649,0.003441,0.002562
3.860000,-0.034383,0.010579,-0.030757
3.862000,-0.008072,-0.013842,0.012895
3.864000,-0.017264,-0.004882,-0.005208
3.866000,0.025870,-0.000402,0.009296
3.868000,-0.027002,-0.031684,0.004702
3.870000,0.032085,-0.023226,0.003619
3.872000,-0.000666,-0.022431,-0.000914
3.874000,-0.023239,0.015282,0.015732
3.876000,-0.013545,0.004907,-0.003978
3.878000,-0.016032,0.012221,-0.029104
3.880000,-0.025492,-0.036793,0.011379
3.882000,0.001897,-0.029671,-0.016180
3.884000,-0.024558,0.013264,-0.026485
3.886000,-0.043607,-0.055573,-0.020445
3.888000,-0.007594,0.024493,0.005667
3.890000,-0.036057,-0.036466,-0.001930
3.892000,-0.015043,0.016867,-0.042654
3.894000,-0.018182,-0.017772,-0.007673
3.896000,-0.017424,0.020978,0.023385
3.898000,0.040019,0.064163,-0.009026
3.900000,0.001128,-0.045464,-0.003310
3.902000,0.004907,0.013908,0.020860
3.904000,-0.035528,-0.036163,0.015910
3.906000,-0.013079,0.008535,0.020435
3.908000,0.004306,-0.004135,-0.055451
3.910000,-0.020491,0.002596,0.034670
3.912000,0.018161,-0.018234,0.012728
3.914000,-0.024054,0.015611,0.049230
3.916000,-0.005727,-0.028967,-0.015647
3.918000,-0.011721,0.024833,-0.035269
3.920000,0.003286,-0.008185,0.000144
3.922000,-0.012810,-0.028054,-0.005507
3.924000,-0.005418,0.031899,0.013073
3.926000,-0.004723,-0.001347,0.021499
3.928000,-0.014688,0.038153,-0.001746
3.930000,0.009702,0.024427,-0.004814
3.932000,0.004768,-0.015963,0.010454
3.934000,-0.001772,-0.001700,-0.005127
3.936000,-0.008609,0.002421,-0.006800
3.938000,0.015931,0.030526,0.020743
3.940000,-0.004717,0.008750,0.025196
3.942000,-0.006134,0.003526,0.021679
3.944000,0.002094,-0.003998,-0.003365
3.946000,0.033932,-0.001011,-0.042796
3.948000,-0.026807,0.026092,-0.002964
3.950000,0.015397,0.000074,-0.015160
3.952000,-0.037863,-0.007900,-0.002595
3.954000,0.004345,-0.011290,-0.013422
3.956000,0.031502,-0.011075,-0.000415
3.958000,0.009773,-0.028042,-0.020786
3.960000,0.003413,-0.015008,-0.025614
3.962000,-0.011209,0.029968,0.024454
3.964000,0.000621,-0.004132,-0.019393
3.966000,-0.005041,0.014088,0.000007
3.968000,-0.015720,-0.049575,0.019090
3.970000,-0.005798,0.011366,0.018286
3.972000,0.003968,-0.003227,0.015897
3.974000,-0.015344,-0.009629,0.006057
3.976000,-0.016126,0.003619,0.014480
3.978000,-0.027205,-0.009917,0.027462
3.980000,0.007815,-0.042477,0.008500
3.982000,0.010906,0.018445,-0.036744
3.984000,0.004633,0.004860,-0.010571
3.986000,0.019303,-0.006279,0.013927
3.988000,0.001757,-0.019324,-0.012542
3.990000,0.007840,-0.029397,0.032402
3.992000,0.006077,0.004478,-0.001264
3.994000,-0.001831,0.032269,0.001705
3.996000,-0.010616,0.004063,0.022495
3.998000,0.044283,-0.027655,-0.003657
4.000000,-0.009039,0.004502,0.003526
4.002000,-0.013318,-0.001067,0.017982
4.004000,0.008680,0.017281,-0.029445
4.006000,0.005037,0.012135,-0.005706
4.008000,-0.028096,-0.059716,0.016583
4.010000,0.022454,0.010905,0.001312
4.012000,-0.001884,-0.020070,0.029347
4.014000,-0.022219,-0.028435,-0.031518
4.016000,0.023776,-0.003769,-0.033800
4.018000,0.012514,0.008219,0.015394
4.020000,-0.025291,-0.032815,0.017316
4.022000,0.035544,0.014092,-0.003865
4.024000,0.013176,0.015267,0.008008
4.026000,-0.000204,0.000940,0.014904
4.028000,0.031804,-0.017352,-0.016277
4.030000,0.003186,-0.019588,-0.014137
4.032000,-0.000562,0.020519,0.003795
4.034000,-0.013206,-0.030224,0.018082
4.036000,0.011637,0.021289,-0.023319
4.038000,0.009532,-0.003304,-0.003959
4.040000,0.000294,-0.001917,-0.004885
4.042000,-0.015800,-0.034162,0.008359
4.044000,0.002599,-0.002934,-0.000174
4.046000,-0.001396,0.012272,-0.010918
4.048000,-0.026669,-0.026728,0.024971
4.050000,-0.029436,0.009973,-0.010785
4.052000,0.011303,0.001780,-0.005842
4.054000,-0.052038,-0.012875,-0.031830
4.056000,0.004108,0.017093,-0.014273
4.058000,-0.009562,-0.044045,0.010322
4.060000,0.026165,0.006934,0.006412
4.062000,-0.009869,0.032389,0.011990
4.064000,0.013190,0.028799,0.011020
4.066000,-0.007938,0.007796,0.041754
4.068000,0.002275,-0.006034,-0.014957
4.070000,0.014737,-0.012716,-0.032388
4.072000,-0.009251,-0.006059,-0.021011
4.074000,0.019931,0.010876,-0.014073
4.076000,-0.019874,-0.016145,-0.019487
4.078000,0.005892,0.015148,0.001873
4.080000,0.018453,0.042663,0.025053
4.082000,0.013201,-0.001238,0.030793
4.084000,0.038329,-0.026888,0.010086
4.086000,-0.015269,-0.026895,0.042825
4.088000,-0.027583,0.015531,-0.007127
4.090000,-0.019887,-0.001195,-0.032650
4.092000,0.013209,0.017537,0.021064
4.094000,0.009958,-0.010673,-0.036772
4.096000,0.002045,0.016612,-0.015100
4.098000,-0.022459,-0.003166,0.010402
4.100000,0.015337,-0.014650,-0.002048
4.102000,-0.024494,-0.008020,-0.003819
4.104000,0.023179,-0.023941,-0.023616
4.106000,0.057149,0.039787,-0.000216
4.108000,0.007329,-0.001928,0.020073
4.110000,0.011662,0.012890,0.000399
4.112000,-0.009857,-0.010737,-0.016605
4.114000,-0.036204,-0.021039,-0.024951
4.116000,-0.012054,-0.004678,-0.016192
4.118000,-0.021858,0.022024,0.007847
4.120000,-0.028940,-0.010415,0.006872
4.122000,0.034447,-0.017411,-0.016010
4.124000,0.005457,0.003109,-0.044215
4.126000,0.007594,0.009980,0.008400
4.128000,-0.006180,0.032857,-0.017954
4.130000,-0.003457,0.007075,0.013781
4.132000,0.019291,0.012880,-0.015122
4.134000,-0.000647,0.014386,-0.019758
4.136000,0.010614,-0.023060,0.003063
4.138000,-0.003920,-0.019267,0.047154
4.140000,-0.006843,-0.021678,0.014981
4.142000,-0.028138,-0.026643,0.002724
4.144000,-0.039555,0.015909,0.007177
4.146000,-0.005231,0.005801,-0.035022
4.148000,0.001130,0.001590,-0.022447
4.150000,-0.025723,-0.051854,-0.050219
4.152000,-0.000689,0.041110,0.034597
4.154000,0.001075,-0.017885,0.030548
4.156000,-0.043120,0.041036,0.007856
4.158000,-0.018302,-0.028985,0.002702
4.160000,0.008145,-0.016248,-0.031032
4.162000,0.007741,-0.044057,-0.004386
4.164000,-0.023073,0.007242,0.035848
4.166000,0.003169,-0.022025,0.002628
4.168000,0.020448,-0.021460,-0.011293
4.170000,0.015541,-0.027450,-0.035161
4.172000,-0.001906,0.015547,0.027606
4.174000,-0.009360,0.014229,-0.001402
4.176000,-0.012587,0.036241,-0.035135
4.178000,0.009356,-0.013714,-0.018485
4.180000,0.003902,0.004376,-0.025551
4.182000,0.012588,-0.025787,-0.002635
4.184000,0.002637,-0.006701,0.004147
4.186000,0.016375,-0.010377,-0.010064
4.188000,0.001892,0.009289,0.015541
4.190000,0.015694,0.020340,0.001576
4.192000,0.017416,0.019821,0.021246
4.194000,-0.016091,-0.016856,-0.007144
4.196000,-0.036163,0.019969,0.060907
4.198000,0.030870,-0.000882,-0.011290
4.200000,0.005133,-0.006492,-0.018067
4.202000,-0.034290,-0.014170,-0.020526
4.204000,-0.014276,-0.011199,-0.004219
4.206000,0.015437,0.034846,-0.034391
4.208000,-0.005594,0.006148,0.005891
4.210000,-0.010241,0.003492,-0.038106
4.212000,0.028018,-0.005245,0.003233
4.214000,-0.020946,0.048920,-0.027025
4.216000,-0.015963,0.026100,-0.007626
4.218000,0.004228,-0.014421,0.012091
4.220000,0.007809,-0.005472,0.046081
4.222000,0.009927,-0.004285,-0.021560
4.224000,0.018225,0.002917,-0.003006
4.226000,0.003972,-0.014025,-0.014475
4.228000,0.009788,0.008776,-0.017397
4.230000,-0.005184,0.029042,-0.014299
4.232000,0.001254,-0.026273,0.016481
4.234000,0.002151,-0.022563,-0.009761
4.236000,0.004302,-0.009663,0.044986
4.238000,0.015451,-0.008736,0.008320
4.240000,0.011103,0.039969,-0.020200
4.242000,0.000884,0.020034,-0.007334
4.244000,-0.016183,0.018886,-0.016037
4.246000,0.001353,-0.005287,0.016001
4.248000,-0.000560,-0.005726,-0.032776
4.250000,0.003864,-0.029034,-0.026819
4.252000,0.044131,0.015635,-0.011831
4.254000,-0.010475,0.009821,0.013659
4.256000,0.008446,0.025720,0.024661
4.258000,0.021369,-0.004217,0.027611
4.260000,0.001960,-0.002836,0.010596
4.262000,0.046757,0.003401,-0.001658
4.264000,-0.007561,0.017838,0.015893
4.266000,0.006482,-0.029404,-0.022890
4.268000,-0.015976,0.014721,-0.036893
4.270000,-0.007030,-0.000410,0.008733
4.272000,0.004979,-0.021173,-0.020114
4.274000,0.016926,-0.041692,-0.001306
4.276000,0.006382,-0.002729,0.002393
4.278000,0.025182,0.028954,0.004962
4.280000,-0.001899,0.033494,0.018756
4.282000,-0.006643,0.007108,0.016642
4.284000,0.054080,0.039240,0.003900
4.286000,0.007885,-0.000859,-0.008840
4.288000,-0.014390,0.019066,0.002155
4.290000,-0.013885,-0.009025,-0.011924
4.292000,-0.018854,-0.010292,-0.003929
4.294000,0.018731,-0.013550,0.052363
4.296000,-0.007288,-0.041211,0.003644
4.298000,0.002547,0.025742,0.009005
4.300000,-0.001270,-0.012833,-0.014110
4.302000,0.014630,-0.016029,0.020401
4.304000,-0.016935,-0.023599,0.015205
4.306000,-0.021511,-0.004087,0.015347
4.308000,0.004486,0.035270,0.004298
4.310000,0.012019,0.041876,0.020684
4.312000,0.006651,-0.033217,0.025434
4.314000,-0.016189,-0.007089,0.005662
4.316000,0.013550,-0.020687,-0.002292
4.318000,-0.014877,0.019767,0.017891
4.320000,-0.010431,0.005732,-0.018083
4.322000,-0.018879,-0.012731,-0.014359
4.324000,0.026023,0.001451,-0.001066
4.326000,0.012668,-0.009548,-0.034827
4.328000,0.012100,0.032285,0.016552
4.330000,0.024944,0.010939,-0.019258
4.332000,0.056253,0.013396,-0.009430
4.334000,-0.034185,-0.053338,-0.004266
4.336000,-0.014768,-0.001336,0.000786
4.338000,-0.012324,0.041664,-0.006873
4.340000,-0.017016,0.026523,-0.001347
4.342000,-0.021552,-0.036942,-0.001193
4.344000,-0.005993,-0.006269,-0.008941
4.346000,-0.024332,-0.024030,-0.015464
4.348000,0.006701,0.034222,0.021629
4.350000,0.001034,0.004886,-0.042088
4.352000,0.009621,-0.015356,-0.004114
4.354000,0.010155,0.000683,-0.009378
4.356000,0.012060,-0.052147,0.008376
4.358000,-0.007468,-0.021699,-0.029086
4.360000,0.042423,0.000729,-0.009996
4.362000,0.004689,0.016914,-0.002047
4.364000,-0.037250,-0.038826,0.021401
4.366000,-0.020048,-0.007623,0.006644
4.368000,-0.034810,0.020194,-0.023670
4.370000,0.000347,-0.029029,-0.009750
4.372000,-0.002436,0.004584,0.017721
4.374000,-0.009369,0.001319,-0.024015
4.376000,0.040219,0.034288,-0.001573
4.378000,0.010980,-0.004603,-0.000182
4.380000,0.014522,-0.003432,-0.007716
4.382000,-0.018621,0.017099,0.053915
4.384000,-0.019983,-0.026527,-0.008255
4.386000,0.000736,-0.004418,0.008995
4.388000,0.003460,-0.009115,-0.015326
4.390000,-0.037126,-0.002778,0.010555
4.392000,-0.003606,0.016968,0.017416
4.394000,0.000281,0.011083,-0.011759
4.396000,-0.004303,-0.014974,-0.001094
4.398000,-0.016268,0.002734,-0.017906
4.400000,-0.010791,0.029809,-0.022888
4.402000,-0.003537,-0.016627,0.020736
4.404000,0.001816,0.002903,-0.011080
4.406000,0.012096,-0.003863,-0.048272
4.408000,0.021617,-0.001260,0.035307
4.410000,-0.005887,-0.032613,-0.016042
4.412000,-0.009123,0.028215,-0.004927
4.414000,0.008753,-0.015487,0.032818
4.416000,0.012217,0.020521,-0.002835
4.418000,-0.008684,-0.012428,-0.003267
4.420000,0.015808,-0.012510,-0.024563
4.422000,0.019592,0.024262,-0.032697
4.424000,0.025834,0.019878,-0.003328
4.426000,0.035566,0.004173,0.007256
4.428000,-0.017328,0.015223,0.006111
4.430000,0.000278,-0.005771,-0.009625
4.432000,0.000226,-0.000167,0.000405
4.434000,-0.001961,-0.013232,-0.036744
4.436000,-0.012985,0.018081,0.009203
4.438000,-0.029711,-0.013868,0.003228
4.440000,0.001854,0.029703,0.039473
4.442000,-0.015367,-0.006317,0.000150
4.444000,0.001720,0.000410,-0.018853
4.446000,-0.015881,0.015175,-0.001014
4.448000,-0.021993,0.000477,-0.006556
4.450000,0.004686,-0.005958,0.008694
4.452000,0.003018,-0.000600,0.000538
4.454000,0.011586,0.017876,-0.025199
4.456000,0.043717,-0.013257,-0.032715
4.458000,0.005546,-0.002525,0.005258
4.460000,0.009702,0.000206,0.027662
4.462000,-0.021551,0.017292,0.001587
4.464000,-0.025738,-0.001997,0.016266
4.466000,0.031657,0.036166,0.020256
4.468000,-0.018470,-0.003131,0.005336
4.470000,-0.020879,-0.004754,-0.016290
4.472000,-0.000782,-0.003421,0.003906
4.474000,-0.001804,-0.026333,0.024141
4.476000,-0.018050,-0.020735,0.010598
4.478000,-0.006099,-0.010613,0.014965
4.480000,0.024588,0.022717,-0.009251
4.482000,-0.016120,-0.000663,-0.004047
4.484000,-0.027873,-0.009693,-0.002375
4.486000,0.018852,0.024531,-0.001027
4.488000,0.009846,0.031024,0.023359
4.490000,-0.012410,0.025108,-0.046943
4.492000,-0.031643,-0.017062,0.000611
4.494000,-0.014892,-0.009905,-0.001590
4.496000,-0.001094,0.036275,-0.027430
4.498000,0.023313,0.004823,0.013435
4.500000,-0.020732,-0.005353,-0.014490
4.502000,-0.001690,0.014367,-0.007141
4.504000,0.013503,0.020146,0.036976
4.506000,-0.047625,-0.011429,0.020199
4.508000,0.020676,0.004389,0.011490
4.510000,-0.023649,0.018531,0.007616
4.512000,0.006640,-0.023206,-0.003294
4.514000,0.004934,0.000247,0.039988
4.516000,0.021692,-0.022288,0.016043
4.518000,0.011018,-0.019672,-0.014991
4.520000,-0.047546,-0.011262,-0.028002
4.522000,-0.015696,0.009542,0.011337
4.524000,0.002764,-0.006440,-0.001117
4.526000,-0.003900,-0.012968,-0.028579
4.528000,0.009552,0.001031,0.008572
4.530000,0.015787,-0.022939,-0.005381
4.532000,0.012169,0.008576,0.010613
4.534000,-0.004285,0.022628,0.008835
4.536000,-0.036927,-0.001584,-0.012165
4.538000,-0.009110,-0.004053,0.012657
4.540000,0.008327,0.007469,-0.009958
4.542000,-0.021809,-0.040569,-0.008658
4.544000,0.012625,0.010736,-0.010645
4.546000,0.018168,0.062038,0.022619
4.548000,0.002537,-0.002454,-0.005611
4.550000,-0.061276,-0.002383,0.027449
4.552000,-0.025562,0.014872,0.035670
4.554000,0.037724,0.032907,-0.014774
4.556000,-0.010931,0.019499,-0.058420
4.558000,-0.039683,-0.043112,0.020890
4.560000,0.024705,0.011268,-0.006839
4.562000,0.000267,0.051439,-0.017324
4.564000,0.022099,0.012449,-0.011774
4.566000,0.005539,-0.023092,-0.008296
4.568000,0.009171,0.005637,0.025944
4.570000,0.007260,-0.025614,0.003198
4.572000,0.013950,0.024656,0.025672
4.574000,0.045549,-0.019118,0.009884
4.576000,0.019420,0.001485,-0.006185
4.578000,-0.031607,-0.017156,-0.007807
4.580000,0.008933,-0.010929,0.011232
4.582000,0.022830,0.029723,0.016409
4.584000,0.024054,0.002069,0.019936
4.586000,-0.008532,-0.011184,-0.005231
4.588000,0.023299,-0.022905,0.003504
4.590000,0.018555,-0.037434,0.011681
4.592000,0.051450,-0.025026,-0.007679
4.594000,-0.015000,0.002239,-0.022699
4.596000,-0.010148,0.019605,-0.016125
4.598000,-0.006122,-0.011207,-0.004821
4.600000,-0.009804,0.031411,0.013244
4.602000,-0.017800,-0.014350,0.025180
4.604000,-0.055254,-0.004760,-0.027121
4.606000,-0.008694,-0.021592,-0.011947
4.608000,0.007387,0.019815,-0.007157
4.610000,-0.009864,0.041950,0.015894
4.612000,0.038708,-0.035236,-0.010562
4.614000,0.000268,-0.006923,-0.008595
4.616000,0.025821,0.025296,-0.028240
4.618000,0.005228,-0.028939,0.009668
4.620000,0.016528,0.011334,-0.003228
4.622000,0.005585,0.024429,-0.013081
4.624000,0.027376,0.001565,-0.005190
4.626000,0.001119,0.011005,0.022540
4.628000,0.009922,0.035218,-0.020098
4.630000,0.007327,0.038969,-0.016833
4.632000,-0.005766,-0.001239,0.025045
4.634000,0.008100,-0.010648,0.001515
4.636000,0.044688,-0.018400,0.013395
4.638000,-0.005408,0.019539,0.008035
4.640000,0.008389,-0.027436,-0.000707
4.642000,0.025156,-0.005051,-0.006966
4.644000,0.022805,0.002054,0.016631
4.646000,0.000234,-0.010060,0.023247
4.648000,-0.047668,0.005596,0.021684
4.650000,0.010334,0.051290,-0.023709
4.652000,-0.044389,-0.002432,0.026098
4.654000,0.029399,-0.008708,-0.007159
4.656000,0.003389,0.020307,-0.015101
4.658000,0.019993,0.004792,-0.003387
4.660000,-0.018042,0.028787,0.016623
4.662000,-0.031050,0.003294,0.010809
4.664000,0.005215,-0.004968,-0.005108
4.666000,-0.000672,-0.035674,0.016753
4.668000,-0.009831,-0.032395,0.002797
4.670000,0.001693,-0.036714,-0.011459
4.672000,0.055349,0.007587,-0.014161
4.674000,0.016691,-0.027245,0.008205
4.676000,0.020990,0.025112,-0.001650
4.678000,0.016879,0.000605,-0.027510
4.680000,0.029589,-0.004884,0.016943
4.682000,-0.003801,-0.016877,-0.009606
4.684000,-0.041095,0.012445,0.031842
4.686000,-0.003772,-0.016090,-0.028060
4.688000,0.016235,-0.019708,-0.003614
4.690000,-0.019396,0.023767,-0.014000
4.692000,-0.003527,0.007092,-0.019508
4.694000,-0.013835,-0.004699,-0.009736
4.696000,0.030041,0.012829,0.035411
4.698000,0.014989,0.000179,0.002867
4.700000,0.013031,0.007660,-0.015834
4.702000,0.012432,-0.016337,-0.036573
4.704000,-0.000745,0.041408,-0.034427
4.706000,0.003951,-0.011592,-0.010729
4.708000,-0.023704,0.031120,-0.012674
4.710000,-0.043729,-0.003777,-0.004481
4.712000,0.003002,0.016142,-0.045444
4.714000,0.006480,0.014684,-0.001834
4.716000,0.024185,0.022937,0.020555
4.718000,0.031427,-0.016812,0.032457
4.720000,0.031400,0.021513,-0.037889
4.722000,-0.019960,0.036929,-0.016028
4.724000,-0.007045,-0.005174,-0.017085
4.726000,0.009607,0.000694,0.002914
4.728000,0.050638,-0.010469,-0.024395
4.730000,0.029602,-0.006929,0.033645
4.732000,0.022388,0.034228,0.000870
4.734000,-0.007756,-0.020085,-0.002463
4.736000,-0.017664,-0.018842,0.031854
4.738000,0.015778,0.032218,-0.000321
4.740000,-0.022013,0.012491,0.008006
4.742000,-0.004769,0.042407,-0.015016
4.744000,-0.002296,-0.009009,-0.027410
4.746000,0.031858,0.002526,-0.012207
4.748000,-0.007094,-0.013214,0.043740
4.750000,-0.048785,0.002866,0.012660
4.752000,0.010089,-0.035482,0.005491
4.754000,-0.013980,0.013699,-0.019527
4.756000,0.000853,0.006469,0.018225
4.758000,-0.001734,-0.001151,-0.027154
4.760000,-0.005474,-0.007807,-0.031341
4.762000,0.015807,-0.017895,-0.011178
4.764000,-0.030657,0.014554,0.039090
4.766000,-0.010340,-0.023422,0.037958
4.768000,0.013681,0.010238,-0.009025
4.770000,-0.012282,0.041489,-0.013484
4.772000,-0.032176,0.029710,-0.032807
4.774000,0.013371,-0.030103,0.001561
4.776000,0.022462,-0.010735,0.003240
4.778000,-0.000900,0.008429,0.015791
4.780000,-0.039217,-0.001406,0.018214
4.782000,0.014119,-0.027988,-0.003948
4.784000,-0.033198,0.007706,0.011121
4.786000,0.006176,-0.000200,-0.014013
4.788000,-0.017749,0.038287,0.010741
4.790000,-0.023197,-0.005065,-0.010145
4.792000,-0.008838,0.023360,0.009189
4.794000,-0.003666,-0.025342,0.007570
4.796000,-0.012884,-0.020560,0.001376
4.798000,0.011774,0.014433,0.015891
4.800000,-0.008921,0.021675,-0.031408
4.802000,0.019604,-0.019148,-0.021298
4.804000,0.005623,0.000482,-0.005401
4.806000,-0.013951,-0.027632,-0.028865
4.808000,-0.017319,-0.003624,-0.008137
4.810000,-0.032950,0.016738,-0.007493
4.812000,0.005815,-0.008699,0.026194
4.814000,-0.007092,-0.004981,0.002851
4.816000,-0.047444,-0.022596,0.020589
4.818000,-0.010714,-0.012967,0.006033
4.820000,-0.018021,0.035162,-0.010713
4.822000,0.031514,0.001458,0.002674
4.824000,-0.034056,-0.020046,0.014589
4.826000,-0.028827,-0.006295,0.023868
4.828000,0.022199,-0.031949,-0.002646
4.830000,0.027135,-0.020283,-0.032950
4.832000,-0.014900,0.027207,-0.034356
4.834000,-0.012642,-0.002850,-0.006528
4.836000,0.012325,0.037815,-0.046758
4.838000,-0.046542,-0.001907,0.035902
4.840000,-0.037224,-0.000720,0.011939
4.842000,-0.005615,0.012818,-0.012713
4.844000,0.030998,-0.053452,-0.022193
4.846000,-0.008715,0.004099,0.020562
4.848000,0.002019,-0.000980,-0.022273
4.850000,0.022676,0.029721,-0.020365
4.852000,0.042138,0.019294,-0.015319
4.854000,-0.011537,-0.022674,0.002282
4.856000,-0.000337,0.024843,0.012416
4.858000,0.036441,-0.005246,0.023853
4.860000,-0.030444,-0.018089,0.020899
4.862000,0.020552,0.003942,0.000015
4.864000,-0.020366,-0.004055,0.020410
4.866000,0.002049,0.030769,-0.013420
4.868000,-0.004852,0.006812,-0.036417
4.870000,-0.019160,0.004113,-0.013423
4.872000,-0.019662,0.018013,-0.016125
4.874000,0.005528,0.021857,-0.012640
4.876000,0.019911,0.015672,-0.019187
4.878000,-0.002595,0.028389,-0.009222
4.880000,0.001402,0.012174,0.012400
4.882000,0.011423,0.003353,0.034305
4.884000,-0.019432,0.024783,-0.034507
4.886000,0.014794,-0.001818,-0.025755
4.888000,0.016387,0.000665,-0.015829
4.890000,0.052073,0.034432,0.015315
4.892000,-0.007522,0.032438,-0.004099
4.894000,-0.009162,-0.000164,-0.014482
4.896000,0.015379,-0.009071,0.014335
4.898000,0.016382,0.029263,0.019128
4.900000,-0.010702,0.016008,-0.000375
4.902000,-0.008063,0.006312,-0.016324
4.904000,0.010823,-0.006437,0.005406
4.906000,-0.016552,0.006634,-0.004665
4.908000,-0.008211,-0.000434,-0.004820
4.910000,0.001792,-0.013287,-0.010248
4.912000,0.019919,0.002581,0.018500
4.914000,-0.012092,0.005308,0.004998
4.916000,-0.036848,-0.007508,0.020714
4.918000,-0.038332,0.018077,0.026727
4.920000,-0.025188,0.025777,0.009180
4.922000,-0.026263,0.019398,-0.010130
4.924000,-0.003092,-0.005525,0.020807
4.926000,-0.023778,0.015116,0.009313
4.928000,-0.014055,0.001559,0.052067
4.930000,-0.015482,-0.024715,0.006202
4.932000,-0.008810,0.013455,0.013954
4.934000,0.026450,0.002923,0.005808
4.936000,0.013239,0.051871,-0.001982
4.938000,0.000323,0.029145,-0.005176
4.940000,-0.009221,0.014223,0.005885
4.942000,-0.008665,0.004983,0.010424
4.944000,0.006555,0.003274,0.023088
4.946000,0.011683,-0.020074,0.006177
4.948000,-0.018152,-0.034780,-0.009258
4.950000,0.000730,-0.017451,-0.006537
4.952000,-0.040632,-0.000954,-0.026459
4.954000,0.004234,-0.042111,0.033224
4.956000,0.015243,-0.010886,-0.010823
4.958000,-0.005601,-0.004952,0.019349
4.960000,0.036331,-0.004309,0.005531
4.962000,-0.017625,-0.013234,0.006075
4.964000,0.004349,-0.006830,-0.002349
4.966000,-0.000716,0.034478,-0.015756
4.968000,-0.002006,0.013243,-0.019371
4.970000,-0.002286,-0.011206,0.034569
4.972000,0.002142,-0.001367,0.002279
4.974000,0.016959,-0.000566,0.022505
4.976000,0.027555,-0.015359,0.027698
4.978000,-0.000045,-0.015383,-0.008217
4.980000,0.016306,0.020210,0.008470
4.982000,-0.014035,-0.008396,0.000900
4.984000,0.015319,-0.021894,-0.023144
4.986000,-0.015240,-0.000863,-0.003710
4.988000,0.021813,0.002360,0.011750
4.990000,0.044213,-0.039454,-0.009981
4.992000,-0.002442,-0.000815,-0.006497
4.994000,-0.043851,0.017360,-0.003467
4.996000,-0.010961,0.009025,0.042231
4.998000,0.024638,0.044596,-0.036681
5.000000,0.011062,0.025022,0.010033
5.002000,0.004978,0.028979,0.002933
5.004000,0.020173,0.056002,0.003187
5.006000,0.009689,0.015163,0.018442
5.008000,0.024355,0.003261,0.045348
5.010000,0.018388,0.019475,0.054490
5.012000,0.030434,-0.011185,0.051720
5.014000,0.007176,0.002154,0.077855
5.016000,0.018105,-0.012955,0.089377
5.018000,-0.006143,0.007960,0.088328
5.020000,-0.012029,-0.013038,0.069076
5.022000,0.034135,-0.013739,0.097889
5.024000,0.004324,0.008269,0.105984
5.026000,0.016098,-0.002754,0.087687
5.028000,0.002475,-0.038550,0.080611
5.030000,-0.011730,-0.029111,0.079544
5.032000,0.000220,-0.022945,0.129397
5.034000,0.028720,-0.017659,0.141961
5.036000,0.011105,0.008288,0.120364
5.038000,-0.034229,0.004379,0.172921
5.040000,-0.004305,0.021306,0.163044
5.042000,0.035646,0.015056,0.194989
5.044000,-0.004276,0.021438,0.183411
5.046000,-0.036010,0.012168,0.162673
5.048000,0.037861,0.004194,0.201166
5.050000,0.013648,0.021987,0.213402
5.052000,-0.001400,0.018388,0.197048
5.054000,-0.007428,0.007522,0.187158
5.056000,0.021647,0.025421,0.226006
5.058000,-0.010840,-0.046916,0.211983
5.060000,0.022965,-0.005809,0.262418
5.062000,0.010844,-0.006116,0.239856
5.064000,0.004894,0.023054,0.290492
5.066000,0.002910,0.031428,0.221517
5.068000,-0.003499,-0.029004,0.274696
5.070000,0.020913,0.028223,0.308588
5.072000,-0.017307,-0.023429,0.270194
5.074000,-0.032439,-0.022824,0.292816
5.076000,0.012289,-0.004686,0.295939
5.078000,0.012625,-0.006364,0.298325
5.080000,0.009605,-0.031168,0.324892
5.082000,0.008155,0.012998,0.302092
5.084000,-0.006411,0.013588,0.333781
5.086000,0.015750,0.021081,0.354320
5.088000,-0.000911,-0.008669,0.347698
5.090000,-0.009742,-0.000792,0.339996
5.092000,-0.006238,-0.000609,0.388604
5.094000,0.040413,0.033760,0.390605
5.096000,-0.034700,-0.056685,0.363176
5.098000,0.009996,-0.019139,0.366118
5.100000,-0.033582,0.000111,0.380962
5.102000,-0.002165,-0.021711,0.418905
5.104000,-0.008673,-0.005166,0.421511
5.106000,-0.041701,-0.002522,0.439802
5.108000,0.007781,-0.013154,0.425477
5.110000,-0.007601,0.001289,0.421505
5.112000,-0.041984,0.012563,0.466377
5.114000,0.016791,-0.004725,0.444931
5.116000,0.028700,-0.009064,0.467731
5.118000,0.029802,-0.003315,0.441002
5.120000,0.007179,-0.000149,0.468604
5.122000,0.000921,-0.034806,0.508188
5.124000,0.026563,0.009231,0.481675
5.126000,0.033648,-0.009020,0.520290
5.128000,0.022671,0.025231,0.465380
5.130000,-0.018831,0.011821,0.508812
5.132000,0.004027,0.023401,0.524573
5.134000,0.008790,-0.020220,0.570851
5.136000,-0.036192,-0.007428,0.520619
5.138000,0.009387,-0.024849,0.565420
5.140000,0.045460,-0.014104,0.581139
5.142000,0.012799,0.025042,0.553570
5.144000,0.029468,0.029750,0.568530
5.146000,0.003658,-0.022963,0.586833
5.148000,-0.001464,-0.009166,0.562370
5.150000,0.007625,-0.001524,0.590898
5.152000,-0.016317,0.011712,0.633522
5.154000,-0.019276,-0.035196,0.626453
5.156000,0.025326,-0.032060,0.620865
5.158000,0.027447,0.009793,0.634261
5.160000,-0.019822,-0.038981,0.651618
5.162000,0.019360,-0.008936,0.663448
5.164000,-0.001739,0.003242,0.644872
5.166000,0.006796,0.008313,0.694694
5.168000,0.009204,-0.002834,0.698327
5.170000,0.019887,-0.007315,0.693545
5.172000,0.001654,0.016891,0.671141
5.174000,0.028203,0.005704,0.675596
5.176000,0.006188,-0.012940,0.697468
5.178000,0.012484,0.000754,0.713215
5.180000,-0.016665,0.007663,0.684630
5.182000,0.043173,0.034365,0.737894
5.184000,0.009396,0.015726,0.761749
5.186000,0.014260,0.024291,0.755529
5.188000,-0.032164,-0.012212,0.738479
5.190000,-0.016454,-0.010484,0.744112
5.192000,0.024758,-0.004708,0.773997
5.194000,0.005738,-0.002871,0.772934
5.196000,-0.038276,-0.020160,0.792861
5.198000,0.020766,0.025319,0.804034
5.200000,-0.010876,0.017667,0.821838
5.202000,0.028226,-0.006114,0.785358
5.204000,-0.001757,0.012834,0.820432
5.206000,0.004094,0.004458,0.816730
5.208000,0.023579,0.014397,0.830027
5.210000,-0.017950,-0.026886,0.857288
5.212000,-0.019857,-0.002913,0.867463
5.214000,-0.003930,-0.001161,0.883969
5.216000,0.016543,0.012473,0.872512
5.218000,-0.026618,-0.012569,0.869800
5.220000,-0.033361,-0.049999,0.874942
5.222000,0.016474,-0.021634,0.853305
5.224000,-0.012060,-0.001221,0.922795
5.226000,-0.007845,0.001278,0.897562
5.228000,-0.037136,0.033675,0.922118
5.230000,-0.013580,0.011655,0.933580
5.232000,-0.000151,0.001631,0.903094
5.234000,0.018608,-0.000648,0.917533
5.236000,-0.015425,0.022084,0.974940
5.238000,0.033148,-0.011802,0.957809
5.240000,-0.013691,-0.002806,0.948388
5.242000,-0.013662,-0.021785,0.965473
5.244000,0.030747,0.028378,0.997725
5.246000,0.004229,0.007850,1.002686
5.248000,-0.011040,-0.014150,0.962678
5.250000,-0.003103,-0.002289,1.032686
5.252000,0.027061,0.010193,1.027323
5.254000,0.029324,-0.005014,1.012950
5.256000,-0.016336,-0.010689,1.000166
5.258000,-0.000849,-0.013085,1.053080
5.260000,0.001803,0.006779,1.049529
5.262000,-0.019725,-0.007161,1.018844
5.264000,-0.001114,-0.009075,1.051358
5.266000,0.000106,-0.026721,1.126523
5.268000,0.022804,0.001553,1.072330
5.270000,0.024149,-0.003624,1.065161
5.272000,-0.006584,-0.006433,1.067830
5.274000,-0.004279,0.003975,1.131442
5.276000,0.013286,0.014960,1.120955
5.278000,-0.011704,0.014031,1.140149
5.280000,0.011773,0.011055,1.124964
5.282000,-0.001758,-0.004813,1.153080
5.284000,-0.019388,-0.011340,1.119034
5.286000,-0.019137,-0.020878,1.147252
5.288000,0.028941,-0.011863,1.157741
5.290000,-0.003128,0.000393,1.187649
5.292000,0.032807,-0.015726,1.174377
5.294000,-0.010273,0.001921,1.163490
5.296000,0.005824,-0.019309,1.185281
5.298000,0.047854,-0.033220,1.158472
5.300000,-0.021148,0.016388,1.153581
5.302000,-0.037956,-0.009488,1.224627
5.304000,0.025732,-0.016741,1.208505
5.306000,-0.016536,-0.021877,1.218772
5.308000,-0.000414,0.008461,1.248619
5.310000,-0.011718,0.027498,1.267940
5.312000,0.005363,-0.008061,1.258690
5.314000,-0.019011,-0.004311,1.294561
5.316000,-0.003599,0.021433,1.274054
5.318000,0.008996,-0.036209,1.278044
5.320000,-0.020166,0.039337,1.284808
5.322000,-0.014002,0.048882,1.262290
5.324000,-0.006948,-0.054127,1.315120
5.326000,-0.028576,-0.001950,1.255091
5.328000,-0.008451,-0.014379,1.300275
5.330000,0.002376,-0.005295,1.320459
5.332000,-0.007991,-0.008368,1.312205
5.334000,-0.005428,0.016235,1.326965
5.336000,-0.000398,-0.002251,1.380788
5.338000,-0.013115,-0.018218,1.374080
5.340000,0.013821,-0.003444,1.346283
5.342000,0.028720,0.010296,1.358609
5.344000,-0.009288,-0.023674,1.350460
5.346000,0.009704,-0.032925,1.398100
5.348000,-0.004792,0.039855,1.387005
5.350000,0.007310,-0.012849,1.360671
5.352000,0.031316,-0.002747,1.410016
5.354000,0.010173,-0.007956,1.424780
5.356000,-0.035468,0.010962,1.443263
5.358000,0.009080,0.035456,1.430533
5.360000,0.024657,0.011599,1.432547
5.362000,-0.004432,-0.030367,1.487725
5.364000,0.019913,-0.027682,1.456132
5.366000,-0.013802,-0.007979,1.478391
5.368000,-0.029711,-0.005365,1.461209
5.370000,0.002823,-0.034439,1.493798
5.372000,-0.035130,0.016387,1.458887
5.374000,-0.004795,-0.021726,1.486759
5.376000,0.025737,0.029866,1.475835
5.378000,-0.038195,0.036413,1.487901
5.380000,-0.025590,-0.004965,1.525009
5.382000,-0.020641,0.008779,1.487753
5.384000,-0.001266,-0.024639,1.514365
5.386000,-0.007314,0.012474,1.530345
5.388000,0.027983,-0.009964,1.499448
5.390000,0.019087,-0.021745,1.519875
5.392000,0.009905,-0.005787,1.510622
5.394000,0.002913,-0.009315,1.502329
5.396000,0.007865,-0.006503,1.515006
5.398000,-0.017240,0.018994,1.536799
5.400000,0.017144,-0.015706,1.487255
5.402000,-0.022241,0.034700,1.480816
5.404000,0.016708,-0.026501,1.479642
5.406000,0.023723,0.032309,1.519889
5.408000,0.004217,-0.020330,1.522587
5.410000,-0.003524,-0.000020,1.489259
5.412000,0.008006,-0.009804,1.457280
5.414000,-0.057230,-0.006875,1.486505
5.416000,0.006045,0.016027,1.510957
5.418000,-0.002267,0.029997,1.498666
5.420000,-0.001013,0.023810,1.503607
5.422000,0.014131,-0.008097,1.489533
5.424000,-0.001495,0.003685,1.520282
5.426000,-0.022804,-0.015642,1.506864
5.428000,-0.002828,-0.019831,1.511729
5.430000,0.001351,-0.022926,1.503181
5.432000,0.002299,-0.008751,1.510487
5.434000,0.003238,0.004992,1.509171
5.436000,0.020787,-0.038236,1.481439
5.438000,-0.021721,-0.000927,1.507461
5.440000,0.003514,0.030321,1.515830
5.442000,0.025799,0.022438,1.523103
5.444000,-0.034692,-0.011704,1.508322
5.446000,0.003593,-0.027937,1.480695
5.448000,-0.011708,0.009197,1.483774
5.450000,-0.007414,-0.046349,1.491297
5.452000,-0.018096,0.022203,1.503789
5.454000,-0.003391,-0.004272,1.497555
5.456000,0.036825,0.036626,1.477525
5.458000,-0.025289,-0.034539,1.477406
5.460000,-0.023392,0.018363,1.458030
5.462000,-0.026039,-0.002010,1.437611
5.464000,0.034548,-0.006621,1.497364
5.466000,-0.009247,-0.027397,1.546405
5.468000,-0.000513,0.011915,1.535936
5.470000,-0.008056,0.013523,1.480435
5.472000,-0.018888,0.035703,1.502998
5.474000,-0.004703,0.020161,1.470708
5.476000,0.049165,-0.011878,1.473758
5.478000,0.027841,-0.020077,1.476051
5.480000,-0.017059,-0.027370,1.495490
5.482000,0.012951,0.029464,1.496351
5.484000,-0.016630,-0.015563,1.505054
5.486000,-0.035527,0.029605,1.513264
5.488000,0.020390,0.010501,1.493262
5.490000,0.023202,0.006598,1.500724
5.492000,0.020921,-0.006137,1.478124
5.494000,-0.009397,0.013213,1.473110
5.496000,-0.003336,-0.000309,1.470021
5.498000,0.014995,-0.007384,1.512985
5.500000,0.007830,0.013920,1.493242
5.502000,-0.007873,-0.002879,1.462578
5.504000,-0.032381,-0.015967,1.498738
5.506000,0.002278,0.011997,1.475024
5.508000,0.021580,-0.001280,1.533208
5.510000,-0.023952,0.009778,1.488424
5.512000,0.012775,-0.009077,1.513630
5.514000,0.006631,-0.024182,1.521779
5.516000,0.015003,0.034701,1.480901
5.518000,0.017440,0.030932,1.501521
5.520000,-0.013889,0.017676,1.511069
5.522000,-0.032339,-0.007756,1.502311
5.524000,-0.010670,-0.006006,1.507222
5.526000,0.017783,0.027647,1.473407
5.528000,-0.010840,-0.007077,1.511081
5.530000,-0.013881,-0.012651,1.490277
5.532000,-0.036427,0.037445,1.506989
5.534000,0.035053,-0.000954,1.518400
5.536000,0.016514,0.035369,1.513376
5.538000,0.015398,-0.027968,1.506974
5.540000,0.019355,0.010364,1.512843
5.542000,0.011534,0.041422,1.513768
5.544000,-0.004887,0.000595,1.529910
5.546000,-0.003275,-0.005280,1.499319
5.548000,-0.008551,-0.023355,1.503279
5.550000,0.052695,0.021647,1.518641
5.552000,0.011118,-0.015403,1.490192
5.554000,-0.009276,-0.001896,1.473295
5.556000,0.009310,-0.024690,1.509865
5.558000,-0.020217,0.031138,1.495880
5.560000,0.030090,0.023098,1.475849
5.562000,-0.013221,-0.000632,1.510011
5.564000,0.010022,-0.023083,1.528623
5.566000,0.021320,0.030718,1.467405
5.568000,0.007695,-0.007319,1.520446
5.570000,0.001889,-0.022104,1.449259
5.572000,0.000216,-0.035242,1.491994
5.574000,-0.001129,-0.012919,1.536810
5.576000,-0.011534,-0.029093,1.493434
5.578000,-0.008990,-0.012456,1.501799
5.580000,0.029592,0.014888,1.515257
5.582000,-0.002171,-0.007508,1.465671
5.584000,-0.015716,0.007114,1.501442
5.586000,-0.010326,-0.014467,1.501284
5.588000,0.022007,0.001303,1.537246
5.590000,0.013512,0.038418,1.475285
5.592000,0.011207,-0.006970,1.492369
5.594000,-0.005150,0.007689,1.481433
5.596000,0.011467,-0.031311,1.479312
5.598000,-0.012871,0.030402,1.522548
5.600000,-0.005192,-0.009544,1.500533
5.602000,0.019396,0.021011,1.488889
5.604000,0.017486,-0.002464,1.489643
5.606000,-0.019638,0.012232,1.488735
5.608000,-0.017111,0.013420,1.490524
5.610000,0.002174,-0.009049,1.474711
5.612000,0.034523,0.021838,1.494825
5.614000,-0.038311,-0.015180,1.492816
5.616000,0.005567,0.015559,1.484844
5.618000,-0.027521,-0.007804,1.503101
5.620000,-0.012687,0.006991,1.504798
5.622000,-0.007289,-0.009240,1.488867
5.624000,-0.008410,0.001000,1.497117
5.626000,-0.010676,-0.021494,1.543172
5.628000,0.000144,0.004951,1.542409
5.630000,-0.010705,0.000884,1.478918
5.632000,-0.029249,-0.010803,1.481711
5.634000,0.015597,-0.001101,1.478812
5.636000,0.015057,0.002680,1.521141
5.638000,0.016863,-0.012327,1.492029
5.640000,-0.030815,-0.002575,1.504793
5.642000,0.005978,-0.020111,1.539939
5.644000,0.013520,0.046915,1.499791
5.646000,-0.020624,0.021182,1.514125
5.648000,0.000183,0.005462,1.510408
5.650000,-0.002325,0.023442,1.488236
5.652000,0.036843,-0.039585,1.521183
5.654000,0.038490,-0.051154,1.483006
5.656000,-0.033287,-0.007986,1.526798
5.658000,0.049879,-0.027571,1.488251
5.660000,-0.018305,-0.004732,1.490441
5.662000,0.019613,0.004113,1.478230
5.664000,0.019410,0.018408,1.481515
5.666000,-0.019914,-0.022765,1.491465
5.668000,0.009865,0.007993,1.451373
5.670000,-0.002151,0.000288,1.495333
5.672000,0.011087,0.006950,1.489841
5.674000,0.004613,-0.010395,1.515800
5.676000,0.023927,0.027663,1.508460
5.678000,0.001508,-0.002070,1.485847
5.680000,-0.003357,0.035484,1.490829
5.682000,0.021921,-0.015808,1.495308
5.684000,0.011608,0.014857,1.529719
5.686000,0.014636,-0.001193,1.483554
5.688000,-0.013292,-0.006555,1.485605
5.690000,-0.020905,0.012646,1.477428
5.692000,-0.011354,-0.005983,1.470359
5.694000,-0.012416,-0.053239,1.506140
5.696000,0.015724,-0.061257,1.504058
5.698000,0.019520,0.025448,1.525655
5.700000,-0.003103,0.024605,1.520828
5.702000,0.028618,0.037747,1.547942
5.704000,0.027369,-0.000351,1.498523
5.706000,0.004868,-0.025853,1.494789
5.708000,-0.016438,-0.008392,1.473995
5.710000,0.031508,0.000228,1.513932
5.712000,-0.001220,-0.020141,1.502371
5.714000,0.002523,0.032971,1.513025
5.716000,-0.006792,0.044790,1.477218
5.718000,-0.017796,0.009566,1.507032
5.720000,-0.029373,-0.000217,1.504104
5.722000,0.012657,-0.025899,1.502781
5.724000,-0.015668,0.030929,1.486335
5.726000,0.061191,0.001526,1.523786
5.728000,-0.021721,-0.005783,1.541006
5.730000,-0.025148,0.009623,1.477793
5.732000,0.010203,-0.011714,1.514409
5.734000,0.030586,0.002938,1.442443
5.736000,0.001292,-0.028849,1.513372
5.738000,0.011445,0.021742,1.462597
5.740000,-0.036871,-0.002088,1.489501
5.742000,-0.013550,0.023176,1.473740
5.744000,-0.021472,-0.004023,1.495688
5.746000,-0.037901,-0.002724,1.516776
5.748000,0.002340,-0.024246,1.462854
5.750000,-0.044857,0.015195,1.492810
5.752000,-0.026444,-0.017517,1.489733
5.754000,-0.010744,-0.009728,1.531621
5.756000,-0.016626,0.000021,1.508635
5.758000,0.007928,0.002424,1.476456
5.760000,0.006112,-0.034122,1.490574
5.762000,0.017876,-0.004616,1.531122
5.764000,0.015048,0.015905,1.514287
5.766000,0.022816,-0.007567,1.481635
5.768000,-0.000038,-0.004495,1.494659
5.770000,0.006069,0.003248,1.495298
5.772000,0.010230,-0.002519,1.489240
5.774000,0.002833,-0.020610,1.465796
5.776000,-0.007944,-0.000727,1.486448
5.778000,-0.006649,0.019881,1.527784
5.780000,-0.016351,-0.021024,1.492377
5.782000,0.008432,-0.007490,1.497935
5.784000,-0.001880,-0.027633,1.502811
5.786000,-0.013263,0.018828,1.544363
5.788000,-0.013245,-0.001847,1.500177
5.790000,-0.024208,-0.017004,1.521879
5.792000,0.019577,0.001845,1.488036
5.794000,0.001572,-0.024072,1.494812
5.796000,-0.017256,-0.020670,1.500251
5.798000,0.016171,-0.029203,1.484517
5.800000,-0.011209,-0.021336,1.495926
5.802000,-0.028130,0.027147,1.517761
5.804000,0.020424,-0.014662,1.483993
5.806000,-0.010742,0.009325,1.500002
5.808000,-0.008178,-0.016726,1.514175
5.810000,0.000824,0.015191,1.483511
5.812000,0.022852,-0.020522,1.521908
5.814000,0.000401,0.000785,1.501458
5.816000,-0.023982,0.001057,1.496698
5.818000,0.010878,0.046556,1.459837
5.820000,-0.009700,0.012609,1.492528
5.822000,0.037758,-0.011858,1.507432
5.824000,-0.000022,0.013701,1.534907
5.826000,-0.044701,0.042763,1.511358
5.828000,0.007147,-0.032593,1.522524
5.830000,0.038892,-0.016850,1.475818
5.832000,0.031518,-0.004738,1.497464
5.834000,0.036619,-0.008342,1.524415
5.836000,-0.020395,-0.006655,1.482245
5.838000,0.018243,-0.026085,1.519304
5.840000,-0.014440,0.028079,1.514666
5.842000,0.004486,-0.028452,1.505494
5.844000,-0.025459,-0.004004,1.493426
5.846000,-0.012889,0.020917,1.480274
5.848000,-0.013525,-0.000604,1.535508
5.850000,0.017971,-0.019588,1.512637
5.852000,0.016014,-0.026974,1.506812
5.854000,0.005536,-0.004600,1.491743
5.856000,-0.027008,-0.015141,1.500757
5.858000,-0.006233,0.004105,1.503294
5.860000,-0.014922,-0.028029,1.507998
5.862000,0.017394,0.016261,1.514687
5.864000,0.023564,0.002311,1.484351
5.866000,0.021128,0.003797,1.470668
5.868000,-0.015104,0.028822,1.501686
5.870000,-0.054791,-0.008756,1.465056
5.872000,-0.035339,-0.014516,1.493527
5.874000,0.028433,-0.010955,1.489816
5.876000,-0.008025,-0.003851,1.509835
5.878000,-0.015014,-0.001819,1.539652
5.880000,0.032853,-0.016614,1.461108
5.882000,0.025303,-0.040462,1.545484
5.884000,0.000489,-0.011219,1.495338
5.886000,-0.005868,0.007197,1.506956
5.888000,-0.002642,0.002725,1.471703
5.890000,0.004543,0.023991,1.519937
5.892000,0.032001,0.039110,1.500829
5.894000,0.008449,0.015187,1.498771
5.896000,0.014521,0.027650,1.461252
5.898000,0.023385,0.015335,1.501476
5.900000,-0.023394,0.034198,1.516917
5.902000,0.015097,0.037017,1.495274
5.904000,-0.005891,0.019023,1.523484
5.906000,-0.050322,0.014128,1.522658
5.908000,-0.042563,-0.004105,1.487178
5.910000,-0.020362,-0.000827,1.531902
5.912000,0.010624,-0.006757,1.500906
5.914000,0.002276,0.012425,1.500995
5.916000,0.003687,-0.014407,1.501980
5.918000,0.039019,-0.003822,1.501386
5.920000,-0.025382,-0.047103,1.447397
5.922000,-0.000549,0.034462,1.496290
5.924000,0.006089,-0.004409,1.472721
5.926000,-0.014725,0.009112,1.532527
5.928000,0.000567,0.029156,1.531722
5.930000,-0.031999,0.006006,1.517039
5.932000,0.028198,0.028887,1.495231
5.934000,-0.013632,-0.024835,1.479840
5.936000,0.040628,0.047948,1.486848
5.938000,-0.000649,0.021742,1.538853
5.940000,0.020561,0.004184,1.486156
5.942000,-0.001066,0.028502,1.452888
5.944000,-0.000615,-0.023373,1.520603
5.946000,-0.011681,-0.005772,1.530010
5.948000,0.002382,0.028885,1.533184
5.950000,0.006360,-0.037341,1.520767
5.952000,-0.015685,0.011209,1.524030
5.954000,-0.002501,0.010644,1.501059
5.956000,-0.012202,0.039385,1.458474
5.958000,0.045993,-0.031659,1.500558
5.960000,-0.001795,0.032193,1.512431
5.962000,0.030905,-0.011189,1.497295
5.964000,-0.003912,-0.008940,1.496383
5.966000,0.005186,-0.024440,1.480718
5.968000,-0.026427,-0.021757,1.479965
5.970000,-0.008941,0.008070,1.536763
5.972000,0.004211,-0.022247,1.537487
5.974000,0.031720,0.014806,1.499947
5.976000,0.004440,-0.013259,1.505630
5.978000,0.027674,-0.024261,1.480383
5.980000,0.012815,-0.010556,1.512851
5.982000,0.032548,0.006734,1.535193
5.984000,-0.001181,-0.005547,1.469415
5.986000,0.047804,0.000684,1.509278
5.988000,-0.009708,0.013924,1.510780
5.990000,-0.015329,0.021648,1.510552
5.992000,-0.024201,-0.006202,1.532856
5.994000,0.046620,-0.020884,1.540720
5.996000,0.016389,0.001522,1.495330
5.998000,-0.006682,0.009413,1.513463
6.000000,0.024980,-0.029215,1.501685
6.002000,0.013754,-0.017812,1.487358
6.004000,0.039323,-0.014384,1.505416
6.006000,-0.030957,-0.004156,1.513430
6.008000,-0.005307,-0.015221,1.504339
6.010000,-0.009250,0.014141,1.482376
6.012000,-0.039474,-0.032103,1.490729
6.014000,0.021207,-0.031594,1.490882
6.016000,-0.005408,-0.006678,1.483151
6.018000,0.014793,-0.003513,1.506271
6.020000,0.047195,-0.029093,1.508362
6.022000,-0.007065,-0.012135,1.519590
6.024000,-0.008423,-0.008021,1.482848
6.026000,0.002373,-0.007866,1.488450
6.028000,0.019745,0.003038,1.531091
6.030000,-0.011334,-0.013232,1.496710
6.032000,-0.012619,0.029557,1.500603
6.034000,0.021144,0.009764,1.496498
6.036000,0.007573,-0.016142,1.522661
6.038000,-0.040895,0.001890,1.523436
6.040000,-0.024508,0.002480,1.522264
6.042000,0.030025,0.024294,1.500531
6.044000,0.008039,-0.012008,1.482551
6.046000,-0.015244,0.015347,1.538504
6.048000,-0.003408,0.000837,1.517126
6.050000,0.000265,0.029831,1.490867
6.052000,0.014715,0.025818,1.528476
6.054000,-0.027165,0.003940,1.489288
6.056000,-0.016819,-0.005246,1.528214
6.058000,0.005459,0.010132,1.529566
6.060000,-0.001997,-0.003609,1.481570
6.062000,0.011437,0.033606,1.511635
6.064000,-0.024590,0.001569,1.515644
6.066000,0.007143,-0.008113,1.552298
6.068000,0.021832,-0.009192,1.485154
6.070000,0.009736,-0.024261,1.528651
6.072000,0.002782,0.011131,1.500347
6.074000,-0.001918,-0.016400,1.475173
6.076000,-0.016697,0.021963,1.497600
6.078000,-0.001440,-0.025859,1.500049
6.080000,0.025194,0.002545,1.478822
6.082000,-0.002381,0.023004,1.506243
6.084000,-0.017796,-0.043045,1.519156
6.086000,-0.009845,0.040365,1.504764
6.088000,0.004017,-0.008506,1.489163
6.090000,-0.007470,0.002822,1.497031
6.092000,0.009706,0.011429,1.499909
6.094000,0.010457,0.014523,1.504346
6.096000,0.017780,0.005478,1.522197
6.098000,0.028471,0.019948,1.505439
6.100000,0.019917,0.010381,1.471946
6.102000,-0.018685,0.035218,1.488754
6.104000,-0.018071,0.010447,1.503320
6.106000,-0.001515,0.039293,1.522482
6.108000,-0.009024,0.018022,1.525957
6.110000,-0.022767,-0.036115,1.535494
6.112000,-0.008834,0.052222,1.502612
6.114000,-0.009490,-0.011487,1.515266
6.116000,-0.013437,0.029911,1.470911
6.118000,-0.006316,0.000536,1.508598
6.120000,0.023569,0.021222,1.478495
6.122000,0.003985,-0.013770,1.498749
6.124000,0.049436,0.012515,1.560597
6.126000,0.003410,-0.005064,1.506071
6.128000,-0.005801,0.031580,1.482724
6.130000,0.000083,0.008773,1.508156
6.132000,0.005130,0.018719,1.489658
6.134000,0.008705,-0.043282,1.480785
6.136000,0.041534,-0.001711,1.542063
6.138000,-0.016906,0.008211,1.521336
6.140000,0.017181,0.004472,1.506911
6.142000,0.004155,0.019223,1.492164
6.144000,-0.031422,-0.007318,1.493784
6.146000,0.015414,0.000976,1.530850
6.148000,0.025352,0.023625,1.506132
6.150000,-0.017144,-0.045574,1.438344
6.152000,-0.000179,0.011787,1.548419
6.154000,-0.034507,-0.006678,1.503661
6.156000,-0.025176,-0.018246,1.506867
6.158000,0.020961,0.006731,1.521734
6.160000,-0.009328,0.024549,1.509308
6.162000,-0.022176,0.020783,1.514938
6.164000,0.004589,-0.002702,1.491526
6.166000,-0.010448,0.017515,1.475404
6.168000,-0.009416,0.017361,1.505605
6.170000,0.014787,-0.001747,1.528632
6.172000,-0.023235,-0.013862,1.487044
6.174000,-0.018107,-0.012705,1.485440
6.176000,0.003082,0.016757,1.524420
6.178000,0.019388,-0.000843,1.490855
6.180000,0.024763,-0.020924,1.491789
6.182000,-0.013301,-0.033697,1.492537
6.184000,0.018748,0.016637,1.498700
6.186000,-0.015683,-0.010936,1.468527
6.188000,0.036524,0.006608,1.489213
6.190000,-0.022675,0.024794,1.504607
6.192000,0.026570,-0.026178,1.504465
6.194000,-0.013130,-0.000903,1.523160
6.196000,0.040265,-0.003414,1.536788
6.198000,0.011826,0.007595,1.530250
6.200000,-0.020320,0.024783,1.518293
6.202000,-0.010445,-0.026589,1.497025
6.204000,0.015624,0.011396,1.487539
6.206000,0.021053,0.020630,1.500358
6.208000,-0.001414,-0.003728,1.511712
6.210000,0.000893,-0.002749,1.516439
6.212000,0.015167,0.008369,1.512462
6.214000,0.002636,0.006896,1.497576
6.216000,-0.025870,0.011647,1.515737
6.218000,-0.016259,0.011226,1.525217
6.220000,0.004702,-0.019639,1.517603
6.222000,0.024310,0.019805,1.499360
6.224000,0.032320,0.023336,1.483323
6.226000,0.015591,0.003722,1.482849
6.228000,0.005746,-0.029883,1.486376
6.230000,0.014976,-0.002295,1.505142
6.232000,-0.013335,0.003888,1.510396
6.234000,-0.003065,-0.022892,1.471709
6.236000,-0.016483,-0.007203,1.489920
6.238000,-0.024975,-0.028187,1.504866
6.240000,0.006671,0.012146,1.482006
6.242000,0.003710,0.003319,1.508678
6.244000,0.013753,-0.032916,1.493851
6.246000,0.010922,0.007029,1.485532
6.248000,0.004853,-0.001130,1.501064
6.250000,0.011132,0.010328,1.507846
6.252000,-0.000854,-0.007831,1.483029
6.254000,0.008258,-0.016030,1.495148
6.256000,-0.014523,-0.015417,1.509354
6.258000,0.007394,-0.010763,1.484758
6.260000,0.013368,0.000377,1.466845
6.262000,-0.013394,0.002959,1.469269
6.264000,0.001037,-0.003814,1.491639
6.266000,-0.012472,-0.008466,1.473632
6.268000,-0.010530,-0.007028,1.493046
6.270000,-0.022499,0.050154,1.533299
6.272000,0.025315,-0.015415,1.472428
6.274000,0.021314,-0.011159,1.494348
6.276000,0.010749,0.065877,1.542646
6.278000,0.039444,0.008420,1.508163
6.280000,-0.003785,-0.027600,1.492646
6.282000,0.060635,0.016854,1.496862
6.284000,-0.004551,-0.018201,1.508587
6.286000,0.005104,0.018181,1.533915
6.288000,-0.007956,-0.004219,1.489383
6.290000,0.007447,-0.008796,1.484848
6.292000,0.016712,0.032183,1.472424
6.294000,-0.002278,0.011328,1.502062
6.296000,0.035534,0.019460,1.471886
6.298000,0.004783,0.008698,1.490724
6.300000,0.005410,-0.008889,1.481826
6.302000,-0.018180,0.012227,1.521482
6.304000,0.008370,0.024184,1.489832
6.306000,-0.002681,0.002695,1.507939
6.308000,-0.012165,0.036033,1.467918
6.310000,-0.015529,0.017010,1.502630
6.312000,0.053435,0.004240,1.475937
6.314000,-0.005270,0.005030,1.491487
6.316000,-0.029140,0.002745,1.544224
6.318000,-0.013964,-0.025025,1.518643
6.320000,-0.001031,-0.001801,1.497432
6.322000,0.010933,0.004424,1.563979
6.324000,0.011096,-0.008322,1.481697
6.326000,0.013532,0.006754,1.523304
6.328000,-0.012897,0.000426,1.469347
6.330000,0.006809,0.015474,1.495122
6.332000,-0.017521,0.013262,1.473044
6.334000,-0.012393,0.003343,1.505146
6.336000,-0.018354,-0.027344,1.501119
6.338000,-0.023768,0.035814,1.493847
6.340000,0.021284,-0.002838,1.521841
6.342000,0.013772,-0.001618,1.488658
6.344000,0.019533,-0.006850,1.506537
6.346000,0.000786,-0.009768,1.516411
6.348000,0.015536,0.030881,1.470336
6.350000,-0.035226,0.027721,1.485032
6.352000,0.017262,0.008888,1.501077
6.354000,0.003542,-0.002150,1.512603
6.356000,0.012542,0.012382,1.528425
6.358000,0.007600,0.001476,1.495682
6.360000,-0.019741,-0.003804,1.493671
6.362000,-0.029961,0.006762,1.482548
6.364000,-0.014241,-0.008823,1.506600
6.366000,0.011298,0.005045,1.494058
6.368000,0.013802,0.004084,1.494519
6.370000,-0.027359,0.012059,1.498122
6.372000,-0.019622,-0.012383,1.511033
6.374000,-0.014465,0.014203,1.488725
6.376000,-0.007146,-0.018126,1.484557
6.378000,-0.027241,-0.011451,1.508634
6.380000,-0.028441,-0.010579,1.439486
6.382000,-0.016437,-0.021441,1.487926
6.384000,0.001725,0.020313,1.476974
6.386000,-0.023612,-0.019381,1.524065
6.388000,-0.002316,-0.013978,1.491181
6.390000,0.021171,0.025108,1.488786
6.392000,-0.026036,-0.011412,1.499028
6.394000,-0.004129,-0.003763,1.488093
6.396000,0.020495,-0.020241,1.491947
6.398000,-0.008365,0.016659,1.501942
6.400000,-0.011473,0.016935,1.491559
6.402000,0.023270,0.014779,1.491416
6.404000,-0.006124,0.010751,1.479797
6.406000,0.022090,0.001472,1.476924
6.408000,0.008579,-0.010488,1.501213
6.410000,-0.006857,-0.016299,1.506132
6.412000,0.009594,0.025798,1.471437
6.414000,0.006409,0.015296,1.515199
6.416000,0.020418,-0.013866,1.515281
6.418000,-0.010967,0.000797,1.519494
6.420000,0.000824,-0.006002,1.505998
6.422000,-0.001230,-0.022564,1.512742
6.424000,0.014083,0.003553,1.543701
6.426000,-0.020504,-0.008310,1.493970
6.428000,0.020340,-0.019051,1.479086
6.430000,0.009327,-0.029583,1.469319
6.432000,-0.026339,-0.031276,1.535113
6.434000,0.024165,-0.007429,1.535376
6.436000,0.044682,-0.001702,1.481508
6.438000,0.020037,-0.017506,1.485454
6.440000,0.028540,0.013015,1.493520
6.442000,0.001707,-0.001311,1.524485
6.444000,-0.033230,0.011538,1.474254
6.446000,-0.036882,-0.003658,1.460668
6.448000,0.005102,-0.015742,1.543350
6.450000,-0.011840,0.002282,1.506247
6.452000,-0.018292,-0.025253,1.509088
6.454000,-0.001255,0.010789,1.495898
6.456000,0.012312,-0.018743,1.509316
6.458000,-0.029055,0.018365,1.469716
6.460000,-0.008978,-0.006769,1.483182
6.462000,0.030197,0.021251,1.502103
6.464000,-0.021506,-0.022452,1.454582
6.466000,0.017395,-0.013555,1.493950
6.468000,-0.009695,0.007619,1.492717
6.470000,0.010916,0.023410,1.493946
6.472000,0.021947,0.033332,1.488978
6.474000,0.014826,0.000827,1.480082
6.476000,0.018183,0.036755,1.463559
6.478000,-0.023032,-0.005793,1.502895
6.480000,0.022273,0.021975,1.493998
6.482000,-0.017054,-0.018844,1.472494
6.484000,0.005191,0.008404,1.501251
6.486000,0.005165,-0.046834,1.494101
6.488000,0.009702,-0.022432,1.490780
6.490000,0.006739,0.009334,1.456862
6.492000,-0.016876,-0.026249,1.513655
6.494000,-0.026997,0.008539,1.475339
6.496000,0.017447,0.018129,1.501265
6.498000,0.003717,-0.010026,1.483835
6.500000,0.022988,-0.019379,1.492225
6.502000,-0.000895,-0.009484,1.523046
6.504000,-0.028103,-0.019316,1.510632
6.506000,0.019323,-0.002024,1.522601
6.508000,-0.007407,0.002042,1.506608
6.510000,0.006840,-0.006120,1.507923
6.512000,-0.012949,0.033487,1.464377
6.514000,0.032886,-0.014388,1.493650
6.516000,-0.017531,0.027829,1.495502
6.518000,-0.006749,-0.020825,1.524473
6.520000,0.002149,0.001456,1.489875
6.522000,-0.021844,0.023662,1.505297
6.524000,0.006610,0.022627,1.504515
6.526000,0.032238,-0.008405,1.523154
6.528000,-0.009809,0.011101,1.497325
6.530000,0.007903,0.008424,1.516556
6.532000,-0.054989,-0.010799,1.465903
6.534000,-0.000779,0.012319,1.467720
6.536000,-0.006261,0.037250,1.454333
6.538000,-0.016370,0.009434,1.515720
6.540000,0.021629,0.011327,1.513473
6.542000,-0.006525,0.013443,1.517937
6.544000,-0.003550,-0.029220,1.486453
6.546000,-0.007544,0.009204,1.488729
6.548000,-0.038336,-0.020335,1.497579
6.550000,-0.022640,-0.011798,1.528874
6.552000,0.019222,0.043239,1.533877
6.554000,-0.042199,-0.005065,1.515876
6.556000,-0.015326,-0.014803,1.506620
6.558000,-0.007994,0.023052,1.526708
6.560000,0.034872,-0.018954,1.494883
6.562000,0.015372,-0.008948,1.492181
6.564000,-0.011143,0.024981,1.497420
6.566000,0.026090,0.000855,1.480426
6.568000,-0.014810,-0.031232,1.496500
6.570000,0.020182,0.010880,1.477652
6.572000,-0.027178,-0.007929,1.520500
6.574000,0.021465,0.030797,1.510874
6.576000,-0.008123,-0.012124,1.528591
6.578000,-0.020570,0.021025,1.467414
6.580000,-0.004343,0.035514,1.538034
6.582000,0.005547,-0.017019,1.468550
6.584000,-0.009895,-0.003864,1.476034
6.586000,0.011079,0.007773,1.487584
6.588000,-0.011660,-0.017147,1.526154
6.590000,0.012407,0.005406,1.504511
6.592000,0.008844,-0.004498,1.495123
6.594000,-0.001218,-0.004901,1.484147
6.596000,-0.008828,0.000979,1.472481
6.598000,0.003031,0.001425,1.522653
6.600000,0.011005,0.003278,1.515973
6.602000,0.041236,-0.011977,1.527049
6.604000,0.018788,-0.011103,1.507936
6.606000,0.019520,-0.002372,1.447158
6.608000,0.061770,-0.000895,1.475108
6.610000,0.010319,-0.008777,1.509297
6.612000,0.009693,0.006479,1.492606
6.614000,0.014080,-0.036295,1.488823
6.616000,-0.020179,-0.014609,1.477935
6.618000,-0.008878,-0.005599,1.518952
6.620000,-0.010123,-0.017122,1.509124
6.622000,0.012952,0.032584,1.510024
6.624000,-0.003483,0.000377,1.487328
6.626000,0.002764,0.003535,1.503526
6.628000,0.021749,-0.009665,1.473245
6.630000,0.017263,-0.000316,1.497403
6.632000,-0.003234,-0.024305,1.449441
6.634000,-0.013400,-0.003396,1.468638
6.636000,0.022705,-0.018740,1.493554
6.638000,0.015478,-0.005548,1.547502
6.640000,-0.032125,-0.051198,1.463985
6.642000,-0.006263,-0.022560,1.475128
6.644000,0.003310,0.029279,1.504335
6.646000,0.015577,0.016608,1.535388
6.648000,0.018202,0.026381,1.504043
6.650000,0.005678,0.027754,1.514043
6.652000,0.011705,0.013460,1.493248
6.654000,0.001283,-0.009057,1.489788
6.656000,-0.013477,-0.020745,1.501644
6.658000,-0.005225,0.022935,1.486834
6.660000,0.000380,0.001291,1.514485
6.662000,-0.000694,0.049880,1.467875
6.664000,-0.037711,-0.007302,1.517800
6.666000,-0.007950,0.039458,1.500786
6.668000,0.001124,-0.003136,1.495706
6.670000,-0.005627,0.026721,1.467140
6.672000,-0.004936,0.033934,1.480404
6.674000,0.009760,-0.020459,1.523973
6.676000,-0.021579,-0.009700,1.495828
6.678000,-0.032561,-0.020660,1.505568
6.680000,-0.006963,-0.024599,1.482409
6.682000,0.015282,0.013341,1.499419
6.684000,0.033751,-0.003933,1.472557
6.686000,0.015643,0.001047,1.501998
6.688000,-0.029365,0.011125,1.507413
6.690000,-0.004647,-0.037148,1.506412
6.692000,0.005133,0.025735,1.481928
6.694000,0.003552,-0.006982,1.493159
6.696000,0.010786,0.010648,1.510744
6.698000,-0.018341,0.012414,1.495771
6.700000,0.001299,0.027416,1.494254
6.702000,0.008406,-0.002097,1.538069
6.704000,0.016513,-0.042473,1.480980
6.706000,-0.016114,0.001143,1.521608
6.708000,-0.006903,0.004014,1.476906
6.710000,-0.054076,-0.020685,1.513096
6.712000,-0.012429,0.002950,1.514163
6.714000,-0.010488,-0.007220,1.489793
6.716000,-0.020392,-0.026855,1.475650
6.718000,0.003312,0.013430,1.460591
6.720000,-0.001119,-0.011275,1.487698
6.722000,-0.045184,-0.008128,1.510524
6.724000,0.004310,-0.009252,1.478447
6.726000,-0.018566,0.024710,1.501939
6.728000,0.009714,-0.000818,1.470471
6.730000,-0.025637,0.001582,1.495322
6.732000,0.000600,-0.008813,1.477059
6.734000,-0.005663,0.009257,1.498440
6.736000,0.006062,0.026986,1.489978
6.738000,0.002494,0.012957,1.476193
6.740000,-0.005103,0.013737,1.486823
6.742000,-0.030725,0.012125,1.481317
6.744000,-0.029544,-0.027605,1.473722
6.746000,-0.011678,-0.017522,1.521655
6.748000,-0.000166,-0.004100,1.492797
6.750000,-0.012165,-0.014517,1.455955
6.752000,0.012504,-0.021291,1.487534
6.754000,-0.005584,-0.037444,1.518294
6.756000,-0.019300,-0.026931,1.484773
6.758000,-0.005562,-0.005131,1.529955
6.760000,0.004517,-0.001389,1.482867
6.762000,0.006498,-0.015861,1.510068
6.764000,0.037568,0.001579,1.520733
6.766000,-0.013378,-0.008677,1.509004
6.768000,-0.001470,0.021811,1.472510
6.770000,0.008522,-0.003233,1.481151
6.772000,-0.000468,0.013927,1.523401
6.774000,-0.010012,0.004064,1.483908
6.776000,-0.030985,-0.028041,1.519514
6.778000,-0.010217,-0.001813,1.491394
6.780000,-0.021474,-0.024712,1.502829
6.782000,-0.034532,-0.002162,1.472278
6.784000,-0.015914,-0.014903,1.487835
6.786000,-0.020942,0.007639,1.482494
6.788000,0.011676,-0.026847,1.504512
6.790000,0.012022,0.000294,1.501864
6.792000,-0.018078,0.011448,1.509253
6.794000,-0.005205,0.018152,1.490190
6.796000,-0.037165,-0.015283,1.481395
6.798000,-0.009887,0.000355,1.503655
6.800000,0.007980,0.003683,1.479408
6.802000,0.016499,0.030943,1.521568
6.804000,-0.014261,-0.029627,1.497710
6.806000,0.021037,-0.018222,1.493477
6.808000,-0.030314,0.056089,1.509244
6.810000,-0.024953,-0.005462,1.498473
6.812000,0.014193,-0.037820,1.466839
6.814000,0.033422,-0.011651,1.478771
6.816000,0.009869,-0.055377,1.521154
6.818000,-0.000807,0.004818,1.501678
6.820000,-0.043904,0.016196,1.466369
6.822000,-0.040449,-0.018233,1.507042
6.824000,0.002588,-0.009414,1.488815
6.826000,-0.007161,0.018473,1.482510
6.828000,-0.022117,-0.035004,1.477103
6.830000,0.001311,-0.026431,1.519999
6.832000,0.002303,-0.004562,1.460690
6.834000,0.018888,-0.015047,1.483249
6.836000,0.002732,-0.005877,1.502403
6.838000,0.024568,-0.025275,1.531567
6.840000,0.000160,0.004286,1.511077
6.842000,-0.002307,-0.002985,1.483080
6.844000,0.021286,0.010984,1.530587
6.846000,-0.019569,0.004008,1.472898
6.848000,0.056289,0.004134,1.505307
6.850000,0.007505,-0.028926,1.509756
6.852000,0.007617,0.009852,1.482378
6.854000,0.010502,-0.006617,1.513952
6.856000,0.037543,-0.003332,1.489722
6.858000,0.015850,0.020965,1.513903
6.860000,-0.032101,-0.014389,1.463208
6.862000,0.028069,0.027024,1.506700
6.864000,-0.006818,0.028890,1.491758
6.866000,0.002143,0.015056,1.522994
6.868000,-0.025585,-0.019612,1.499120
6.870000,0.010524,-0.043726,1.524985
6.872000,-0.013027,0.021577,1.510152
6.874000,0.002003,0.002228,1.497450
6.876000,-0.005682,-0.014904,1.511753
6.878000,0.038500,0.023471,1.503881
6.880000,0.039645,-0.017231,1.489438
6.882000,0.000930,-0.008483,1.426154
6.884000,0.001280,0.010498,1.444349
6.886000,-0.007469,-0.022272,1.483682
6.888000,0.022120,-0.002190,1.422881
6.890000,-0.006578,0.021783,1.457649
6.892000,-0.008427,0.004222,1.446129
6.894000,0.019572,0.024949,1.409485
6.896000,-0.010766,0.022672,1.376095
6.898000,-0.000755,0.000155,1.396622
6.900000,-0.031626,-0.046735,1.441560
6.902000,0.014084,-0.022115,1.374734
6.904000,0.038817,0.015267,1.368115
6.906000,0.014425,-0.031005,1.356048
6.908000,0.029236,-0.006534,1.392296
6.910000,-0.016922,0.006770,1.355142
6.912000,0.004726,0.029391,1.339482
6.914000,-0.018863,-0.011500,1.372269
6.916000,-0.004555,-0.012870,1.347590
6.918000,0.015444,-0.001049,1.309614
6.920000,0.002036,0.007018,1.295528
6.922000,-0.028253,-0.003085,1.335163
6.924000,-0.026301,0.020985,1.304336
6.926000,-0.027623,-0.015983,1.265019
6.928000,0.009829,0.002403,1.252338
6.930000,0.041278,0.008904,1.257679
6.932000,0.027249,-0.008005,1.247210
6.934000,-0.037920,0.016794,1.223078
6.936000,0.028422,0.002979,1.234010
6.938000,0.018728,0.015777,1.229618
6.940000,-0.030906,0.003882,1.230746
6.942000,-0.006064,0.007528,1.265858
6.944000,0.021910,-0.012648,1.218663
6.946000,0.011009,-0.012615,1.212649
6.948000,-0.026182,0.024488,1.218185
6.950000,0.012215,0.012710,1.195254
6.952000,-0.042750,-0.020459,1.200003
6.954000,-0.004456,0.003617,1.189612
6.956000,0.022759,-0.047476,1.178452
6.958000,0.000368,-0.011479,1.223329
6.960000,-0.009979,0.019221,1.178223
6.962000,0.017787,-0.002503,1.130366
6.964000,0.019495,0.002358,1.151404
6.966000,0.026201,-0.060328,1.120165
6.968000,0.017487,-0.007845,1.136925
6.970000,0.021627,0.006765,1.092496
6.972000,0.014658,0.009306,1.089844
6.974000,0.005311,0.019247,1.110878
6.976000,0.001790,-0.004205,1.115953
6.978000,-0.004745,-0.003313,1.098053
6.980000,-0.024247,-0.026642,1.097082
6.982000,-0.019106,-0.004090,1.079476
6.984000,-0.005640,-0.025232,1.067450
6.986000,0.004829,-0.036957,1.045926
6.988000,0.028816,-0.021704,1.064260
6.990000,-0.000836,0.030174,1.060498
6.992000,0.020070,-0.005411,1.030738
6.994000,0.021586,0.004398,1.021661
6.996000,-0.004629,-0.010270,1.047828
6.998000,0.011894,-0.035811,1.007592
7.000000,-0.004871,0.018722,1.001514
7.002000,0.026443,-0.043444,1.001685
7.004000,0.012717,-0.011096,0.982044
7.006000,-0.023810,-0.001092,0.959593
7.008000,0.003230,0.004610,0.975559
7.010000,0.032962,-0.014529,0.959225
7.012000,-0.003625,-0.036759,0.988845
7.014000,0.008954,-0.016022,0.959769
7.016000,0.010918,-0.014975,0.924090
7.018000,-0.020732,-0.015462,0.942581
7.020000,0.010214,0.019401,0.926157
7.022000,-0.027877,-0.024272,0.938189
7.024000,-0.012512,0.006020,0.893511
7.026000,0.021514,0.003166,0.899774
7.028000,0.007135,0.019209,0.886018
7.030000,-0.006090,-0.002663,0.881170
7.032000,0.008929,0.015823,0.854296
7.034000,-0.001202,-0.003444,0.875518
7.036000,0.000252,0.008688,0.864359
7.038000,0.013136,-0.030059,0.873704
7.040000,-0.014547,-0.052766,0.839799
7.042000,0.000807,0.007551,0.823763
7.044000,-0.006245,0.008624,0.839786
7.046000,-0.031712,0.009510,0.800116
7.048000,-0.018409,-0.010499,0.829700
7.050000,0.031364,0.029794,0.821657
7.052000,0.007694,-0.009198,0.817146
7.054000,-0.026472,0.008418,0.791532
7.056000,-0.030807,0.011893,0.766270
7.058000,-0.002243,0.034375,0.770184
7.060000,0.031224,-0.006341,0.767601
7.062000,-0.003735,-0.013064,0.740797
7.064000,0.026140,-0.029963,0.770662
7.066000,0.007039,0.031047,0.747602
7.068000,0.009425,0.008428,0.710156
7.070000,-0.026714,0.009061,0.757657
7.072000,0.018750,0.062334,0.713948
7.074000,-0.006699,0.006501,0.682118
7.076000,0.017262,-0.026046,0.679395
7.078000,-0.016283,-0.003918,0.717756
7.080000,0.003541,-0.019496,0.716500
7.082000,0.007040,-0.007917,0.692190
7.084000,-0.003081,-0.008052,0.690386
7.086000,0.008091,-0.011740,0.680332
7.088000,-0.005328,-0.027866,0.659138
7.090000,-0.012981,0.031850,0.646581
7.092000,0.032110,0.005977,0.642797
7.094000,0.020979,-0.004509,0.638720
7.096000,-0.015217,0.015153,0.601168
7.098000,0.011369,0.009421,0.622639
7.100000,-0.014854,0.005514,0.629172
7.102000,-0.023694,0.013700,0.587873
7.104000,0.020676,0.002679,0.577735
7.106000,-0.034082,0.013404,0.585531
7.108000,0.018537,0.015062,0.555007
7.110000,-0.005054,0.003254,0.533664
7.112000,-0.004231,-0.004408,0.574954
7.114000,0.008195,0.030608,0.534981
7.116000,0.011624,-0.009558,0.536369
7.118000,-0.016527,0.007826,0.515797
7.120000,0.014355,0.008278,0.545535
7.122000,0.002267,-0.012191,0.529064
7.124000,-0.025121,-0.016156,0.499185
7.126000,-0.003397,-0.007077,0.472402
7.128000,0.027626,-0.009844,0.481061
7.130000,0.033532,-0.029163,0.491403
7.132000,0.014347,-0.013030,0.475773
7.134000,-0.023807,0.005324,0.466182
7.136000,0.009812,0.025319,0.460234
7.138000,0.017017,0.011088,0.463176
7.140000,0.014514,-0.051991,0.439163
7.142000,0.015699,0.012826,0.441000
7.144000,0.007265,-0.011163,0.404262
7.146000,-0.001448,0.009062,0.467077
7.148000,-0.012167,-0.000283,0.402323
7.150000,-0.037959,-0.003854,0.404072
7.152000,0.006793,-0.002045,0.403329
7.154000,0.003721,-0.000448,0.375784
7.156000,0.011152,0.026888,0.376156
7.158000,-0.026751,-0.000393,0.367914
7.160000,0.012900,0.021711,0.341719
7.162000,0.041091,0.018798,0.360772
7.164000,0.001569,0.013341,0.311016
7.166000,-0.001233,-0.035732,0.371054
7.168000,0.006180,0.022333,0.343859
7.170000,0.040647,-0.009158,0.332782
7.172000,-0.020473,0.014315,0.277267
7.174000,0.004064,-0.019451,0.288149
7.176000,-0.015993,-0.023701,0.323787
7.178000,-0.010940,0.039528,0.371025
7.180000,-0.000992,-0.019140,0.303894
7.182000,0.026946,0.022922,0.292739
7.184000,0.036020,0.002368,0.274499
7.186000,0.008963,-0.008402,0.239050
7.188000,-0.007532,-0.000897,0.267903
7.190000,0.049855,-0.026022,0.217976
7.192000,-0.008551,-0.000275,0.207788
7.194000,-0.011423,-0.021655,0.198529
7.196000,-0.035499,-0.007909,0.235514
7.198000,0.027922,0.018506,0.206852
7.200000,0.019365,0.005084,0.202017
7.202000,0.048356,-0.029643,0.191692
7.204000,-0.027790,0.017030,0.161486
7.206000,0.029163,-0.000142,0.162585
7.208000,0.001403,-0.010844,0.155591
7.210000,0.016122,0.014934,0.131895
7.212000,-0.032956,-0.003344,0.141916
7.214000,0.029362,-0.023313,0.122374
7.216000,0.015730,0.036956,0.147554
7.218000,-0.000778,-0.000346,0.141219
7.220000,0.012902,-0.001628,0.094127
7.222000,-0.015310,-0.008102,0.106067
7.224000,-0.011589,0.023599,0.141121
7.226000,-0.009269,-0.010498,0.076385
7.228000,-0.037055,-0.030900,0.096533
7.230000,0.017235,-0.013574,0.082110
7.232000,0.023832,0.026535,0.093858
7.234000,-0.014027,0.016643,0.069909
7.236000,0.006964,-0.005100,0.047374
7.238000,-0.005311,0.027465,0.049335
7.240000,0.006565,0.014959,0.041627
7.242000,-0.012552,-0.005332,0.030166
7.244000,-0.017669,-0.003318,-0.002382
7.246000,0.021041,0.006586,0.040862
7.248000,-0.001277,-0.016638,0.029329
7.250000,0.040442,0.000090,-0.020884
7.252000,0.000926,0.006170,-0.006015
7.254000,-0.018522,-0.033739,-0.004502
7.256000,0.024539,-0.003786,-0.023130
7.258000,0.012616,-0.006061,-0.037336
7.260000,0.014537,0.020561,-0.013412
7.262000,0.023812,-0.036890,-0.007128
7.264000,-0.013056,-0.007630,-0.028825
7.266000,-0.002545,-0.009635,0.003540
7.268000,-0.003429,0.019201,0.023257
7.270000,-0.025815,-0.000871,0.016842
7.272000,-0.005272,0.035922,-0.002534
7.274000,0.026728,0.013244,-0.036808
7.276000,0.004747,-0.008204,0.014314
7.278000,-0.026921,0.004793,0.002928
7.280000,-0.031117,-0.007081,0.008487
7.282000,0.033296,0.017188,0.038722
7.284000,-0.001806,-0.026644,-0.016496
7.286000,-0.012948,-0.016474,-0.057496
7.288000,-0.005480,0.009114,-0.021069
7.290000,-0.029546,0.024515,0.009721
7.292000,0.028462,-0.044039,0.000539
7.294000,-0.007861,0.027489,-0.024313
7.296000,0.027348,-0.002803,-0.028394
7.298000,0.001033,-0.037677,-0.007092
7.300000,0.028591,-0.060035,-0.024922
7.302000,0.005134,-0.030588,0.010413
7.304000,0.017065,-0.000394,-0.008229
7.306000,0.014382,-0.001318,-0.012542
7.308000,0.012466,0.012664,-0.015166
7.310000,0.006959,-0.010990,0.005262
7.312000,-0.004657,-0.022161,0.000852
7.314000,0.038309,-0.008262,0.004039
7.316000,-0.018139,0.000672,0.003603
7.318000,0.000086,0.004615,-0.001444
7.320000,0.000298,-0.015783,-0.020663
7.322000,0.008049,0.018029,-0.014608
7.324000,-0.008589,-0.012428,-0.007893
7.326000,0.006295,-0.017394,0.041304
7.328000,-0.003377,-0.010848,-0.026977
7.330000,-0.031639,0.021497,-0.008380
7.332000,0.000191,-0.002656,0.001965
7.334000,-0.022011,-0.013890,-0.006067
7.336000,-0.034688,0.018522,0.021479
7.338000,0.002737,0.042855,-0.006170
7.340000,0.009758,0.004194,-0.004691
7.342000,0.010534,0.024677,0.016293
7.344000,0.011343,0.020722,0.036214
7.346000,-0.038652,-0.012113,0.028150
7.348000,-0.027220,0.000533,-0.002733
7.350000,0.039470,-0.025651,-0.000990
7.352000,-0.020944,-0.004099,0.000934
7.354000,0.012217,-0.012524,0.002940
7.356000,-0.013739,-0.008058,-0.016947
7.358000,0.001593,-0.014998,0.018732
7.360000,-0.012665,-0.005742,0.004132
7.362000,0.011231,0.010645,-0.000897
7.364000,0.002735,-0.002390,-0.025423
7.366000,-0.008966,-0.037287,0.001246
7.368000,-0.021003,-0.014922,-0.037864
7.370000,0.005355,-0.030388,-0.011633
7.372000,-0.024254,0.004881,-0.011262
7.374000,0.008550,0.010066,0.005740
7.376000,0.052530,0.005131,0.037597
7.378000,0.027003,-0.015748,0.011438
7.380000,0.014367,0.004937,0.028968
7.382000,-0.001712,-0.009402,0.012904
7.384000,-0.038775,-0.022765,0.022501
7.386000,-0.026446,0.014839,0.037143
7.388000,0.025656,0.016361,-0.014637
7.390000,-0.015795,0.018978,-0.015942
7.392000,-0.013985,-0.012167,0.013376
7.394000,-0.003313,0.023587,-0.000074
7.396000,-0.021241,-0.009872,0.004407
7.398000,-0.024535,0.013070,-0.004973
7.400000,-0.001009,-0.010218,-0.011925
7.402000,-0.017831,-0.004480,0.032415
7.404000,-0.014820,-0.048424,-0.021997
7.406000,-0.015624,-0.006038,0.013728
7.408000,0.010447,0.001822,0.010485
7.410000,-0.004643,-0.008201,-0.031580
7.412000,-0.003571,0.035124,-0.016616
7.414000,0.011939,-0.023249,-0.013254
7.416000,-0.002841,-0.011272,0.011292
7.418000,-0.005565,-0.018097,-0.007341
7.420000,0.009409,-0.011276,-0.001712
7.422000,0.013364,0.020628,-0.029153
7.424000,-0.002941,0.029561,0.046518
7.426000,0.001612,-0.014016,0.001424
7.428000,-0.015636,-0.014460,0.009980
7.430000,-0.017214,-0.023143,-0.010813
7.432000,0.015383,0.026126,-0.013053
7.434000,0.008899,0.022420,0.038254
7.436000,0.009106,-0.002120,-0.038334
7.438000,0.005617,-0.027922,0.005573
7.440000,0.000924,-0.026133,-0.024230
7.442000,0.013928,0.003413,-0.008100
7.444000,0.018702,0.010987,-0.012762
7.446000,0.018225,-0.041323,-0.019720
7.448000,-0.002016,-0.006426,0.000709
7.450000,0.027740,0.032366,-0.051361
7.452000,0.004569,-0.004350,-0.006310
7.454000,0.012648,0.029793,-0.001806
7.456000,0.005642,0.012981,-0.027186
7.458000,0.004940,-0.021686,0.030264
7.460000,-0.014715,-0.005853,-0.011889
7.462000,0.014027,-0.002574,-0.004750
7.464000,0.056906,-0.019050,-0.011844
7.466000,-0.007496,-0.019397,-0.001631
7.468000,0.001420,0.030135,0.026163
7.470000,-0.008924,-0.019547,0.049460
7.472000,-0.009760,0.021569,0.014913
7.474000,0.030889,-0.008730,0.021760
7.476000,-0.013459,-0.000513,0.034329
7.478000,-0.009482,0.011237,0.004977
7.480000,-0.031750,-0.011971,0.031405
7.482000,-0.015152,0.011358,0.015848
7.484000,-0.034168,-0.040929,0.002880
7.486000,0.012636,0.008794,0.007007
7.488000,0.055994,-0.049371,-0.036428
7.490000,-0.007334,-0.004537,0.005842
7.492000,-0.033335,0.017085,-0.030875
7.494000,0.018000,0.012446,-0.032505
7.496000,-0.014538,-0.025968,0.003858
7.498000,0.025987,-0.023393,-0.022282
7.500000,-0.005641,-0.013773,-0.000142
7.502000,-0.012636,0.003724,0.002769
7.504000,-0.003559,-0.040639,0.003661
7.506000,0.015156,-0.000264,-0.018082
7.508000,-0.004548,0.006229,0.017974
7.510000,-0.009934,-0.005661,-0.001785
7.512000,-0.003977,0.010506,0.008822
7.514000,-0.025437,0.004474,-0.023929
7.516000,0.007941,-0.010833,-0.003567
7.518000,-0.035735,-0.038724,0.021946
7.520000,-0.008882,0.002668,0.019404
7.522000,0.015188,-0.019062,-0.015946
7.524000,0.006061,-0.011567,-0.010911
7.526000,0.011806,0.009582,-0.019774
7.528000,-0.001301,0.028347,-0.013128
7.530000,0.023395,-0.000761,-0.027981
7.532000,0.018494,0.011081,-0.002764
7.534000,0.008923,-0.028890,0.012663
7.536000,0.018551,0.004910,-0.015701
7.538000,0.015008,-0.001198,-0.001812
7.540000,-0.008789,0.024585,-0.004410
7.542000,-0.026878,-0.010809,0.021102
7.544000,0.008407,-0.004833,-0.012232
7.546000,0.010922,0.021176,-0.011504
7.548000,0.021809,-0.001841,-0.016920
7.550000,-0.018726,-0.022177,-0.022750
7.552000,-0.018129,0.051033,0.010584
7.554000,0.009198,-0.021572,-0.002702
7.556000,-0.001423,-0.001294,0.001096
7.558000,-0.037715,0.006934,0.025493
7.560000,0.007502,0.005352,0.026642
7.562000,-0.037048,-0.003795,-0.032925
7.564000,-0.018905,-0.003695,0.012957
7.566000,0.027034,-0.004699,0.004513
7.568000,0.036498,-0.022319,-0.009232
7.570000,-0.024313,0.043004,0.006554
7.572000,-0.006588,-0.004400,-0.034528
7.574000,0.000852,0.011939,0.029253
7.576000,0.035625,-0.006693,0.010299
7.578000,-0.009857,-0.007095,-0.017304
7.580000,-0.009538,-0.009109,-0.011708
7.582000,0.030975,-0.030997,-0.034063
7.584000,-0.007496,-0.003212,-0.006279
7.586000,0.014444,-0.008140,-0.009655
7.588000,-0.029543,0.023430,-0.026502
7.590000,-0.003425,-0.023934,0.015534
7.592000,-0.033192,-0.011543,0.025536
7.594000,-0.021109,-0.017969,-0.000547
7.596000,0.016784,0.028851,-0.006113
7.598000,-0.000998,-0.017388,0.008700
7.600000,-0.006382,0.011246,-0.000393
7.602000,-0.014975,0.019403,-0.021644
7.604000,-0.004413,-0.002922,-0.013054
7.606000,0.006022,-0.027536,-0.005929
7.608000,0.019658,-0.027283,0.004964
7.610000,-0.052503,0.017195,0.000187
7.612000,-0.016635,-0.025212,0.004207
7.614000,0.003182,0.007841,-0.030497
7.616000,-0.001977,0.002287,0.013304
7.618000,0.008068,0.007543,0.000068
7.620000,0.005351,0.009432,0.051054
7.622000,-0.006097,-0.018673,-0.007753
7.624000,-0.010537,-0.019511,0.006469
7.626000,-0.004910,0.014299,0.056584
7.628000,0.022975,-0.012587,0.003882
7.630000,-0.014640,-0.055003,-0.001353
7.632000,-0.001256,0.012975,-0.019738
7.634000,0.003667,-0.020725,0.030565
7.636000,0.031207,0.009343,-0.023182
7.638000,-0.006006,0.027856,0.008542
7.640000,0.019176,0.000335,-0.009471
7.642000,0.024640,0.019915,-0.003787
7.644000,-0.001275,0.003076,-0.028479
7.646000,-0.004214,0.031749,0.026863
7.648000,-0.006581,-0.021242,-0.005556
7.650000,-0.005116,-0.000164,-0.024302
7.652000,0.017085,0.013463,0.025054
7.654000,0.004620,-0.003808,-0.010083
7.656000,0.004706,0.023044,0.006692
7.658000,-0.022504,-0.008641,0.016828
7.660000,-0.019350,0.041387,0.009481
7.662000,0.042869,0.042444,-0.043933
7.664000,-0.003557,0.005641,0.013907
7.666000,-0.015495,0.011052,-0.002012
7.668000,0.028622,0.023833,-0.006581
7.670000,0.005636,-0.023744,-0.002181
7.672000,0.011563,-0.026240,-0.032201
7.674000,-0.002761,0.025128,0.003843
7.676000,-0.006373,0.005480,-0.027288
7.678000,-0.003392,-0.004530,-0.005717
7.680000,-0.027655,0.000222,0.003125
7.682000,-0.001759,-0.047721,0.021481
7.684000,0.005921,-0.003811,-0.016392
7.686000,0.037009,-0.015061,0.029032
7.688000,0.001720,0.018361,0.018937
7.690000,-0.046684,0.019901,-0.008588
7.692000,-0.001880,0.011534,-0.022175
7.694000,0.054790,0.007909,-0.028876
7.696000,0.017327,-0.029947,0.005435
7.698000,-0.016218,0.011813,-0.014746
7.700000,0.011822,0.012588,0.023987
7.702000,-0.014840,0.024904,-0.013590
7.704000,-0.027076,0.042364,-0.018013
7.706000,-0.006967,-0.033851,0.004673
7.708000,0.001831,-0.007770,-0.013721
7.710000,-0.037443,-0.014845,0.000171
7.712000,-0.022983,0.003450,0.019720
7.714000,0.000207,0.000268,0.002345
7.716000,-0.008163,-0.004682,0.002419
7.718000,0.007896,0.020552,0.004103
7.720000,-0.024293,-0.022028,-0.033862
7.722000,0.014282,-0.020822,0.007837
7.724000,-0.023675,-0.020485,0.003199
7.726000,0.032855,-0.007207,0.017858
7.728000,-0.034315,-0.024572,0.012116
7.730000,-0.021851,-0.000971,-0.004039
7.732000,0.008347,-0.003310,0.020648
7.734000,0.033285,-0.015730,-0.005853
7.736000,0.006301,0.017475,0.004943
7.738000,0.011257,-0.001190,-0.006223
7.740000,0.000351,0.021253,0.009235
7.742000,-0.020528,-0.003901,-0.007530
7.744000,-0.009803,-0.000484,0.032951
7.746000,-0.024238,-0.011256,0.040347
7.748000,-0.025574,-0.000141,0.017479
7.750000,0.008035,0.014245,0.030826
7.752000,-0.022464,-0.008227,-0.030784
7.754000,0.006391,0.010368,-0.028428
7.756000,-0.026036,-0.016255,-0.006431
7.758000,0.005928,0.015181,0.000825
7.760000,-0.009774,-0.011598,-0.003964
7.762000,0.028132,0.017034,-0.032843
7.764000,0.006474,0.001220,0.023032
7.766000,0.024716,0.030419,0.043084
7.768000,-0.015113,-0.023081,0.025620
7.770000,0.001123,-0.029524,0.021710
7.772000,-0.019622,-0.012324,0.004522
7.774000,-0.008272,-0.027692,-0.016860
7.776000,-0.005242,-0.027655,0.001451
7.778000,-0.014517,0.012431,0.042112
7.780000,-0.024310,-0.000084,-0.007040
7.782000,-0.028270,-0.009594,-0.009099
7.784000,-0.046795,-0.007739,0.022146
7.786000,-0.021127,-0.011945,0.023474
7.788000,0.012550,0.033007,-0.016958
7.790000,-0.031970,-0.014710,-0.005230
7.792000,-0.027362,-0.026443,-0.010038
7.794000,0.035818,0.015921,0.001394
7.796000,-0.012730,-0.004315,0.022074
7.798000,0.006421,0.040775,-0.016081
7.800000,0.012846,-0.010524,0.021793
7.802000,0.013251,0.016920,0.002033
7.804000,-0.030446,0.021644,0.046524
7.806000,-0.004621,-0.010427,0.006377
7.808000,-0.032365,-0.014858,-0.001938
7.810000,0.048926,0.014827,0.011494
7.812000,-0.031898,0.011498,-0.006743
7.814000,-0.020957,-0.028212,-0.035905
7.816000,-0.020812,-0.022569,-0.004810
7.818000,-0.029933,-0.050729,-0.005126
7.820000,0.027052,0.011908,-0.031846
7.822000,0.048449,-0.005237,-0.001461
7.824000,-0.009515,-0.003243,-0.041342
7.826000,-0.026408,-0.033829,-0.006954
7.828000,-0.044739,-0.021962,0.004872
7.830000,-0.004882,-0.009559,0.001940
7.832000,-0.006327,-0.013447,-0.008221
7.834000,-0.013026,0.002357,-0.001711
7.836000,0.004428,0.011669,-0.015681
7.838000,0.007903,0.045392,0.000216
7.840000,0.006462,-0.000400,0.001162
7.842000,-0.006322,0.022308,-0.018005
7.844000,-0.022032,-0.016599,0.005354
7.846000,0.013317,-0.033499,0.005229
7.848000,0.000250,-0.007046,-0.003324
7.850000,0.017767,-0.031954,0.048421
7.852000,0.015802,0.000293,-0.002814
7.854000,-0.028435,-0.015609,-0.005585
7.856000,-0.028684,-0.039085,-0.008448
7.858000,-0.015111,0.034721,-0.019419
7.860000,-0.021125,-0.010751,0.013718
7.862000,0.015105,-0.032752,-0.013725
7.864000,0.007026,0.017963,-0.011359
7.866000,0.021984,-0.014572,-0.010765
7.868000,0.007930,0.021803,-0.019699
7.870000,0.004173,-0.014668,-0.035022
7.872000,0.023995,-0.010818,-0.009259
7.874000,0.009395,0.006897,0.017467
7.876000,0.001362,0.011864,0.003940
7.878000,0.029609,0.015370,0.031212
7.880000,0.002304,-0.001795,0.015019
7.882000,-0.006087,0.010572,0.010479
7.884000,-0.016756,0.014913,0.037653
7.886000,0.014061,0.004011,-0.001943
7.888000,0.024741,-0.002853,0.001262
7.890000,-0.001012,-0.028906,-0.000229
7.892000,0.026158,0.011983,0.030876
7.894000,-0.039400,0.000843,0.000050
7.896000,-0.001109,-0.008272,-0.012966
7.898000,-0.000802,0.025555,0.011754
7.900000,-0.014540,-0.028557,-0.016325
7.902000,0.047677,0.032881,0.010669
7.904000,-0.001324,-0.000445,0.008277
7.906000,-0.008155,0.006350,-0.003788
7.908000,0.000519,-0.007901,0.011316
7.910000,-0.040056,-0.033341,-0.029756
7.912000,-0.015197,-0.002792,0.003259
7.914000,0.019665,0.006695,-0.009255
7.916000,-0.012579,0.013525,0.057245
7.918000,-0.016578,-0.003961,0.003117
7.920000,0.026191,-0.043851,-0.011928
7.922000,0.026805,-0.030833,-0.027566
7.924000,0.010340,0.041040,0.026108
7.926000,-0.009102,-0.021851,-0.007001
7.928000,-0.004789,0.028541,-0.015827
7.930000,-0.016083,-0.018682,0.006726
7.932000,-0.019895,-0.003649,0.012994
7.934000,-0.020888,0.012504,0.012679
7.936000,-0.012361,-0.016404,0.000395
7.938000,-0.020694,0.031844,0.003184
7.940000,-0.031274,0.001515,0.004641
7.942000,0.004388,0.009217,0.006728
7.944000,0.004692,-0.005352,0.008498
7.946000,0.034016,0.013174,0.021889
7.948000,-0.013367,0.031576,0.001128
7.950000,0.005922,-0.002626,-0.016336
7.952000,0.006254,0.034594,-0.002886
7.954000,-0.005077,-0.012232,0.015076
7.956000,0.014887,0.015282,-0.035731
7.958000,0.015505,0.009782,-0.035615
7.960000,0.006548,-0.021372,0.018366
7.962000,-0.005113,0.004276,0.030402
7.964000,-0.007151,0.000147,-0.025304
7.966000,-0.027355,-0.017064,0.002009
7.968000,-0.016118,0.007160,-0.007991
7.970000,-0.012440,0.002926,-0.005217
7.972000,-0.022479,-0.001452,0.006111
7.974000,0.008798,-0.001372,-0.025857
7.976000,0.023933,-0.001800,-0.022144
7.978000,-0.018161,-0.007354,-0.006025
7.980000,0.005669,0.002797,-0.002908
7.982000,-0.020682,-0.012878,-0.022519
7.984000,-0.006098,0.053136,0.015793
7.986000,-0.013807,-0.028187,-0.008351
7.988000,0.012038,-0.011695,-0.008436
7.990000,-0.013576,-0.010115,0.005653
7.992000,0.020233,0.040810,-0.002578
7.994000,-0.004914,-0.026403,0.016750
7.996000,-0.012992,0.008518,-0.018668
7.998000,-0.025066,0.004968,-0.027948
