time,ax,ay,az
0.000000,0.000000,0.000000,0.000000
0.002000,0.000000,0.000000,0.000000
0.004000,0.000000,0.000000,0.000000
0.006000,0.000000,0.000000,0.000000
0.008000,0.000000,0.000000,0.000000
0.010000,0.000000,0.000000,0.000000
0.012000,0.000000,0.000000,0.000000
0.014000,0.000000,0.000000,0.000000
0.016000,0.000000,0.000000,0.000000
0.018000,0.000000,0.000000,0.000000
0.020000,0.000000,0.000000,0.000000
0.022000,0.000000,0.000000,0.000000
0.024000,0.000000,0.000000,0.000000
0.026000,0.000000,0.000000,0.000000
0.028000,0.000000,0.000000,0.000000
0.030000,0.000000,0.000000,0.000000
0.032000,0.000000,0.000000,0.000000
0.034000,0.000000,0.000000,0.000000
0.036000,0.000000,0.000000,0.000000
0.038000,0.000000,0.000000,0.000000
0.040000,0.000000,0.000000,0.000000
0.042000,0.000000,0.000000,0.000000
0.044000,0.000000,0.000000,0.000000
0.046000,0.000000,0.000000,0.000000
0.048000,0.000000,0.000000,0.000000
0.050000,0.000000,0.000000,0.000000
0.052000,0.000000,0.000000,0.000000
0.054000,0.000000,0.000000,0.000000
0.056000,0.000000,0.000000,0.000000
0.058000,0.000000,0.000000,0.000000
0.060000,0.000000,0.000000,0.000000
0.062000,0.000000,0.000000,0.000000
0.064000,0.000000,0.000000,0.000000
0.066000,0.000000,0.000000,0.000000
0.068000,0.000000,0.000000,0.000000
0.070000,0.000000,0.000000,0.000000
0.072000,0.000000,0.000000,0.000000
0.074000,0.000000,0.000000,0.000000
0.076000,0.000000,0.000000,0.000000
0.078000,0.000000,0.000000,0.000000
0.080000,0.000000,0.000000,0.000000
0.082000,0.000000,0.000000,0.000000
0.084000,0.000000,0.000000,0.000000
0.086000,0.000000,0.000000,0.000000
0.088000,0.000000,0.000000,0.000000
0.090000,0.000000,0.000000,0.000000
0.092000,0.000000,0.000000,0.000000
0.094000,0.000000,0.000000,0.000000
0.096000,0.000000,0.000000,0.000000
0.098000,0.000000,0.000000,0.000000
0.100000,0.000000,0.000000,0.000000
0.102000,0.000000,0.000000,0.000000
0.104000,0.000000,0.000000,0.000000
0.106000,0.000000,0.000000,0.000000
0.108000,0.000000,0.000000,0.000000
0.110000,0.000000,0.000000,0.000000
0.112000,0.000000,0.000000,0.000000
0.114000,0.000000,0.000000,0.000000
0.116000,0.000000,0.000000,0.000000
0.118000,0.000000,0.000000,0.000000
0.120000,0.000000,0.000000,0.000000
0.122000,0.000000,0.000000,0.000000
0.124000,0.000000,0.000000,0.000000
0.126000,0.000000,0.000000,0.000000
0.128000,0.000000,0.000000,0.000000
0.130000,0.000000,0.000000,0.000000
0.132000,0.000000,0.000000,0.000000
0.134000,0.000000,0.000000,0.000000
0.136000,0.000000,0.000000,0.000000
0.138000,0.000000,0.000000,0.000000
0.140000,0.000000,0.000000,0.000000
0.142000,0.000000,0.000000,0.000000
0.144000,0.000000,0.000000,0.000000
0.146000,0.000000,0.000000,0.000000
0.148000,0.000000,0.000000,0.000000
0.150000,0.000000,0.000000,0.000000
0.152000,0.000000,0.000000,0.000000
0.154000,0.000000,0.000000,0.000000
0.156000,0.000000,0.000000,0.000000
0.158000,0.000000,0.000000,0.000000
0.160000,0.000000,0.000000,0.000000
0.162000,0.000000,0.000000,0.000000
0.164000,0.000000,0.000000,0.000000
0.166000,0.000000,0.000000,0.000000
0.168000,0.000000,0.000000,0.000000
0.170000,0.000000,0.000000,0.000000
0.172000,0.000000,0.000000,0.000000
0.174000,0.000000,0.000000,0.000000
0.176000,0.000000,0.000000,0.000000
0.178000,0.000000,0.000000,0.000000
0.180000,0.000000,0.000000,0.000000
0.182000,0.000000,0.000000,0.000000
0.184000,0.000000,0.000000,0.000000
0.186000,0.000000,0.000000,0.000000
0.188000,0.000000,0.000000,0.000000
0.190000,0.000000,0.000000,0.000000
0.192000,0.000000,0.000000,0.000000
0.194000,0.000000,0.000000,0.000000
0.196000,0.000000,0.000000,0.000000
0.198000,0.000000,0.000000,0.000000
0.200000,0.000000,0.000000,0.000000
0.202000,0.000000,0.000000,0.000000
0.204000,0.000000,0.000000,0.000000
0.206000,0.000000,0.000000,0.000000
0.208000,0.000000,0.000000,0.000000
0.210000,0.000000,0.000000,0.000000
0.212000,0.000000,0.000000,0.000000
0.214000,0.000000,0.000000,0.000000
0.216000,0.000000,0.000000,0.000000
0.218000,0.000000,0.000000,0.000000
0.220000,0.000000,0.000000,0.000000
0.222000,0.000000,0.000000,0.000000
0.224000,0.000000,0.000000,0.000000
0.226000,0.000000,0.000000,0.000000
0.228000,0.000000,0.000000,0.000000
0.230000,0.000000,0.000000,0.000000
0.232000,0.000000,0.000000,0.000000
0.234000,0.000000,0.000000,0.000000
0.236000,0.000000,0.000000,0.000000
0.238000,0.000000,0.000000,0.000000
0.240000,0.000000,0.000000,0.000000
0.242000,0.000000,0.000000,0.000000
0.244000,0.000000,0.000000,0.000000
0.246000,0.000000,0.000000,0.000000
0.248000,0.000000,0.000000,0.000000
0.250000,0.000000,0.000000,0.000000
0.252000,0.000000,0.000000,0.000000
0.254000,0.000000,0.000000,0.000000
0.256000,0.000000,0.000000,0.000000
0.258000,0.000000,0.000000,0.000000
0.260000,0.000000,0.000000,0.000000
0.262000,0.000000,0.000000,0.000000
0.264000,0.000000,0.000000,0.000000
0.266000,0.000000,0.000000,0.000000
0.268000,0.000000,0.000000,0.000000
0.270000,0.000000,0.000000,0.000000
0.272000,0.000000,0.000000,0.000000
0.274000,0.000000,0.000000,0.000000
0.276000,0.000000,0.000000,0.000000
0.278000,0.000000,0.000000,0.000000
0.280000,0.000000,0.000000,0.000000
0.282000,0.000000,0.000000,0.000000
0.284000,0.000000,0.000000,0.000000
0.286000,0.000000,0.000000,0.000000
0.288000,0.000000,0.000000,0.000000
0.290000,0.000000,0.000000,0.000000
0.292000,0.000000,0.000000,0.000000
0.294000,0.000000,0.000000,0.000000
0.296000,0.000000,0.000000,0.000000
0.298000,0.000000,0.000000,0.000000
0.300000,0.000000,0.000000,0.000000
0.302000,0.000000,0.000000,0.000000
0.304000,0.000000,0.000000,0.000000
0.306000,0.000000,0.000000,0.000000
0.308000,0.000000,0.000000,0.000000
0.310000,0.000000,0.000000,0.000000
0.312000,0.000000,0.000000,0.000000
0.314000,0.000000,0.000000,0.000000
0.316000,0.000000,0.000000,0.000000
0.318000,0.000000,0.000000,0.000000
0.320000,0.000000,0.000000,0.000000
0.322000,0.000000,0.000000,0.000000
0.324000,0.000000,0.000000,0.000000
0.326000,0.000000,0.000000,0.000000
0.328000,0.000000,0.000000,0.000000
0.330000,0.000000,0.000000,0.000000
0.332000,0.000000,0.000000,0.000000
0.334000,0.000000,0.000000,0.000000
0.336000,0.000000,0.000000,0.000000
0.338000,0.000000,0.000000,0.000000
0.340000,0.000000,0.000000,0.000000
0.342000,0.000000,0.000000,0.000000
0.344000,0.000000,0.000000,0.000000
0.346000,0.000000,0.000000,0.000000
0.348000,0.000000,0.000000,0.000000
0.350000,0.000000,0.000000,0.000000
0.352000,0.000000,0.000000,0.000000
0.354000,0.000000,0.000000,0.000000
0.356000,0.000000,0.000000,0.000000
0.358000,0.000000,0.000000,0.000000
0.360000,0.000000,0.000000,0.000000
0.362000,0.000000,0.000000,0.000000
0.364000,0.000000,0.000000,0.000000
0.366000,0.000000,0.000000,0.000000
0.368000,0.000000,0.000000,0.000000
0.370000,0.000000,0.000000,0.000000
0.372000,0.000000,0.000000,0.000000
0.374000,0.000000,0.000000,0.000000
0.376000,0.000000,0.000000,0.000000
0.378000,0.000000,0.000000,0.000000
0.380000,0.000000,0.000000,0.000000
0.382000,0.000000,0.000000,0.000000
0.384000,0.000000,0.000000,0.000000
0.386000,0.000000,0.000000,0.000000
0.388000,0.000000,0.000000,0.000000
0.390000,0.000000,0.000000,0.000000
0.392000,0.000000,0.000000,0.000000
0.394000,0.000000,0.000000,0.000000
0.396000,0.000000,0.000000,0.000000
0.398000,0.000000,0.000000,0.000000
0.400000,0.000000,0.000000,0.000000
0.402000,0.000000,0.000000,0.000000
0.404000,0.000000,0.000000,0.000000
0.406000,0.000000,0.000000,0.000000
0.408000,0.000000,0.000000,0.000000
0.410000,0.000000,0.000000,0.000000
0.412000,0.000000,0.000000,0.000000
0.414000,0.000000,0.000000,0.000000
0.416000,0.000000,0.000000,0.000000
0.418000,0.000000,0.000000,0.000000
0.420000,0.000000,0.000000,0.000000
0.422000,0.000000,0.000000,0.000000
0.424000,0.000000,0.000000,0.000000
0.426000,0.000000,0.000000,0.000000
0.428000,0.000000,0.000000,0.000000
0.430000,0.000000,0.000000,0.000000
0.432000,0.000000,0.000000,0.000000
0.434000,0.000000,0.000000,0.000000
0.436000,0.000000,0.000000,0.000000
0.438000,0.000000,0.000000,0.000000
0.440000,0.000000,0.000000,0.000000
0.442000,0.000000,0.000000,0.000000
0.444000,0.000000,0.000000,0.000000
0.446000,0.000000,0.000000,0.000000
0.448000,0.000000,0.000000,0.000000
0.450000,0.000000,0.000000,0.000000
0.452000,0.000000,0.000000,0.000000
0.454000,0.000000,0.000000,0.000000
0.456000,0.000000,0.000000,0.000000
0.458000,0.000000,0.000000,0.000000
0.460000,0.000000,0.000000,0.000000
0.462000,0.000000,0.000000,0.000000
0.464000,0.000000,0.000000,0.000000
0.466000,0.000000,0.000000,0.000000
0.468000,0.000000,0.000000,0.000000
0.470000,0.000000,0.000000,0.000000
0.472000,0.000000,0.000000,0.000000
0.474000,0.000000,0.000000,0.000000
0.476000,0.000000,0.000000,0.000000
0.478000,0.000000,0.000000,0.000000
0.480000,0.000000,0.000000,0.000000
0.482000,0.000000,0.000000,0.000000
0.484000,0.000000,0.000000,0.000000
0.486000,0.000000,0.000000,0.000000
0.488000,0.000000,0.000000,0.000000
0.490000,0.000000,0.000000,0.000000
0.492000,0.000000,0.000000,0.000000
0.494000,0.000000,0.000000,0.000000
0.496000,0.000000,0.000000,0.000000
0.498000,0.000000,0.000000,0.000000
0.500000,0.000000,0.000000,0.000000
0.502000,0.000000,0.000000,0.000000
0.504000,0.000000,0.000000,0.000000
0.506000,0.000000,0.000000,0.000000
0.508000,0.000000,0.000000,0.000000
0.510000,0.000000,0.000000,0.000000
0.512000,0.000000,0.000000,0.000000
0.514000,0.000000,0.000000,0.000000
0.516000,0.000000,0.000000,0.000000
0.518000,0.000000,0.000000,0.000000
0.520000,0.000000,0.000000,0.000000
0.522000,0.000000,0.000000,0.000000
0.524000,0.000000,0.000000,0.000000
0.526000,0.000000,0.000000,0.000000
0.528000,0.000000,0.000000,0.000000
0.530000,0.000000,0.000000,0.000000
0.532000,0.000000,0.000000,0.000000
0.534000,0.000000,0.000000,0.000000
0.536000,0.000000,0.000000,0.000000
0.538000,0.000000,0.000000,0.000000
0.540000,0.000000,0.000000,0.000000
0.542000,0.000000,0.000000,0.000000
0.544000,0.000000,0.000000,0.000000
0.546000,0.000000,0.000000,0.000000
0.548000,0.000000,0.000000,0.000000
0.550000,0.000000,0.000000,0.000000
0.552000,0.000000,0.000000,0.000000
0.554000,0.000000,0.000000,0.000000
0.556000,0.000000,0.000000,0.000000
0.558000,0.000000,0.000000,0.000000
0.560000,0.000000,0.000000,0.000000
0.562000,0.000000,0.000000,0.000000
0.564000,0.000000,0.000000,0.000000
0.566000,0.000000,0.000000,0.000000
0.568000,0.000000,0.000000,0.000000
0.570000,0.000000,0.000000,0.000000
0.572000,0.000000,0.000000,0.000000
0.574000,0.000000,0.000000,0.000000
0.576000,0.000000,0.000000,0.000000
0.578000,0.000000,0.000000,0.000000
0.580000,0.000000,0.000000,0.000000
0.582000,0.000000,0.000000,0.000000
0.584000,0.000000,0.000000,0.000000
0.586000,0.000000,0.000000,0.000000
0.588000,0.000000,0.000000,0.000000
0.590000,0.000000,0.000000,0.000000
0.592000,0.000000,0.000000,0.000000
0.594000,0.000000,0.000000,0.000000
0.596000,0.000000,0.000000,0.000000
0.598000,0.000000,0.000000,0.000000
0.600000,0.000000,0.000000,0.000000
0.602000,0.000000,0.000000,0.000000
0.604000,0.000000,0.000000,0.000000
0.606000,0.000000,0.000000,0.000000
0.608000,0.000000,0.000000,0.000000
0.610000,0.000000,0.000000,0.000000
0.612000,0.000000,0.000000,0.000000
0.614000,0.000000,0.000000,0.000000
0.616000,0.000000,0.000000,0.000000
0.618000,0.000000,0.000000,0.000000
0.620000,0.000000,0.000000,0.000000
0.622000,0.000000,0.000000,0.000000
0.624000,0.000000,0.000000,0.000000
0.626000,0.000000,0.000000,0.000000
0.628000,0.000000,0.000000,0.000000
0.630000,0.000000,0.000000,0.000000
0.632000,0.000000,0.000000,0.000000
0.634000,0.000000,0.000000,0.000000
0.636000,0.000000,0.000000,0.000000
0.638000,0.000000,0.000000,0.000000
0.640000,0.000000,0.000000,0.000000
0.642000,0.000000,0.000000,0.000000
0.644000,0.000000,0.000000,0.000000
0.646000,0.000000,0.000000,0.000000
0.648000,0.000000,0.000000,0.000000
0.650000,0.000000,0.000000,0.000000
0.652000,0.000000,0.000000,0.000000
0.654000,0.000000,0.000000,0.000000
0.656000,0.000000,0.000000,0.000000
0.658000,0.000000,0.000000,0.000000
0.660000,0.000000,0.000000,0.000000
0.662000,0.000000,0.000000,0.000000
0.664000,0.000000,0.000000,0.000000
0.666000,0.000000,0.000000,0.000000
0.668000,0.000000,0.000000,0.000000
0.670000,0.000000,0.000000,0.000000
0.672000,0.000000,0.000000,0.000000
0.674000,0.000000,0.000000,0.000000
0.676000,0.000000,0.000000,0.000000
0.678000,0.000000,0.000000,0.000000
0.680000,0.000000,0.000000,0.000000
0.682000,0.000000,0.000000,0.000000
0.684000,0.000000,0.000000,0.000000
0.686000,0.000000,0.000000,0.000000
0.688000,0.000000,0.000000,0.000000
0.690000,0.000000,0.000000,0.000000
0.692000,0.000000,0.000000,0.000000
0.694000,0.000000,0.000000,0.000000
0.696000,0.000000,0.000000,0.000000
0.698000,0.000000,0.000000,0.000000
0.700000,0.000000,0.000000,0.000000
0.702000,0.000000,0.000000,0.000000
0.704000,0.000000,0.000000,0.000000
0.706000,0.000000,0.000000,0.000000
0.708000,0.000000,0.000000,0.000000
0.710000,0.000000,0.000000,0.000000
0.712000,0.000000,0.000000,0.000000
0.714000,0.000000,0.000000,0.000000
0.716000,0.000000,0.000000,0.000000
0.718000,0.000000,0.000000,0.000000
0.720000,0.000000,0.000000,0.000000
0.722000,0.000000,0.000000,0.000000
0.724000,0.000000,0.000000,0.000000
0.726000,0.000000,0.000000,0.000000
0.728000,0.000000,0.000000,0.000000
0.730000,0.000000,0.000000,0.000000
0.732000,0.000000,0.000000,0.000000
0.734000,0.000000,0.000000,0.000000
0.736000,0.000000,0.000000,0.000000
0.738000,0.000000,0.000000,0.000000
0.740000,0.000000,0.000000,0.000000
0.742000,0.000000,0.000000,0.000000
0.744000,0.000000,0.000000,0.000000
0.746000,0.000000,0.000000,0.000000
0.748000,0.000000,0.000000,0.000000
0.750000,0.000000,0.000000,0.000000
0.752000,0.000000,0.000000,0.000000
0.754000,0.000000,0.000000,0.000000
0.756000,0.000000,0.000000,0.000000
0.758000,0.000000,0.000000,0.000000
0.760000,0.000000,0.000000,0.000000
0.762000,0.000000,0.000000,0.000000
0.764000,0.000000,0.000000,0.000000
0.766000,0.000000,0.000000,0.000000
0.768000,0.000000,0.000000,0.000000
0.770000,0.000000,0.000000,0.000000
0.772000,0.000000,0.000000,0.000000
0.774000,0.000000,0.000000,0.000000
0.776000,0.000000,0.000000,0.000000
0.778000,0.000000,0.000000,0.000000
0.780000,0.000000,0.000000,0.000000
0.782000,0.000000,0.000000,0.000000
0.784000,0.000000,0.000000,0.000000
0.786000,0.000000,0.000000,0.000000
0.788000,0.000000,0.000000,0.000000
0.790000,0.000000,0.000000,0.000000
0.792000,0.000000,0.000000,0.000000
0.794000,0.000000,0.000000,0.000000
0.796000,0.000000,0.000000,0.000000
0.798000,0.000000,0.000000,0.000000
0.800000,0.000000,0.000000,0.000000
0.802000,0.000000,0.000000,0.000000
0.804000,0.000000,0.000000,0.000000
0.806000,0.000000,0.000000,0.000000
0.808000,0.000000,0.000000,0.000000
0.810000,0.000000,0.000000,0.000000
0.812000,0.000000,0.000000,0.000000
0.814000,0.000000,0.000000,0.000000
0.816000,0.000000,0.000000,0.000000
0.818000,0.000000,0.000000,0.000000
0.820000,0.000000,0.000000,0.000000
0.822000,0.000000,0.000000,0.000000
0.824000,0.000000,0.000000,0.000000
0.826000,0.000000,0.000000,0.000000
0.828000,0.000000,0.000000,0.000000
0.830000,0.000000,0.000000,0.000000
0.832000,0.000000,0.000000,0.000000
0.834000,0.000000,0.000000,0.000000
0.836000,0.000000,0.000000,0.000000
0.838000,0.000000,0.000000,0.000000
0.840000,0.000000,0.000000,0.000000
0.842000,0.000000,0.000000,0.000000
0.844000,0.000000,0.000000,0.000000
0.846000,0.000000,0.000000,0.000000
0.848000,0.000000,0.000000,0.000000
0.850000,0.000000,0.000000,0.000000
0.852000,0.000000,0.000000,0.000000
0.854000,0.000000,0.000000,0.000000
0.856000,0.000000,0.000000,0.000000
0.858000,0.000000,0.000000,0.000000
0.860000,0.000000,0.000000,0.000000
0.862000,0.000000,0.000000,0.000000
0.864000,0.000000,0.000000,0.000000
0.866000,0.000000,0.000000,0.000000
0.868000,0.000000,0.000000,0.000000
0.870000,0.000000,0.000000,0.000000
0.872000,0.000000,0.000000,0.000000
0.874000,0.000000,0.000000,0.000000
0.876000,0.000000,0.000000,0.000000
0.878000,0.000000,0.000000,0.000000
0.880000,0.000000,0.000000,0.000000
0.882000,0.000000,0.000000,0.000000
0.884000,0.000000,0.000000,0.000000
0.886000,0.000000,0.000000,0.000000
0.888000,0.000000,0.000000,0.000000
0.890000,0.000000,0.000000,0.000000
0.892000,0.000000,0.000000,0.000000
0.894000,0.000000,0.000000,0.000000
0.896000,0.000000,0.000000,0.000000
0.898000,0.000000,0.000000,0.000000
0.900000,0.000000,0.000000,0.000000
0.902000,0.000000,0.000000,0.000000
0.904000,0.000000,0.000000,0.000000
0.906000,0.000000,0.000000,0.000000
0.908000,0.000000,0.000000,0.000000
0.910000,0.000000,0.000000,0.000000
0.912000,0.000000,0.000000,0.000000
0.914000,0.000000,0.000000,0.000000
0.916000,0.000000,0.000000,0.000000
0.918000,0.000000,0.000000,0.000000
0.920000,0.000000,0.000000,0.000000
0.922000,0.000000,0.000000,0.000000
0.924000,0.000000,0.000000,0.000000
0.926000,0.000000,0.000000,0.000000
0.928000,0.000000,0.000000,0.000000
0.930000,0.000000,0.000000,0.000000
0.932000,0.000000,0.000000,0.000000
0.934000,0.000000,0.000000,0.000000
0.936000,0.000000,0.000000,0.000000
0.938000,0.000000,0.000000,0.000000
0.940000,0.000000,0.000000,0.000000
0.942000,0.000000,0.000000,0.000000
0.944000,0.000000,0.000000,0.000000
0.946000,0.000000,0.000000,0.000000
0.948000,0.000000,0.000000,0.000000
0.950000,0.000000,0.000000,0.000000
0.952000,0.000000,0.000000,0.000000
0.954000,0.000000,0.000000,0.000000
0.956000,0.000000,0.000000,0.000000
0.958000,0.000000,0.000000,0.000000
0.960000,0.000000,0.000000,0.000000
0.962000,0.000000,0.000000,0.000000
0.964000,0.000000,0.000000,0.000000
0.966000,0.000000,0.000000,0.000000
0.968000,0.000000,0.000000,0.000000
0.970000,0.000000,0.000000,0.000000
0.972000,0.000000,0.000000,0.000000
0.974000,0.000000,0.000000,0.000000
0.976000,0.000000,0.000000,0.000000
0.978000,0.000000,0.000000,0.000000
0.980000,0.000000,0.000000,0.000000
0.982000,0.000000,0.000000,0.000000
0.984000,0.000000,0.000000,0.000000
0.986000,0.000000,0.000000,0.000000
0.988000,0.000000,0.000000,0.000000
0.990000,0.000000,0.000000,0.000000
0.992000,0.000000,0.000000,0.000000
0.994000,0.000000,0.000000,0.000000
0.996000,0.000000,0.000000,0.000000
0.998000,0.000000,0.000000,0.000000
1.000000,0.000000,0.000000,0.000000
1.002000,0.000000,0.000000,0.014000
1.004000,0.000000,0.000000,0.028000
1.006000,0.000000,0.000000,0.042000
1.008000,0.000000,0.000000,0.056000
1.010000,0.000000,0.000000,0.070000
1.012000,0.000000,0.000000,0.084000
1.014000,0.000000,0.000000,0.098000
1.016000,0.000000,0.000000,0.112000
1.018000,0.000000,0.000000,0.126000
1.020000,0.000000,0.000000,0.140000
1.022000,0.000000,0.000000,0.154000
1.024000,0.000000,0.000000,0.168000
1.026000,0.000000,0.000000,0.182000
1.028000,0.000000,0.000000,0.196000
1.030000,0.000000,0.000000,0.210000
1.032000,0.000000,0.000000,0.224000
1.034000,0.000000,0.000000,0.238000
1.036000,0.000000,0.000000,0.252000
1.038000,0.000000,0.000000,0.266000
1.040000,0.000000,0.000000,0.280000
1.042000,0.000000,0.000000,0.294000
1.044000,0.000000,0.000000,0.308000
1.046000,0.000000,0.000000,0.322000
1.048000,0.000000,0.000000,0.336000
1.050000,0.000000,0.000000,0.350000
1.052000,0.000000,0.000000,0.364000
1.054000,0.000000,0.000000,0.378000
1.056000,0.000000,0.000000,0.392000
1.058000,0.000000,0.000000,0.406000
1.060000,0.000000,0.000000,0.420000
1.062000,0.000000,0.000000,0.434000
1.064000,0.000000,0.000000,0.448000
1.066000,0.000000,0.000000,0.462000
1.068000,0.000000,0.000000,0.476000
1.070000,0.000000,0.000000,0.490000
1.072000,0.000000,0.000000,0.504000
1.074000,0.000000,0.000000,0.518000
1.076000,0.000000,0.000000,0.532000
1.078000,0.000000,0.000000,0.546000
1.080000,0.000000,0.000000,0.560000
1.082000,0.000000,0.000000,0.574000
1.084000,0.000000,0.000000,0.588000
1.086000,0.000000,0.000000,0.602000
1.088000,0.000000,0.000000,0.616000
1.090000,0.000000,0.000000,0.630000
1.092000,0.000000,0.000000,0.644000
1.094000,0.000000,0.000000,0.658000
1.096000,0.000000,0.000000,0.672000
1.098000,0.000000,0.000000,0.686000
1.100000,0.000000,0.000000,0.700000
1.102000,0.000000,0.000000,0.714000
1.104000,0.000000,0.000000,0.728000
1.106000,0.000000,0.000000,0.742000
1.108000,0.000000,0.000000,0.756000
1.110000,0.000000,0.000000,0.770000
1.112000,0.000000,0.000000,0.784000
1.114000,0.000000,0.000000,0.798000
1.116000,0.000000,0.000000,0.812000
1.118000,0.000000,0.000000,0.826000
1.120000,0.000000,0.000000,0.840000
1.122000,0.000000,0.000000,0.854000
1.124000,0.000000,0.000000,0.868000
1.126000,0.000000,0.000000,0.882000
1.128000,0.000000,0.000000,0.896000
1.130000,0.000000,0.000000,0.910000
1.132000,0.000000,0.000000,0.924000
1.134000,0.000000,0.000000,0.938000
1.136000,0.000000,0.000000,0.952000
1.138000,0.000000,0.000000,0.966000
1.140000,0.000000,0.000000,0.980000
1.142000,0.000000,0.000000,0.994000
1.144000,0.000000,0.000000,1.008000
1.146000,0.000000,0.000000,1.022000
1.148000,0.000000,0.000000,1.036000
1.150000,0.000000,0.000000,1.050000
1.152000,0.000000,0.000000,1.064000
1.154000,0.000000,0.000000,1.078000
1.156000,0.000000,0.000000,1.092000
1.158000,0.000000,0.000000,1.106000
1.160000,0.000000,0.000000,1.120000
1.162000,0.000000,0.000000,1.134000
1.164000,0.000000,0.000000,1.148000
1.166000,0.000000,0.000000,1.162000
1.168000,0.000000,0.000000,1.176000
1.170000,0.000000,0.000000,1.190000
1.172000,0.000000,0.000000,1.204000
1.174000,0.000000,0.000000,1.218000
1.176000,0.000000,0.000000,1.232000
1.178000,0.000000,0.000000,1.246000
1.180000,0.000000,0.000000,1.260000
1.182000,0.000000,0.000000,1.274000
1.184000,0.000000,0.000000,1.288000
1.186000,0.000000,0.000000,1.302000
1.188000,0.000000,0.000000,1.316000
1.190000,0.000000,0.000000,1.330000
1.192000,0.000000,0.000000,1.344000
1.194000,0.000000,0.000000,1.358000
1.196000,0.000000,0.000000,1.372000
1.198000,0.000000,0.000000,1.386000
1.200000,0.000000,0.000000,1.400000
1.202000,0.000000,0.000000,1.414000
1.204000,0.000000,0.000000,1.428000
1.206000,0.000000,0.000000,1.442000
1.208000,0.000000,0.000000,1.456000
1.210000,0.000000,0.000000,1.470000
1.212000,0.000000,0.000000,1.484000
1.214000,0.000000,0.000000,1.498000
1.216000,0.000000,0.000000,1.512000
1.218000,0.000000,0.000000,1.526000
1.220000,0.000000,0.000000,1.540000
1.222000,0.000000,0.000000,1.554000
1.224000,0.000000,0.000000,1.568000
1.226000,0.000000,0.000000,1.582000
1.228000,0.000000,0.000000,1.596000
1.230000,0.000000,0.000000,1.610000
1.232000,0.000000,0.000000,1.624000
1.234000,0.000000,0.000000,1.638000
1.236000,0.000000,0.000000,1.652000
1.238000,0.000000,0.000000,1.666000
1.240000,0.000000,0.000000,1.680000
1.242000,0.000000,0.000000,1.694000
1.244000,0.000000,0.000000,1.708000
1.246000,0.000000,0.000000,1.722000
1.248000,0.000000,0.000000,1.736000
1.250000,0.000000,0.000000,1.750000
1.252000,0.000000,0.000000,1.764000
1.254000,0.000000,0.000000,1.778000
1.256000,0.000000,0.000000,1.792000
1.258000,0.000000,0.000000,1.806000
1.260000,0.000000,0.000000,1.820000
1.262000,0.000000,0.000000,1.834000
1.264000,0.000000,0.000000,1.848000
1.266000,0.000000,0.000000,1.862000
1.268000,0.000000,0.000000,1.876000
1.270000,0.000000,0.000000,1.890000
1.272000,0.000000,0.000000,1.904000
1.274000,0.000000,0.000000,1.918000
1.276000,0.000000,0.000000,1.932000
1.278000,0.000000,0.000000,1.946000
1.280000,0.000000,0.000000,1.960000
1.282000,0.000000,0.000000,1.974000
1.284000,0.000000,0.000000,1.988000
1.286000,0.000000,0.000000,2.002000
1.288000,0.000000,0.000000,2.016000
1.290000,0.000000,0.000000,2.030000
1.292000,0.000000,0.000000,2.044000
1.294000,0.000000,0.000000,2.058000
1.296000,0.000000,0.000000,2.072000
1.298000,0.000000,0.000000,2.086000
1.300000,0.000000,0.000000,2.100000
1.302000,0.000000,0.000000,2.114000
1.304000,0.000000,0.000000,2.128000
1.306000,0.000000,0.000000,2.142000
1.308000,0.000000,0.000000,2.156000
1.310000,0.000000,0.000000,2.170000
1.312000,0.000000,0.000000,2.184000
1.314000,0.000000,0.000000,2.198000
1.316000,0.000000,0.000000,2.212000
1.318000,0.000000,0.000000,2.226000
1.320000,0.000000,0.000000,2.240000
1.322000,0.000000,0.000000,2.254000
1.324000,0.000000,0.000000,2.268000
1.326000,0.000000,0.000000,2.282000
1.328000,0.000000,0.000000,2.296000
1.330000,0.000000,0.000000,2.310000
1.332000,0.000000,0.000000,2.324000
1.334000,0.000000,0.000000,2.338000
1.336000,0.000000,0.000000,2.352000
1.338000,0.000000,0.000000,2.366000
1.340000,0.000000,0.000000,2.380000
1.342000,0.000000,0.000000,2.394000
1.344000,0.000000,0.000000,2.408000
1.346000,0.000000,0.000000,2.422000
1.348000,0.000000,0.000000,2.436000
1.350000,0.000000,0.000000,2.450000
1.352000,0.000000,0.000000,2.464000
1.354000,0.000000,0.000000,2.478000
1.356000,0.000000,0.000000,2.492000
1.358000,0.000000,0.000000,2.506000
1.360000,0.000000,0.000000,2.520000
1.362000,0.000000,0.000000,2.534000
1.364000,0.000000,0.000000,2.548000
1.366000,0.000000,0.000000,2.562000
1.368000,0.000000,0.000000,2.576000
1.370000,0.000000,0.000000,2.590000
1.372000,0.000000,0.000000,2.604000
1.374000,0.000000,0.000000,2.618000
1.376000,0.000000,0.000000,2.632000
1.378000,0.000000,0.000000,2.646000
1.380000,0.000000,0.000000,2.660000
1.382000,0.000000,0.000000,2.674000
1.384000,0.000000,0.000000,2.688000
1.386000,0.000000,0.000000,2.702000
1.388000,0.000000,0.000000,2.716000
1.390000,0.000000,0.000000,2.730000
1.392000,0.000000,0.000000,2.744000
1.394000,0.000000,0.000000,2.758000
1.396000,0.000000,0.000000,2.772000
1.398000,0.000000,0.000000,2.786000
1.400000,0.000000,0.000000,2.800000
1.402000,0.000000,0.000000,2.814000
1.404000,0.000000,0.000000,2.828000
1.406000,0.000000,0.000000,2.842000
1.408000,0.000000,0.000000,2.856000
1.410000,0.000000,0.000000,2.870000
1.412000,0.000000,0.000000,2.884000
1.414000,0.000000,0.000000,2.898000
1.416000,0.000000,0.000000,2.912000
1.418000,0.000000,0.000000,2.926000
1.420000,0.000000,0.000000,2.940000
1.422000,0.000000,0.000000,2.954000
1.424000,0.000000,0.000000,2.968000
1.426000,0.000000,0.000000,2.982000
1.428000,0.000000,0.000000,2.996000
1.430000,0.000000,0.000000,3.010000
1.432000,0.000000,0.000000,3.024000
1.434000,0.000000,0.000000,3.038000
1.436000,0.000000,0.000000,3.052000
1.438000,0.000000,0.000000,3.066000
1.440000,0.000000,0.000000,3.080000
1.442000,0.000000,0.000000,3.094000
1.444000,0.000000,0.000000,3.108000
1.446000,0.000000,0.000000,3.122000
1.448000,0.000000,0.000000,3.136000
1.450000,0.000000,0.000000,3.150000
1.452000,0.000000,0.000000,3.164000
1.454000,0.000000,0.000000,3.178000
1.456000,0.000000,0.000000,3.192000
1.458000,0.000000,0.000000,3.206000
1.460000,0.000000,0.000000,3.220000
1.462000,0.000000,0.000000,3.234000
1.464000,0.000000,0.000000,3.248000
1.466000,0.000000,0.000000,3.262000
1.468000,0.000000,0.000000,3.276000
1.470000,0.000000,0.000000,3.290000
1.472000,0.000000,0.000000,3.304000
1.474000,0.000000,0.000000,3.318000
1.476000,0.000000,0.000000,3.332000
1.478000,0.000000,0.000000,3.346000
1.480000,0.000000,0.000000,3.360000
1.482000,0.000000,0.000000,3.374000
1.484000,0.000000,0.000000,3.388000
1.486000,0.000000,0.000000,3.402000
1.488000,0.000000,0.000000,3.416000
1.490000,0.000000,0.000000,3.430000
1.492000,0.000000,0.000000,3.444000
1.494000,0.000000,0.000000,3.458000
1.496000,0.000000,0.000000,3.472000
1.498000,0.000000,0.000000,3.486000
1.500000,0.000000,0.000000,3.500000
1.502000,0.000000,0.000000,3.514000
1.504000,0.000000,0.000000,3.528000
1.506000,0.000000,0.000000,3.542000
1.508000,0.000000,0.000000,3.556000
1.510000,0.000000,0.000000,3.570000
1.512000,0.000000,0.000000,3.584000
1.514000,0.000000,0.000000,3.598000
1.516000,0.000000,0.000000,3.612000
1.518000,0.000000,0.000000,3.626000
1.520000,0.000000,0.000000,3.640000
1.522000,0.000000,0.000000,3.654000
1.524000,0.000000,0.000000,3.668000
1.526000,0.000000,0.000000,3.682000
1.528000,0.000000,0.000000,3.696000
1.530000,0.000000,0.000000,3.710000
1.532000,0.000000,0.000000,3.724000
1.534000,0.000000,0.000000,3.738000
1.536000,0.000000,0.000000,3.752000
1.538000,0.000000,0.000000,3.766000
1.540000,0.000000,0.000000,3.780000
1.542000,0.000000,0.000000,3.794000
1.544000,0.000000,0.000000,3.808000
1.546000,0.000000,0.000000,3.822000
1.548000,0.000000,0.000000,3.836000
1.550000,0.000000,0.000000,3.850000
1.552000,0.000000,0.000000,3.864000
1.554000,0.000000,0.000000,3.878000
1.556000,0.000000,0.000000,3.892000
1.558000,0.000000,0.000000,3.906000
1.560000,0.000000,0.000000,3.920000
1.562000,0.000000,0.000000,3.934000
1.564000,0.000000,0.000000,3.948000
1.566000,0.000000,0.000000,3.962000
1.568000,0.000000,0.000000,3.976000
1.570000,0.000000,0.000000,3.990000
1.572000,0.000000,0.000000,4.004000
1.574000,0.000000,0.000000,4.018000
1.576000,0.000000,0.000000,4.032000
1.578000,0.000000,0.000000,4.046000
1.580000,0.000000,0.000000,4.060000
1.582000,0.000000,0.000000,4.074000
1.584000,0.000000,0.000000,4.088000
1.586000,0.000000,0.000000,4.102000
1.588000,0.000000,0.000000,4.116000
1.590000,0.000000,0.000000,4.130000
1.592000,0.000000,0.000000,4.144000
1.594000,0.000000,0.000000,4.158000
1.596000,0.000000,0.000000,4.172000
1.598000,0.000000,0.000000,4.186000
1.600000,0.000000,0.000000,4.200000
1.602000,0.000000,0.000000,4.214000
1.604000,0.000000,0.000000,4.228000
1.606000,0.000000,0.000000,4.242000
1.608000,0.000000,0.000000,4.256000
1.610000,0.000000,0.000000,4.270000
1.612000,0.000000,0.000000,4.284000
1.614000,0.000000,0.000000,4.298000
1.616000,0.000000,0.000000,4.312000
1.618000,0.000000,0.000000,4.326000
1.620000,0.000000,0.000000,4.340000
1.622000,0.000000,0.000000,4.354000
1.624000,0.000000,0.000000,4.368000
1.626000,0.000000,0.000000,4.382000
1.628000,0.000000,0.000000,4.396000
1.630000,0.000000,0.000000,4.410000
1.632000,0.000000,0.000000,4.424000
1.634000,0.000000,0.000000,4.438000
1.636000,0.000000,0.000000,4.452000
1.638000,0.000000,0.000000,4.466000
1.640000,0.000000,0.000000,4.480000
1.642000,0.000000,0.000000,4.494000
1.644000,0.000000,0.000000,4.508000
1.646000,0.000000,0.000000,4.522000
1.648000,0.000000,0.000000,4.536000
1.650000,0.000000,0.000000,4.550000
1.652000,0.000000,0.000000,4.564000
1.654000,0.000000,0.000000,4.578000
1.656000,0.000000,0.000000,4.592000
1.658000,0.000000,0.000000,4.606000
1.660000,0.000000,0.000000,4.620000
1.662000,0.000000,0.000000,4.634000
1.664000,0.000000,0.000000,4.648000
1.666000,0.000000,0.000000,4.662000
1.668000,0.000000,0.000000,4.676000
1.670000,0.000000,0.000000,4.690000
1.672000,0.000000,0.000000,4.704000
1.674000,0.000000,0.000000,4.718000
1.676000,0.000000,0.000000,4.732000
1.678000,0.000000,0.000000,4.746000
1.680000,0.000000,0.000000,4.760000
1.682000,0.000000,0.000000,4.774000
1.684000,0.000000,0.000000,4.788000
1.686000,0.000000,0.000000,4.802000
1.688000,0.000000,0.000000,4.816000
1.690000,0.000000,0.000000,4.830000
1.692000,0.000000,0.000000,4.844000
1.694000,0.000000,0.000000,4.858000
1.696000,0.000000,0.000000,4.872000
1.698000,0.000000,0.000000,4.886000
1.700000,0.000000,0.000000,4.900000
1.702000,0.000000,0.000000,4.914000
1.704000,0.000000,0.000000,4.928000
1.706000,0.000000,0.000000,4.942000
1.708000,0.000000,0.000000,4.956000
1.710000,0.000000,0.000000,4.970000
1.712000,0.000000,0.000000,4.984000
1.714000,0.000000,0.000000,4.998000
1.716000,0.000000,0.000000,5.000000
1.718000,0.000000,0.000000,5.000000
1.720000,0.000000,0.000000,5.000000
1.722000,0.000000,0.000000,5.000000
1.724000,0.000000,0.000000,5.000000
1.726000,0.000000,0.000000,5.000000
1.728000,0.000000,0.000000,5.000000
1.730000,0.000000,0.000000,5.000000
1.732000,0.000000,0.000000,5.000000
1.734000,0.000000,0.000000,5.000000
1.736000,0.000000,0.000000,5.000000
1.738000,0.000000,0.000000,5.000000
1.740000,0.000000,0.000000,5.000000
1.742000,0.000000,0.000000,5.000000
1.744000,0.000000,0.000000,5.000000
1.746000,0.000000,0.000000,5.000000
1.748000,0.000000,0.000000,5.000000
1.750000,0.000000,0.000000,5.000000
1.752000,0.000000,0.000000,5.000000
1.754000,0.000000,0.000000,5.000000
1.756000,0.000000,0.000000,5.000000
1.758000,0.000000,0.000000,5.000000
1.760000,0.000000,0.000000,5.000000
1.762000,0.000000,0.000000,5.000000
1.764000,0.000000,0.000000,5.000000
1.766000,0.000000,0.000000,5.000000
1.768000,0.000000,0.000000,5.000000
1.770000,0.000000,0.000000,5.000000
1.772000,0.000000,0.000000,5.000000
1.774000,0.000000,0.000000,5.000000
1.776000,0.000000,0.000000,5.000000
1.778000,0.000000,0.000000,5.000000
1.780000,0.000000,0.000000,5.000000
1.782000,0.000000,0.000000,5.000000
1.784000,0.000000,0.000000,5.000000
1.786000,0.000000,0.000000,5.000000
1.788000,0.000000,0.000000,5.000000
1.790000,0.000000,0.000000,5.000000
1.792000,0.000000,0.000000,5.000000
1.794000,0.000000,0.000000,5.000000
1.796000,0.000000,0.000000,5.000000
1.798000,0.000000,0.000000,5.000000
1.800000,0.000000,0.000000,5.000000
1.802000,0.000000,0.000000,5.000000
1.804000,0.000000,0.000000,5.000000
1.806000,0.000000,0.000000,5.000000
1.808000,0.000000,0.000000,5.000000
1.810000,0.000000,0.000000,5.000000
1.812000,0.000000,0.000000,5.000000
1.814000,0.000000,0.000000,5.000000
1.816000,0.000000,0.000000,5.000000
1.818000,0.000000,0.000000,5.000000
1.820000,0.000000,0.000000,5.000000
1.822000,0.000000,0.000000,5.000000
1.824000,0.000000,0.000000,5.000000
1.826000,0.000000,0.000000,5.000000
1.828000,0.000000,0.000000,5.000000
1.830000,0.000000,0.000000,5.000000
1.832000,0.000000,0.000000,5.000000
1.834000,0.000000,0.000000,5.000000
1.836000,0.000000,0.000000,5.000000
1.838000,0.000000,0.000000,5.000000
1.840000,0.000000,0.000000,5.000000
1.842000,0.000000,0.000000,5.000000
1.844000,0.000000,0.000000,5.000000
1.846000,0.000000,0.000000,5.000000
1.848000,0.000000,0.000000,5.000000
1.850000,0.000000,0.000000,5.000000
1.852000,0.000000,0.000000,5.000000
1.854000,0.000000,0.000000,5.000000
1.856000,0.000000,0.000000,5.000000
1.858000,0.000000,0.000000,5.000000
1.860000,0.000000,0.000000,5.000000
1.862000,0.000000,0.000000,5.000000
1.864000,0.000000,0.000000,5.000000
1.866000,0.000000,0.000000,5.000000
1.868000,0.000000,0.000000,5.000000
1.870000,0.000000,0.000000,5.000000
1.872000,0.000000,0.000000,5.000000
1.874000,0.000000,0.000000,5.000000
1.876000,0.000000,0.000000,5.000000
1.878000,0.000000,0.000000,5.000000
1.880000,0.000000,0.000000,5.000000
1.882000,0.000000,0.000000,5.000000
1.884000,0.000000,0.000000,5.000000
1.886000,0.000000,0.000000,5.000000
1.888000,0.000000,0.000000,5.000000
1.890000,0.000000,0.000000,5.000000
1.892000,0.000000,0.000000,5.000000
1.894000,0.000000,0.000000,5.000000
1.896000,0.000000,0.000000,5.000000
1.898000,0.000000,0.000000,5.000000
1.900000,0.000000,0.000000,5.000000
1.902000,0.000000,0.000000,5.000000
1.904000,0.000000,0.000000,5.000000
1.906000,0.000000,0.000000,5.000000
1.908000,0.000000,0.000000,5.000000
1.910000,0.000000,0.000000,5.000000
1.912000,0.000000,0.000000,5.000000
1.914000,0.000000,0.000000,5.000000
1.916000,0.000000,0.000000,5.000000
1.918000,0.000000,0.000000,5.000000
1.920000,0.000000,0.000000,5.000000
1.922000,0.000000,0.000000,5.000000
1.924000,0.000000,0.000000,5.000000
1.926000,0.000000,0.000000,5.000000
1.928000,0.000000,0.000000,5.000000
1.930000,0.000000,0.000000,5.000000
1.932000,0.000000,0.000000,5.000000
1.934000,0.000000,0.000000,5.000000
1.936000,0.000000,0.000000,5.000000
1.938000,0.000000,0.000000,5.000000
1.940000,0.000000,0.000000,5.000000
1.942000,0.000000,0.000000,5.000000
1.944000,0.000000,0.000000,5.000000
1.946000,0.000000,0.000000,5.000000
1.948000,0.000000,0.000000,5.000000
1.950000,0.000000,0.000000,5.000000
1.952000,0.000000,0.000000,5.000000
1.954000,0.000000,0.000000,5.000000
1.956000,0.000000,0.000000,5.000000
1.958000,0.000000,0.000000,5.000000
1.960000,0.000000,0.000000,5.000000
1.962000,0.000000,0.000000,5.000000
1.964000,0.000000,0.000000,5.000000
1.966000,0.000000,0.000000,5.000000
1.968000,0.000000,0.000000,5.000000
1.970000,0.000000,0.000000,5.000000
1.972000,0.000000,0.000000,5.000000
1.974000,0.000000,0.000000,5.000000
1.976000,0.000000,0.000000,5.000000
1.978000,0.000000,0.000000,5.000000
1.980000,0.000000,0.000000,5.000000
1.982000,0.000000,0.000000,5.000000
1.984000,0.000000,0.000000,5.000000
1.986000,0.000000,0.000000,5.000000
1.988000,0.000000,0.000000,5.000000
1.990000,0.000000,0.000000,5.000000
1.992000,0.000000,0.000000,5.000000
1.994000,0.000000,0.000000,5.000000
1.996000,0.000000,0.000000,5.000000
1.998000,0.000000,0.000000,5.000000
2.000000,0.000000,0.000000,5.000000
2.002000,0.000000,0.000000,5.000000
2.004000,0.000000,0.000000,5.000000
2.006000,0.000000,0.000000,5.000000
2.008000,0.000000,0.000000,5.000000
2.010000,0.000000,0.000000,5.000000
2.012000,0.000000,0.000000,5.000000
2.014000,0.000000,0.000000,5.000000
2.016000,0.000000,0.000000,5.000000
2.018000,0.000000,0.000000,5.000000
2.020000,0.000000,0.000000,5.000000
2.022000,0.000000,0.000000,5.000000
2.024000,0.000000,0.000000,5.000000
2.026000,0.000000,0.000000,5.000000
2.028000,0.000000,0.000000,5.000000
2.030000,0.000000,0.000000,5.000000
2.032000,0.000000,0.000000,5.000000
2.034000,0.000000,0.000000,5.000000
2.036000,0.000000,0.000000,5.000000
2.038000,0.000000,0.000000,5.000000
2.040000,0.000000,0.000000,5.000000
2.042000,0.000000,0.000000,5.000000
2.044000,0.000000,0.000000,5.000000
2.046000,0.000000,0.000000,5.000000
2.048000,0.000000,0.000000,5.000000
2.050000,0.000000,0.000000,5.000000
2.052000,0.000000,0.000000,5.000000
2.054000,0.000000,0.000000,5.000000
2.056000,0.000000,0.000000,5.000000
2.058000,0.000000,0.000000,5.000000
2.060000,0.000000,0.000000,5.000000
2.062000,0.000000,0.000000,5.000000
2.064000,0.000000,0.000000,5.000000
2.066000,0.000000,0.000000,5.000000
2.068000,0.000000,0.000000,5.000000
2.070000,0.000000,0.000000,5.000000
2.072000,0.000000,0.000000,5.000000
2.074000,0.000000,0.000000,5.000000
2.076000,0.000000,0.000000,5.000000
2.078000,0.000000,0.000000,5.000000
2.080000,0.000000,0.000000,5.000000
2.082000,0.000000,0.000000,5.000000
2.084000,0.000000,0.000000,5.000000
2.086000,0.000000,0.000000,5.000000
2.088000,0.000000,0.000000,5.000000
2.090000,0.000000,0.000000,5.000000
2.092000,0.000000,0.000000,5.000000
2.094000,0.000000,0.000000,5.000000
2.096000,0.000000,0.000000,5.000000
2.098000,0.000000,0.000000,5.000000
2.100000,0.000000,0.000000,5.000000
2.102000,0.000000,0.000000,5.000000
2.104000,0.000000,0.000000,5.000000
2.106000,0.000000,0.000000,5.000000
2.108000,0.000000,0.000000,5.000000
2.110000,0.000000,0.000000,5.000000
2.112000,0.000000,0.000000,5.000000
2.114000,0.000000,0.000000,5.000000
2.116000,0.000000,0.000000,5.000000
2.118000,0.000000,0.000000,5.000000
2.120000,0.000000,0.000000,5.000000
2.122000,0.000000,0.000000,5.000000
2.124000,0.000000,0.000000,5.000000
2.126000,0.000000,0.000000,5.000000
2.128000,0.000000,0.000000,5.000000
2.130000,0.000000,0.000000,5.000000
2.132000,0.000000,0.000000,5.000000
2.134000,0.000000,0.000000,5.000000
2.136000,0.000000,0.000000,5.000000
2.138000,0.000000,0.000000,5.000000
2.140000,0.000000,0.000000,5.000000
2.142000,0.000000,0.000000,5.000000
2.144000,0.000000,0.000000,5.000000
2.146000,0.000000,0.000000,5.000000
2.148000,0.000000,0.000000,5.000000
2.150000,0.000000,0.000000,5.000000
2.152000,0.000000,0.000000,5.000000
2.154000,0.000000,0.000000,5.000000
2.156000,0.000000,0.000000,5.000000
2.158000,0.000000,0.000000,5.000000
2.160000,0.000000,0.000000,5.000000
2.162000,0.000000,0.000000,5.000000
2.164000,0.000000,0.000000,5.000000
2.166000,0.000000,0.000000,5.000000
2.168000,0.000000,0.000000,5.000000
2.170000,0.000000,0.000000,5.000000
2.172000,0.000000,0.000000,5.000000
2.174000,0.000000,0.000000,5.000000
2.176000,0.000000,0.000000,5.000000
2.178000,0.000000,0.000000,5.000000
2.180000,0.000000,0.000000,5.000000
2.182000,0.000000,0.000000,5.000000
2.184000,0.000000,0.000000,5.000000
2.186000,0.000000,0.000000,5.000000
2.188000,0.000000,0.000000,5.000000
2.190000,0.000000,0.000000,5.000000
2.192000,0.000000,0.000000,5.000000
2.194000,0.000000,0.000000,5.000000
2.196000,0.000000,0.000000,5.000000
2.198000,0.000000,0.000000,5.000000
2.200000,0.000000,0.000000,5.000000
2.202000,0.000000,0.000000,5.000000
2.204000,0.000000,0.000000,5.000000
2.206000,0.000000,0.000000,5.000000
2.208000,0.000000,0.000000,5.000000
2.210000,0.000000,0.000000,5.000000
2.212000,0.000000,0.000000,5.000000
2.214000,0.000000,0.000000,5.000000
2.216000,0.000000,0.000000,4.988000
2.218000,0.000000,0.000000,4.974000
2.220000,0.000000,0.000000,4.960000
2.222000,0.000000,0.000000,4.946000
2.224000,0.000000,0.000000,4.932000
2.226000,0.000000,0.000000,4.918000
2.228000,0.000000,0.000000,4.904000
2.230000,0.000000,0.000000,4.890000
2.232000,0.000000,0.000000,4.876000
2.234000,0.000000,0.000000,4.862000
2.236000,0.000000,0.000000,4.848000
2.238000,0.000000,0.000000,4.834000
2.240000,0.000000,0.000000,4.820000
2.242000,0.000000,0.000000,4.806000
2.244000,0.000000,0.000000,4.792000
2.246000,0.000000,0.000000,4.778000
2.248000,0.000000,0.000000,4.764000
2.250000,0.000000,0.000000,4.750000
2.252000,0.000000,0.000000,4.736000
2.254000,0.000000,0.000000,4.722000
2.256000,0.000000,0.000000,4.708000
2.258000,0.000000,0.000000,4.694000
2.260000,0.000000,0.000000,4.680000
2.262000,0.000000,0.000000,4.666000
2.264000,0.000000,0.000000,4.652000
2.266000,0.000000,0.000000,4.638000
2.268000,0.000000,0.000000,4.624000
2.270000,0.000000,0.000000,4.610000
2.272000,0.000000,0.000000,4.596000
2.274000,0.000000,0.000000,4.582000
2.276000,0.000000,0.000000,4.568000
2.278000,0.000000,0.000000,4.554000
2.280000,0.000000,0.000000,4.540000
2.282000,0.000000,0.000000,4.526000
2.284000,0.000000,0.000000,4.512000
2.286000,0.000000,0.000000,4.498000
2.288000,0.000000,0.000000,4.484000
2.290000,0.000000,0.000000,4.470000
2.292000,0.000000,0.000000,4.456000
2.294000,0.000000,0.000000,4.442000
2.296000,0.000000,0.000000,4.428000
2.298000,0.000000,0.000000,4.414000
2.300000,0.000000,0.000000,4.400000
2.302000,0.000000,0.000000,4.386000
2.304000,0.000000,0.000000,4.372000
2.306000,0.000000,0.000000,4.358000
2.308000,0.000000,0.000000,4.344000
2.310000,0.000000,0.000000,4.330000
2.312000,0.000000,0.000000,4.316000
2.314000,0.000000,0.000000,4.302000
2.316000,0.000000,0.000000,4.288000
2.318000,0.000000,0.000000,4.274000
2.320000,0.000000,0.000000,4.260000
2.322000,0.000000,0.000000,4.246000
2.324000,0.000000,0.000000,4.232000
2.326000,0.000000,0.000000,4.218000
2.328000,0.000000,0.000000,4.204000
2.330000,0.000000,0.000000,4.190000
2.332000,0.000000,0.000000,4.176000
2.334000,0.000000,0.000000,4.162000
2.336000,0.000000,0.000000,4.148000
2.338000,0.000000,0.000000,4.134000
2.340000,0.000000,0.000000,4.120000
2.342000,0.000000,0.000000,4.106000
2.344000,0.000000,0.000000,4.092000
2.346000,0.000000,0.000000,4.078000
2.348000,0.000000,0.000000,4.064000
2.350000,0.000000,0.000000,4.050000
2.352000,0.000000,0.000000,4.036000
2.354000,0.000000,0.000000,4.022000
2.356000,0.000000,0.000000,4.008000
2.358000,0.000000,0.000000,3.994000
2.360000,0.000000,0.000000,3.980000
2.362000,0.000000,0.000000,3.966000
2.364000,0.000000,0.000000,3.952000
2.366000,0.000000,0.000000,3.938000
2.368000,0.000000,0.000000,3.924000
2.370000,0.000000,0.000000,3.910000
2.372000,0.000000,0.000000,3.896000
2.374000,0.000000,0.000000,3.882000
2.376000,0.000000,0.000000,3.868000
2.378000,0.000000,0.000000,3.854000
2.380000,0.000000,0.000000,3.840000
2.382000,0.000000,0.000000,3.826000
2.384000,0.000000,0.000000,3.812000
2.386000,0.000000,0.000000,3.798000
2.388000,0.000000,0.000000,3.784000
2.390000,0.000000,0.000000,3.770000
2.392000,0.000000,0.000000,3.756000
2.394000,0.000000,0.000000,3.742000
2.396000,0.000000,0.000000,3.728000
2.398000,0.000000,0.000000,3.714000
2.400000,0.000000,0.000000,3.700000
2.402000,0.000000,0.000000,3.686000
2.404000,0.000000,0.000000,3.672000
2.406000,0.000000,0.000000,3.658000
2.408000,0.000000,0.000000,3.644000
2.410000,0.000000,0.000000,3.630000
2.412000,0.000000,0.000000,3.616000
2.414000,0.000000,0.000000,3.602000
2.416000,0.000000,0.000000,3.588000
2.418000,0.000000,0.000000,3.574000
2.420000,0.000000,0.000000,3.560000
2.422000,0.000000,0.000000,3.546000
2.424000,0.000000,0.000000,3.532000
2.426000,0.000000,0.000000,3.518000
2.428000,0.000000,0.000000,3.504000
2.430000,0.000000,0.000000,3.490000
2.432000,0.000000,0.000000,3.476000
2.434000,0.000000,0.000000,3.462000
2.436000,0.000000,0.000000,3.448000
2.438000,0.000000,0.000000,3.434000
2.440000,0.000000,0.000000,3.420000
2.442000,0.000000,0.000000,3.406000
2.444000,0.000000,0.000000,3.392000
2.446000,0.000000,0.000000,3.378000
2.448000,0.000000,0.000000,3.364000
2.450000,0.000000,0.000000,3.350000
2.452000,0.000000,0.000000,3.336000
2.454000,0.000000,0.000000,3.322000
2.456000,0.000000,0.000000,3.308000
2.458000,0.000000,0.000000,3.294000
2.460000,0.000000,0.000000,3.280000
2.462000,0.000000,0.000000,3.266000
2.464000,0.000000,0.000000,3.252000
2.466000,0.000000,0.000000,3.238000
2.468000,0.000000,0.000000,3.224000
2.470000,0.000000,0.000000,3.210000
2.472000,0.000000,0.000000,3.196000
2.474000,0.000000,0.000000,3.182000
2.476000,0.000000,0.000000,3.168000
2.478000,0.000000,0.000000,3.154000
2.480000,0.000000,0.000000,3.140000
2.482000,0.000000,0.000000,3.126000
2.484000,0.000000,0.000000,3.112000
2.486000,0.000000,0.000000,3.098000
2.488000,0.000000,0.000000,3.084000
2.490000,0.000000,0.000000,3.070000
2.492000,0.000000,0.000000,3.056000
2.494000,0.000000,0.000000,3.042000
2.496000,0.000000,0.000000,3.028000
2.498000,0.000000,0.000000,3.014000
2.500000,0.000000,0.000000,3.000000
2.502000,0.000000,0.000000,2.986000
2.504000,0.000000,0.000000,2.972000
2.506000,0.000000,0.000000,2.958000
2.508000,0.000000,0.000000,2.944000
2.510000,0.000000,0.000000,2.930000
2.512000,0.000000,0.000000,2.916000
2.514000,0.000000,0.000000,2.902000
2.516000,0.000000,0.000000,2.888000
2.518000,0.000000,0.000000,2.874000
2.520000,0.000000,0.000000,2.860000
2.522000,0.000000,0.000000,2.846000
2.524000,0.000000,0.000000,2.832000
2.526000,0.000000,0.000000,2.818000
2.528000,0.000000,0.000000,2.804000
2.530000,0.000000,0.000000,2.790000
2.532000,0.000000,0.000000,2.776000
2.534000,0.000000,0.000000,2.762000
2.536000,0.000000,0.000000,2.748000
2.538000,0.000000,0.000000,2.734000
2.540000,0.000000,0.000000,2.720000
2.542000,0.000000,0.000000,2.706000
2.544000,0.000000,0.000000,2.692000
2.546000,0.000000,0.000000,2.678000
2.548000,0.000000,0.000000,2.664000
2.550000,0.000000,0.000000,2.650000
2.552000,0.000000,0.000000,2.636000
2.554000,0.000000,0.000000,2.622000
2.556000,0.000000,0.000000,2.608000
2.558000,0.000000,0.000000,2.594000
2.560000,0.000000,0.000000,2.580000
2.562000,0.000000,0.000000,2.566000
2.564000,0.000000,0.000000,2.552000
2.566000,0.000000,0.000000,2.538000
2.568000,0.000000,0.000000,2.524000
2.570000,0.000000,0.000000,2.510000
2.572000,0.000000,0.000000,2.496000
2.574000,0.000000,0.000000,2.482000
2.576000,0.000000,0.000000,2.468000
2.578000,0.000000,0.000000,2.454000
2.580000,0.000000,0.000000,2.440000
2.582000,0.000000,0.000000,2.426000
2.584000,0.000000,0.000000,2.412000
2.586000,0.000000,0.000000,2.398000
2.588000,0.000000,0.000000,2.384000
2.590000,0.000000,0.000000,2.370000
2.592000,0.000000,0.000000,2.356000
2.594000,0.000000,0.000000,2.342000
2.596000,0.000000,0.000000,2.328000
2.598000,0.000000,0.000000,2.314000
2.600000,0.000000,0.000000,2.300000
2.602000,0.000000,0.000000,2.286000
2.604000,0.000000,0.000000,2.272000
2.606000,0.000000,0.000000,2.258000
2.608000,0.000000,0.000000,2.244000
2.610000,0.000000,0.000000,2.230000
2.612000,0.000000,0.000000,2.216000
2.614000,0.000000,0.000000,2.202000
2.616000,0.000000,0.000000,2.188000
2.618000,0.000000,0.000000,2.174000
2.620000,0.000000,0.000000,2.160000
2.622000,0.000000,0.000000,2.146000
2.624000,0.000000,0.000000,2.132000
2.626000,0.000000,0.000000,2.118000
2.628000,0.000000,0.000000,2.104000
2.630000,0.000000,0.000000,2.090000
2.632000,0.000000,0.000000,2.076000
2.634000,0.000000,0.000000,2.062000
2.636000,0.000000,0.000000,2.048000
2.638000,0.000000,0.000000,2.034000
2.640000,0.000000,0.000000,2.020000
2.642000,0.000000,0.000000,2.006000
2.644000,0.000000,0.000000,2.000000
2.646000,0.000000,0.000000,2.000000
2.648000,0.000000,0.000000,2.000000
2.650000,0.000000,0.000000,2.000000
2.652000,0.000000,0.000000,2.000000
2.654000,0.000000,0.000000,2.000000
2.656000,0.000000,0.000000,2.000000
2.658000,0.000000,0.000000,2.000000
2.660000,0.000000,0.000000,2.000000
2.662000,0.000000,0.000000,2.000000
2.664000,0.000000,0.000000,2.000000
2.666000,0.000000,0.000000,2.000000
2.668000,0.000000,0.000000,2.000000
2.670000,0.000000,0.000000,2.000000
2.672000,0.000000,0.000000,2.000000
2.674000,0.000000,0.000000,2.000000
2.676000,0.000000,0.000000,2.000000
2.678000,0.000000,0.000000,2.000000
2.680000,0.000000,0.000000,2.000000
2.682000,0.000000,0.000000,2.000000
2.684000,0.000000,0.000000,2.000000
2.686000,0.000000,0.000000,2.000000
2.688000,0.000000,0.000000,2.000000
2.690000,0.000000,0.000000,2.000000
2.692000,0.000000,0.000000,2.000000
2.694000,0.000000,0.000000,2.000000
2.696000,0.000000,0.000000,2.000000
2.698000,0.000000,0.000000,2.000000
2.700000,0.000000,0.000000,2.000000
2.702000,0.000000,0.000000,2.000000
2.704000,0.000000,0.000000,2.000000
2.706000,0.000000,0.000000,2.000000
2.708000,0.000000,0.000000,2.000000
2.710000,0.000000,0.000000,2.000000
2.712000,0.000000,0.000000,2.000000
2.714000,0.000000,0.000000,2.000000
2.716000,0.000000,0.000000,2.000000
2.718000,0.000000,0.000000,2.000000
2.720000,0.000000,0.000000,2.000000
2.722000,0.000000,0.000000,2.000000
2.724000,0.000000,0.000000,2.000000
2.726000,0.000000,0.000000,2.000000
2.728000,0.000000,0.000000,2.000000
2.730000,0.000000,0.000000,2.000000
2.732000,0.000000,0.000000,2.000000
2.734000,0.000000,0.000000,2.000000
2.736000,0.000000,0.000000,2.000000
2.738000,0.000000,0.000000,2.000000
2.740000,0.000000,0.000000,2.000000
2.742000,0.000000,0.000000,2.000000
2.744000,0.000000,0.000000,2.000000
2.746000,0.000000,0.000000,2.000000
2.748000,0.000000,0.000000,2.000000
2.750000,0.000000,0.000000,2.000000
2.752000,0.000000,0.000000,2.000000
2.754000,0.000000,0.000000,2.000000
2.756000,0.000000,0.000000,2.000000
2.758000,0.000000,0.000000,2.000000
2.760000,0.000000,0.000000,2.000000
2.762000,0.000000,0.000000,2.000000
2.764000,0.000000,0.000000,2.000000
2.766000,0.000000,0.000000,2.000000
2.768000,0.000000,0.000000,2.000000
2.770000,0.000000,0.000000,2.000000
2.772000,0.000000,0.000000,2.000000
2.774000,0.000000,0.000000,2.000000
2.776000,0.000000,0.000000,2.000000
2.778000,0.000000,0.000000,2.000000
2.780000,0.000000,0.000000,2.000000
2.782000,0.000000,0.000000,2.000000
2.784000,0.000000,0.000000,2.000000
2.786000,0.000000,0.000000,2.000000
2.788000,0.000000,0.000000,2.000000
2.790000,0.000000,0.000000,2.000000
2.792000,0.000000,0.000000,2.000000
2.794000,0.000000,0.000000,2.000000
2.796000,0.000000,0.000000,2.000000
2.798000,0.000000,0.000000,2.000000
2.800000,0.000000,0.000000,2.000000
2.802000,0.000000,0.000000,2.000000
2.804000,0.000000,0.000000,2.000000
2.806000,0.000000,0.000000,2.000000
2.808000,0.000000,0.000000,2.000000
2.810000,0.000000,0.000000,2.000000
2.812000,0.000000,0.000000,2.000000
2.814000,0.000000,0.000000,2.000000
2.816000,0.000000,0.000000,2.000000
2.818000,0.000000,0.000000,2.000000
2.820000,0.000000,0.000000,2.000000
2.822000,0.000000,0.000000,2.000000
2.824000,0.000000,0.000000,2.000000
2.826000,0.000000,0.000000,2.000000
2.828000,0.000000,0.000000,2.000000
2.830000,0.000000,0.000000,2.000000
2.832000,0.000000,0.000000,2.000000
2.834000,0.000000,0.000000,2.000000
2.836000,0.000000,0.000000,2.000000
2.838000,0.000000,0.000000,2.000000
2.840000,0.000000,0.000000,2.000000
2.842000,0.000000,0.000000,2.000000
2.844000,0.000000,0.000000,2.000000
2.846000,0.000000,0.000000,2.000000
2.848000,0.000000,0.000000,2.000000
2.850000,0.000000,0.000000,2.000000
2.852000,0.000000,0.000000,2.000000
2.854000,0.000000,0.000000,2.000000
2.856000,0.000000,0.000000,2.000000
2.858000,0.000000,0.000000,2.000000
2.860000,0.000000,0.000000,2.000000
2.862000,0.000000,0.000000,2.000000
2.864000,0.000000,0.000000,2.000000
2.866000,0.000000,0.000000,2.000000
2.868000,0.000000,0.000000,2.000000
2.870000,0.000000,0.000000,2.000000
2.872000,0.000000,0.000000,2.000000
2.874000,0.000000,0.000000,2.000000
2.876000,0.000000,0.000000,2.000000
2.878000,0.000000,0.000000,2.000000
2.880000,0.000000,0.000000,2.000000
2.882000,0.000000,0.000000,2.000000
2.884000,0.000000,0.000000,2.000000
2.886000,0.000000,0.000000,2.000000
2.888000,0.000000,0.000000,2.000000
2.890000,0.000000,0.000000,2.000000
2.892000,0.000000,0.000000,2.000000
2.894000,0.000000,0.000000,2.000000
2.896000,0.000000,0.000000,2.000000
2.898000,0.000000,0.000000,2.000000
2.900000,0.000000,0.000000,2.000000
2.902000,0.000000,0.000000,2.000000
2.904000,0.000000,0.000000,2.000000
2.906000,0.000000,0.000000,2.000000
2.908000,0.000000,0.000000,2.000000
2.910000,0.000000,0.000000,2.000000
2.912000,0.000000,0.000000,2.000000
2.914000,0.000000,0.000000,2.000000
2.916000,0.000000,0.000000,2.000000
2.918000,0.000000,0.000000,2.000000
2.920000,0.000000,0.000000,2.000000
2.922000,0.000000,0.000000,2.000000
2.924000,0.000000,0.000000,2.000000
2.926000,0.000000,0.000000,2.000000
2.928000,0.000000,0.000000,2.000000
2.930000,0.000000,0.000000,2.010000
2.932000,0.000000,0.000000,2.024000
2.934000,0.000000,0.000000,2.038000
2.936000,0.000000,0.000000,2.052000
2.938000,0.000000,0.000000,2.066000
2.940000,0.000000,0.000000,2.080000
2.942000,0.000000,0.000000,2.094000
2.944000,0.000000,0.000000,2.108000
2.946000,0.000000,0.000000,2.122000
2.948000,0.000000,0.000000,2.136000
2.950000,0.000000,0.000000,2.150000
2.952000,0.000000,0.000000,2.164000
2.954000,0.000000,0.000000,2.178000
2.956000,0.000000,0.000000,2.192000
2.958000,0.000000,0.000000,2.206000
2.960000,0.000000,0.000000,2.220000
2.962000,0.000000,0.000000,2.234000
2.964000,0.000000,0.000000,2.248000
2.966000,0.000000,0.000000,2.262000
2.968000,0.000000,0.000000,2.276000
2.970000,0.000000,0.000000,2.290000
2.972000,0.000000,0.000000,2.304000
2.974000,0.000000,0.000000,2.318000
2.976000,0.000000,0.000000,2.332000
2.978000,0.000000,0.000000,2.346000
2.980000,0.000000,0.000000,2.360000
2.982000,0.000000,0.000000,2.374000
2.984000,0.000000,0.000000,2.388000
2.986000,0.000000,0.000000,2.402000
2.988000,0.000000,0.000000,2.416000
2.990000,0.000000,0.000000,2.430000
2.992000,0.000000,0.000000,2.444000
2.994000,0.000000,0.000000,2.458000
2.996000,0.000000,0.000000,2.472000
2.998000,0.000000,0.000000,2.486000
3.000000,0.000000,0.000000,2.500000
3.002000,0.000000,0.000000,2.514000
3.004000,0.000000,0.000000,2.528000
3.006000,0.000000,0.000000,2.542000
3.008000,0.000000,0.000000,2.556000
3.010000,0.000000,0.000000,2.570000
3.012000,0.000000,0.000000,2.584000
3.014000,0.000000,0.000000,2.598000
3.016000,0.000000,0.000000,2.612000
3.018000,0.000000,0.000000,2.626000
3.020000,0.000000,0.000000,2.640000
3.022000,0.000000,0.000000,2.654000
3.024000,0.000000,0.000000,2.668000
3.026000,0.000000,0.000000,2.682000
3.028000,0.000000,0.000000,2.696000
3.030000,0.000000,0.000000,2.710000
3.032000,0.000000,0.000000,2.724000
3.034000,0.000000,0.000000,2.738000
3.036000,0.000000,0.000000,2.752000
3.038000,0.000000,0.000000,2.766000
3.040000,0.000000,0.000000,2.780000
3.042000,0.000000,0.000000,2.794000
3.044000,0.000000,0.000000,2.808000
3.046000,0.000000,0.000000,2.822000
3.048000,0.000000,0.000000,2.836000
3.050000,0.000000,0.000000,2.850000
3.052000,0.000000,0.000000,2.864000
3.054000,0.000000,0.000000,2.878000
3.056000,0.000000,0.000000,2.892000
3.058000,0.000000,0.000000,2.906000
3.060000,0.000000,0.000000,2.920000
3.062000,0.000000,0.000000,2.934000
3.064000,0.000000,0.000000,2.948000
3.066000,0.000000,0.000000,2.962000
3.068000,0.000000,0.000000,2.976000
3.070000,0.000000,0.000000,2.990000
3.072000,0.000000,0.000000,3.004000
3.074000,0.000000,0.000000,3.018000
3.076000,0.000000,0.000000,3.032000
3.078000,0.000000,0.000000,3.046000
3.080000,0.000000,0.000000,3.060000
3.082000,0.000000,0.000000,3.074000
3.084000,0.000000,0.000000,3.088000
3.086000,0.000000,0.000000,3.102000
3.088000,0.000000,0.000000,3.116000
3.090000,0.000000,0.000000,3.130000
3.092000,0.000000,0.000000,3.144000
3.094000,0.000000,0.000000,3.158000
3.096000,0.000000,0.000000,3.172000
3.098000,0.000000,0.000000,3.186000
3.100000,0.000000,0.000000,3.200000
3.102000,0.000000,0.000000,3.214000
3.104000,0.000000,0.000000,3.228000
3.106000,0.000000,0.000000,3.242000
3.108000,0.000000,0.000000,3.256000
3.110000,0.000000,0.000000,3.270000
3.112000,0.000000,0.000000,3.284000
3.114000,0.000000,0.000000,3.298000
3.116000,0.000000,0.000000,3.312000
3.118000,0.000000,0.000000,3.326000
3.120000,0.000000,0.000000,3.340000
3.122000,0.000000,0.000000,3.354000
3.124000,0.000000,0.000000,3.368000
3.126000,0.000000,0.000000,3.382000
3.128000,0.000000,0.000000,3.396000
3.130000,0.000000,0.000000,3.410000
3.132000,0.000000,0.000000,3.424000
3.134000,0.000000,0.000000,3.438000
3.136000,0.000000,0.000000,3.452000
3.138000,0.000000,0.000000,3.466000
3.140000,0.000000,0.000000,3.480000
3.142000,0.000000,0.000000,3.494000
3.144000,0.000000,0.000000,3.508000
3.146000,0.000000,0.000000,3.522000
3.148000,0.000000,0.000000,3.536000
3.150000,0.000000,0.000000,3.550000
3.152000,0.000000,0.000000,3.564000
3.154000,0.000000,0.000000,3.578000
3.156000,0.000000,0.000000,3.592000
3.158000,0.000000,0.000000,3.606000
3.160000,0.000000,0.000000,3.620000
3.162000,0.000000,0.000000,3.634000
3.164000,0.000000,0.000000,3.648000
3.166000,0.000000,0.000000,3.662000
3.168000,0.000000,0.000000,3.676000
3.170000,0.000000,0.000000,3.690000
3.172000,0.000000,0.000000,3.704000
3.174000,0.000000,0.000000,3.718000
3.176000,0.000000,0.000000,3.732000
3.178000,0.000000,0.000000,3.746000
3.180000,0.000000,0.000000,3.760000
3.182000,0.000000,0.000000,3.774000
3.184000,0.000000,0.000000,3.788000
3.186000,0.000000,0.000000,3.802000
3.188000,0.000000,0.000000,3.816000
3.190000,0.000000,0.000000,3.830000
3.192000,0.000000,0.000000,3.844000
3.194000,0.000000,0.000000,3.858000
3.196000,0.000000,0.000000,3.872000
3.198000,0.000000,0.000000,3.886000
3.200000,0.000000,0.000000,3.900000
3.202000,0.000000,0.000000,3.914000
3.204000,0.000000,0.000000,3.928000
3.206000,0.000000,0.000000,3.942000
3.208000,0.000000,0.000000,3.956000
3.210000,0.000000,0.000000,3.970000
3.212000,0.000000,0.000000,3.984000
3.214000,0.000000,0.000000,3.998000
3.216000,0.000000,0.000000,4.012000
3.218000,0.000000,0.000000,4.026000
3.220000,0.000000,0.000000,4.040000
3.222000,0.000000,0.000000,4.054000
3.224000,0.000000,0.000000,4.068000
3.226000,0.000000,0.000000,4.082000
3.228000,0.000000,0.000000,4.096000
3.230000,0.000000,0.000000,4.110000
3.232000,0.000000,0.000000,4.124000
3.234000,0.000000,0.000000,4.138000
3.236000,0.000000,0.000000,4.152000
3.238000,0.000000,0.000000,4.166000
3.240000,0.000000,0.000000,4.180000
3.242000,0.000000,0.000000,4.194000
3.244000,0.000000,0.000000,4.208000
3.246000,0.000000,0.000000,4.222000
3.248000,0.000000,0.000000,4.236000
3.250000,0.000000,0.000000,4.250000
3.252000,0.000000,0.000000,4.264000
3.254000,0.000000,0.000000,4.278000
3.256000,0.000000,0.000000,4.292000
3.258000,0.000000,0.000000,4.306000
3.260000,0.000000,0.000000,4.320000
3.262000,0.000000,0.000000,4.334000
3.264000,0.000000,0.000000,4.348000
3.266000,0.000000,0.000000,4.362000
3.268000,0.000000,0.000000,4.376000
3.270000,0.000000,0.000000,4.390000
3.272000,0.000000,0.000000,4.404000
3.274000,0.000000,0.000000,4.418000
3.276000,0.000000,0.000000,4.432000
3.278000,0.000000,0.000000,4.446000
3.280000,0.000000,0.000000,4.460000
3.282000,0.000000,0.000000,4.474000
3.284000,0.000000,0.000000,4.488000
3.286000,0.000000,0.000000,4.502000
3.288000,0.000000,0.000000,4.516000
3.290000,0.000000,0.000000,4.530000
3.292000,0.000000,0.000000,4.544000
3.294000,0.000000,0.000000,4.558000
3.296000,0.000000,0.000000,4.572000
3.298000,0.000000,0.000000,4.586000
3.300000,0.000000,0.000000,4.600000
3.302000,0.000000,0.000000,4.614000
3.304000,0.000000,0.000000,4.628000
3.306000,0.000000,0.000000,4.642000
3.308000,0.000000,0.000000,4.656000
3.310000,0.000000,0.000000,4.670000
3.312000,0.000000,0.000000,4.684000
3.314000,0.000000,0.000000,4.698000
3.316000,0.000000,0.000000,4.712000
3.318000,0.000000,0.000000,4.726000
3.320000,0.000000,0.000000,4.740000
3.322000,0.000000,0.000000,4.754000
3.324000,0.000000,0.000000,4.768000
3.326000,0.000000,0.000000,4.782000
3.328000,0.000000,0.000000,4.796000
3.330000,0.000000,0.000000,4.810000
3.332000,0.000000,0.000000,4.824000
3.334000,0.000000,0.000000,4.838000
3.336000,0.000000,0.000000,4.852000
3.338000,0.000000,0.000000,4.866000
3.340000,0.000000,0.000000,4.880000
3.342000,0.000000,0.000000,4.894000
3.344000,0.000000,0.000000,4.908000
3.346000,0.000000,0.000000,4.922000
3.348000,0.000000,0.000000,4.936000
3.350000,0.000000,0.000000,4.950000
3.352000,0.000000,0.000000,4.964000
3.354000,0.000000,0.000000,4.978000
3.356000,0.000000,0.000000,4.992000
3.358000,0.000000,0.000000,5.000000
3.360000,0.000000,0.000000,5.000000
3.362000,0.000000,0.000000,5.000000
3.364000,0.000000,0.000000,5.000000
3.366000,0.000000,0.000000,5.000000
3.368000,0.000000,0.000000,5.000000
3.370000,0.000000,0.000000,5.000000
3.372000,0.000000,0.000000,5.000000
3.374000,0.000000,0.000000,5.000000
3.376000,0.000000,0.000000,5.000000
3.378000,0.000000,0.000000,5.000000
3.380000,0.000000,0.000000,5.000000
3.382000,0.000000,0.000000,5.000000
3.384000,0.000000,0.000000,5.000000
3.386000,0.000000,0.000000,5.000000
3.388000,0.000000,0.000000,5.000000
3.390000,0.000000,0.000000,5.000000
3.392000,0.000000,0.000000,5.000000
3.394000,0.000000,0.000000,5.000000
3.396000,0.000000,0.000000,5.000000
3.398000,0.000000,0.000000,5.000000
3.400000,0.000000,0.000000,5.000000
3.402000,0.000000,0.000000,5.000000
3.404000,0.000000,0.000000,5.000000
3.406000,0.000000,0.000000,5.000000
3.408000,0.000000,0.000000,5.000000
3.410000,0.000000,0.000000,5.000000
3.412000,0.000000,0.000000,5.000000
3.414000,0.000000,0.000000,5.000000
3.416000,0.000000,0.000000,5.000000
3.418000,0.000000,0.000000,5.000000
3.420000,0.000000,0.000000,5.000000
3.422000,0.000000,0.000000,5.000000
3.424000,0.000000,0.000000,5.000000
3.426000,0.000000,0.000000,5.000000
3.428000,0.000000,0.000000,5.000000
3.430000,0.000000,0.000000,5.000000
3.432000,0.000000,0.000000,5.000000
3.434000,0.000000,0.000000,5.000000
3.436000,0.000000,0.000000,5.000000
3.438000,0.000000,0.000000,5.000000
3.440000,0.000000,0.000000,5.000000
3.442000,0.000000,0.000000,5.000000
3.444000,0.000000,0.000000,5.000000
3.446000,0.000000,0.000000,5.000000
3.448000,0.000000,0.000000,5.000000
3.450000,0.000000,0.000000,5.000000
3.452000,0.000000,0.000000,5.000000
3.454000,0.000000,0.000000,5.000000
3.456000,0.000000,0.000000,5.000000
3.458000,0.000000,0.000000,5.000000
3.460000,0.000000,0.000000,5.000000
3.462000,0.000000,0.000000,5.000000
3.464000,0.000000,0.000000,5.000000
3.466000,0.000000,0.000000,5.000000
3.468000,0.000000,0.000000,5.000000
3.470000,0.000000,0.000000,5.000000
3.472000,0.000000,0.000000,5.000000
3.474000,0.000000,0.000000,5.000000
3.476000,0.000000,0.000000,5.000000
3.478000,0.000000,0.000000,5.000000
3.480000,0.000000,0.000000,5.000000
3.482000,0.000000,0.000000,5.000000
3.484000,0.000000,0.000000,5.000000
3.486000,0.000000,0.000000,5.000000
3.488000,0.000000,0.000000,5.000000
3.490000,0.000000,0.000000,5.000000
3.492000,0.000000,0.000000,5.000000
3.494000,0.000000,0.000000,5.000000
3.496000,0.000000,0.000000,5.000000
3.498000,0.000000,0.000000,5.000000
3.500000,0.000000,0.000000,5.000000
3.502000,0.000000,0.000000,5.000000
3.504000,0.000000,0.000000,5.000000
3.506000,0.000000,0.000000,5.000000
3.508000,0.000000,0.000000,5.000000
3.510000,0.000000,0.000000,5.000000
3.512000,0.000000,0.000000,5.000000
3.514000,0.000000,0.000000,5.000000
3.516000,0.000000,0.000000,5.000000
3.518000,0.000000,0.000000,5.000000
3.520000,0.000000,0.000000,5.000000
3.522000,0.000000,0.000000,5.000000
3.524000,0.000000,0.000000,5.000000
3.526000,0.000000,0.000000,5.000000
3.528000,0.000000,0.000000,5.000000
3.530000,0.000000,0.000000,5.000000
3.532000,0.000000,0.000000,5.000000
3.534000,0.000000,0.000000,5.000000
3.536000,0.000000,0.000000,5.000000
3.538000,0.000000,0.000000,5.000000
3.540000,0.000000,0.000000,5.000000
3.542000,0.000000,0.000000,5.000000
3.544000,0.000000,0.000000,5.000000
3.546000,0.000000,0.000000,5.000000
3.548000,0.000000,0.000000,5.000000
3.550000,0.000000,0.000000,5.000000
3.552000,0.000000,0.000000,5.000000
3.554000,0.000000,0.000000,5.000000
3.556000,0.000000,0.000000,5.000000
3.558000,0.000000,0.000000,5.000000
3.560000,0.000000,0.000000,5.000000
3.562000,0.000000,0.000000,5.000000
3.564000,0.000000,0.000000,5.000000
3.566000,0.000000,0.000000,5.000000
3.568000,0.000000,0.000000,5.000000
3.570000,0.000000,0.000000,5.000000
3.572000,0.000000,0.000000,5.000000
3.574000,0.000000,0.000000,5.000000
3.576000,0.000000,0.000000,5.000000
3.578000,0.000000,0.000000,5.000000
3.580000,0.000000,0.000000,5.000000
3.582000,0.000000,0.000000,5.000000
3.584000,0.000000,0.000000,5.000000
3.586000,0.000000,0.000000,5.000000
3.588000,0.000000,0.000000,5.000000
3.590000,0.000000,0.000000,5.000000
3.592000,0.000000,0.000000,5.000000
3.594000,0.000000,0.000000,5.000000
3.596000,0.000000,0.000000,5.000000
3.598000,0.000000,0.000000,5.000000
3.600000,0.000000,0.000000,5.000000
3.602000,0.000000,0.000000,5.000000
3.604000,0.000000,0.000000,5.000000
3.606000,0.000000,0.000000,5.000000
3.608000,0.000000,0.000000,5.000000
3.610000,0.000000,0.000000,5.000000
3.612000,0.000000,0.000000,5.000000
3.614000,0.000000,0.000000,5.000000
3.616000,0.000000,0.000000,5.000000
3.618000,0.000000,0.000000,5.000000
3.620000,0.000000,0.000000,5.000000
3.622000,0.000000,0.000000,5.000000
3.624000,0.000000,0.000000,5.000000
3.626000,0.000000,0.000000,5.000000
3.628000,0.000000,0.000000,5.000000
3.630000,0.000000,0.000000,5.000000
3.632000,0.000000,0.000000,5.000000
3.634000,0.000000,0.000000,5.000000
3.636000,0.000000,0.000000,5.000000
3.638000,0.000000,0.000000,5.000000
3.640000,0.000000,0.000000,5.000000
3.642000,0.000000,0.000000,5.000000
3.644000,0.000000,0.000000,5.000000
3.646000,0.000000,0.000000,5.000000
3.648000,0.000000,0.000000,5.000000
3.650000,0.000000,0.000000,5.000000
3.652000,0.000000,0.000000,5.000000
3.654000,0.000000,0.000000,5.000000
3.656000,0.000000,0.000000,5.000000
3.658000,0.000000,0.000000,5.000000
3.660000,0.000000,0.000000,5.000000
3.662000,0.000000,0.000000,5.000000
3.664000,0.000000,0.000000,5.000000
3.666000,0.000000,0.000000,5.000000
3.668000,0.000000,0.000000,5.000000
3.670000,0.000000,0.000000,5.000000
3.672000,0.000000,0.000000,5.000000
3.674000,0.000000,0.000000,5.000000
3.676000,0.000000,0.000000,5.000000
3.678000,0.000000,0.000000,5.000000
3.680000,0.000000,0.000000,5.000000
3.682000,0.000000,0.000000,5.000000
3.684000,0.000000,0.000000,5.000000
3.686000,0.000000,0.000000,5.000000
3.688000,0.000000,0.000000,5.000000
3.690000,0.000000,0.000000,5.000000
3.692000,0.000000,0.000000,5.000000
3.694000,0.000000,0.000000,5.000000
3.696000,0.000000,0.000000,5.000000
3.698000,0.000000,0.000000,5.000000
3.700000,0.000000,0.000000,5.000000
3.702000,0.000000,0.000000,5.000000
3.704000,0.000000,0.000000,5.000000
3.706000,0.000000,0.000000,5.000000
3.708000,0.000000,0.000000,5.000000
3.710000,0.000000,0.000000,5.000000
3.712000,0.000000,0.000000,5.000000
3.714000,0.000000,0.000000,5.000000
3.716000,0.000000,0.000000,5.000000
3.718000,0.000000,0.000000,5.000000
3.720000,0.000000,0.000000,5.000000
3.722000,0.000000,0.000000,5.000000
3.724000,0.000000,0.000000,5.000000
3.726000,0.000000,0.000000,5.000000
3.728000,0.000000,0.000000,5.000000
3.730000,0.000000,0.000000,5.000000
3.732000,0.000000,0.000000,5.000000
3.734000,0.000000,0.000000,5.000000
3.736000,0.000000,0.000000,5.000000
3.738000,0.000000,0.000000,5.000000
3.740000,0.000000,0.000000,5.000000
3.742000,0.000000,0.000000,5.000000
3.744000,0.000000,0.000000,5.000000
3.746000,0.000000,0.000000,5.000000
3.748000,0.000000,0.000000,5.000000
3.750000,0.000000,0.000000,5.000000
3.752000,0.000000,0.000000,5.000000
3.754000,0.000000,0.000000,5.000000
3.756000,0.000000,0.000000,5.000000
3.758000,0.000000,0.000000,5.000000
3.760000,0.000000,0.000000,5.000000
3.762000,0.000000,0.000000,5.000000
3.764000,0.000000,0.000000,5.000000
3.766000,0.000000,0.000000,5.000000
3.768000,0.000000,0.000000,5.000000
3.770000,0.000000,0.000000,5.000000
3.772000,0.000000,0.000000,5.000000
3.774000,0.000000,0.000000,5.000000
3.776000,0.000000,0.000000,5.000000
3.778000,0.000000,0.000000,5.000000
3.780000,0.000000,0.000000,5.000000
3.782000,0.000000,0.000000,5.000000
3.784000,0.000000,0.000000,5.000000
3.786000,0.000000,0.000000,5.000000
3.788000,0.000000,0.000000,5.000000
3.790000,0.000000,0.000000,5.000000
3.792000,0.000000,0.000000,5.000000
3.794000,0.000000,0.000000,5.000000
3.796000,0.000000,0.000000,5.000000
3.798000,0.000000,0.000000,5.000000
3.800000,0.000000,0.000000,5.000000
3.802000,0.000000,0.000000,5.000000
3.804000,0.000000,0.000000,5.000000
3.806000,0.000000,0.000000,5.000000
3.808000,0.000000,0.000000,5.000000
3.810000,0.000000,0.000000,5.000000
3.812000,0.000000,0.000000,5.000000
3.814000,0.000000,0.000000,5.000000
3.816000,0.000000,0.000000,5.000000
3.818000,0.000000,0.000000,5.000000
3.820000,0.000000,0.000000,5.000000
3.822000,0.000000,0.000000,5.000000
3.824000,0.000000,0.000000,5.000000
3.826000,0.000000,0.000000,5.000000
3.828000,0.000000,0.000000,5.000000
3.830000,0.000000,0.000000,5.000000
3.832000,0.000000,0.000000,5.000000
3.834000,0.000000,0.000000,5.000000
3.836000,0.000000,0.000000,5.000000
3.838000,0.000000,0.000000,5.000000
3.840000,0.000000,0.000000,5.000000
3.842000,0.000000,0.000000,5.000000
3.844000,0.000000,0.000000,5.000000
3.846000,0.000000,0.000000,5.000000
3.848000,0.000000,0.000000,5.000000
3.850000,0.000000,0.000000,5.000000
3.852000,0.000000,0.000000,5.000000
3.854000,0.000000,0.000000,5.000000
3.856000,0.000000,0.000000,5.000000
3.858000,0.000000,0.000000,4.994000
3.860000,0.000000,0.000000,4.980000
3.862000,0.000000,0.000000,4.966000
3.864000,0.000000,0.000000,4.952000
3.866000,0.000000,0.000000,4.938000
3.868000,0.000000,0.000000,4.924000
3.870000,0.000000,0.000000,4.910000
3.872000,0.000000,0.000000,4.896000
3.874000,0.000000,0.000000,4.882000
3.876000,0.000000,0.000000,4.868000
3.878000,0.000000,0.000000,4.854000
3.880000,0.000000,0.000000,4.840000
3.882000,0.000000,0.000000,4.826000
3.884000,0.000000,0.000000,4.812000
3.886000,0.000000,0.000000,4.798000
3.888000,0.000000,0.000000,4.784000
3.890000,0.000000,0.000000,4.770000
3.892000,0.000000,0.000000,4.756000
3.894000,0.000000,0.000000,4.742000
3.896000,0.000000,0.000000,4.728000
3.898000,0.000000,0.000000,4.714000
3.900000,0.000000,0.000000,4.700000
3.902000,0.000000,0.000000,4.686000
3.904000,0.000000,0.000000,4.672000
3.906000,0.000000,0.000000,4.658000
3.908000,0.000000,0.000000,4.644000
3.910000,0.000000,0.000000,4.630000
3.912000,0.000000,0.000000,4.616000
3.914000,0.000000,0.000000,4.602000
3.916000,0.000000,0.000000,4.588000
3.918000,0.000000,0.000000,4.574000
3.920000,0.000000,0.000000,4.560000
3.922000,0.000000,0.000000,4.546000
3.924000,0.000000,0.000000,4.532000
3.926000,0.000000,0.000000,4.518000
3.928000,0.000000,0.000000,4.504000
3.930000,0.000000,0.000000,4.490000
3.932000,0.000000,0.000000,4.476000
3.934000,0.000000,0.000000,4.462000
3.936000,0.000000,0.000000,4.448000
3.938000,0.000000,0.000000,4.434000
3.940000,0.000000,0.000000,4.420000
3.942000,0.000000,0.000000,4.406000
3.944000,0.000000,0.000000,4.392000
3.946000,0.000000,0.000000,4.378000
3.948000,0.000000,0.000000,4.364000
3.950000,0.000000,0.000000,4.350000
3.952000,0.000000,0.000000,4.336000
3.954000,0.000000,0.000000,4.322000
3.956000,0.000000,0.000000,4.308000
3.958000,0.000000,0.000000,4.294000
3.960000,0.000000,0.000000,4.280000
3.962000,0.000000,0.000000,4.266000
3.964000,0.000000,0.000000,4.252000
3.966000,0.000000,0.000000,4.238000
3.968000,0.000000,0.000000,4.224000
3.970000,0.000000,0.000000,4.210000
3.972000,0.000000,0.000000,4.196000
3.974000,0.000000,0.000000,4.182000
3.976000,0.000000,0.000000,4.168000
3.978000,0.000000,0.000000,4.154000
3.980000,0.000000,0.000000,4.140000
3.982000,0.000000,0.000000,4.126000
3.984000,0.000000,0.000000,4.112000
3.986000,0.000000,0.000000,4.098000
3.988000,0.000000,0.000000,4.084000
3.990000,0.000000,0.000000,4.070000
3.992000,0.000000,0.000000,4.056000
3.994000,0.000000,0.000000,4.042000
3.996000,0.000000,0.000000,4.028000
3.998000,0.000000,0.000000,4.014000
4.000000,0.000000,0.000000,4.000000
4.002000,0.000000,0.000000,3.986000
4.004000,0.000000,0.000000,3.972000
4.006000,0.000000,0.000000,3.958000
4.008000,0.000000,0.000000,3.944000
4.010000,0.000000,0.000000,3.930000
4.012000,0.000000,0.000000,3.916000
4.014000,0.000000,0.000000,3.902000
4.016000,0.000000,0.000000,3.888000
4.018000,0.000000,0.000000,3.874000
4.020000,0.000000,0.000000,3.860000
4.022000,0.000000,0.000000,3.846000
4.024000,0.000000,0.000000,3.832000
4.026000,0.000000,0.000000,3.818000
4.028000,0.000000,0.000000,3.804000
4.030000,0.000000,0.000000,3.790000
4.032000,0.000000,0.000000,3.776000
4.034000,0.000000,0.000000,3.762000
4.036000,0.000000,0.000000,3.748000
4.038000,0.000000,0.000000,3.734000
4.040000,0.000000,0.000000,3.720000
4.042000,0.000000,0.000000,3.706000
4.044000,0.000000,0.000000,3.692000
4.046000,0.000000,0.000000,3.678000
4.048000,0.000000,0.000000,3.664000
4.050000,0.000000,0.000000,3.650000
4.052000,0.000000,0.000000,3.636000
4.054000,0.000000,0.000000,3.622000
4.056000,0.000000,0.000000,3.608000
4.058000,0.000000,0.000000,3.594000
4.060000,0.000000,0.000000,3.580000
4.062000,0.000000,0.000000,3.566000
4.064000,0.000000,0.000000,3.552000
4.066000,0.000000,0.000000,3.538000
4.068000,0.000000,0.000000,3.524000
4.070000,0.000000,0.000000,3.510000
4.072000,0.000000,0.000000,3.496000
4.074000,0.000000,0.000000,3.482000
4.076000,0.000000,0.000000,3.468000
4.078000,0.000000,0.000000,3.454000
4.080000,0.000000,0.000000,3.440000
4.082000,0.000000,0.000000,3.426000
4.084000,0.000000,0.000000,3.412000
4.086000,0.000000,0.000000,3.398000
4.088000,0.000000,0.000000,3.384000
4.090000,0.000000,0.000000,3.370000
4.092000,0.000000,0.000000,3.356000
4.094000,0.000000,0.000000,3.342000
4.096000,0.000000,0.000000,3.328000
4.098000,0.000000,0.000000,3.314000
4.100000,0.000000,0.000000,3.300000
4.102000,0.000000,0.000000,3.286000
4.104000,0.000000,0.000000,3.272000
4.106000,0.000000,0.000000,3.258000
4.108000,0.000000,0.000000,3.244000
4.110000,0.000000,0.000000,3.230000
4.112000,0.000000,0.000000,3.216000
4.114000,0.000000,0.000000,3.202000
4.116000,0.000000,0.000000,3.188000
4.118000,0.000000,0.000000,3.174000
4.120000,0.000000,0.000000,3.160000
4.122000,0.000000,0.000000,3.146000
4.124000,0.000000,0.000000,3.132000
4.126000,0.000000,0.000000,3.118000
4.128000,0.000000,0.000000,3.104000
4.130000,0.000000,0.000000,3.090000
4.132000,0.000000,0.000000,3.076000
4.134000,0.000000,0.000000,3.062000
4.136000,0.000000,0.000000,3.048000
4.138000,0.000000,0.000000,3.034000
4.140000,0.000000,0.000000,3.020000
4.142000,0.000000,0.000000,3.006000
4.144000,0.000000,0.000000,2.992000
4.146000,0.000000,0.000000,2.978000
4.148000,0.000000,0.000000,2.964000
4.150000,0.000000,0.000000,2.950000
4.152000,0.000000,0.000000,2.936000
4.154000,0.000000,0.000000,2.922000
4.156000,0.000000,0.000000,2.908000
4.158000,0.000000,0.000000,2.894000
4.160000,0.000000,0.000000,2.880000
4.162000,0.000000,0.000000,2.866000
4.164000,0.000000,0.000000,2.852000
4.166000,0.000000,0.000000,2.838000
4.168000,0.000000,0.000000,2.824000
4.170000,0.000000,0.000000,2.810000
4.172000,0.000000,0.000000,2.796000
4.174000,0.000000,0.000000,2.782000
4.176000,0.000000,0.000000,2.768000
4.178000,0.000000,0.000000,2.754000
4.180000,0.000000,0.000000,2.740000
4.182000,0.000000,0.000000,2.726000
4.184000,0.000000,0.000000,2.712000
4.186000,0.000000,0.000000,2.698000
4.188000,0.000000,0.000000,2.684000
4.190000,0.000000,0.000000,2.670000
4.192000,0.000000,0.000000,2.656000
4.194000,0.000000,0.000000,2.642000
4.196000,0.000000,0.000000,2.628000
4.198000,0.000000,0.000000,2.614000
4.200000,0.000000,0.000000,2.600000
4.202000,0.000000,0.000000,2.586000
4.204000,0.000000,0.000000,2.572000
4.206000,0.000000,0.000000,2.558000
4.208000,0.000000,0.000000,2.544000
4.210000,0.000000,0.000000,2.530000
4.212000,0.000000,0.000000,2.516000
4.214000,0.000000,0.000000,2.502000
4.216000,0.000000,0.000000,2.488000
4.218000,0.000000,0.000000,2.474000
4.220000,0.000000,0.000000,2.460000
4.222000,0.000000,0.000000,2.446000
4.224000,0.000000,0.000000,2.432000
4.226000,0.000000,0.000000,2.418000
4.228000,0.000000,0.000000,2.404000
4.230000,0.000000,0.000000,2.390000
4.232000,0.000000,0.000000,2.376000
4.234000,0.000000,0.000000,2.362000
4.236000,0.000000,0.000000,2.348000
4.238000,0.000000,0.000000,2.334000
4.240000,0.000000,0.000000,2.320000
4.242000,0.000000,0.000000,2.306000
4.244000,0.000000,0.000000,2.292000
4.246000,0.000000,0.000000,2.278000
4.248000,0.000000,0.000000,2.264000
4.250000,0.000000,0.000000,2.250000
4.252000,0.000000,0.000000,2.236000
4.254000,0.000000,0.000000,2.222000
4.256000,0.000000,0.000000,2.208000
4.258000,0.000000,0.000000,2.194000
4.260000,0.000000,0.000000,2.180000
4.262000,0.000000,0.000000,2.166000
4.264000,0.000000,0.000000,2.152000
4.266000,0.000000,0.000000,2.138000
4.268000,0.000000,0.000000,2.124000
4.270000,0.000000,0.000000,2.110000
4.272000,0.000000,0.000000,2.096000
4.274000,0.000000,0.000000,2.082000
4.276000,0.000000,0.000000,2.068000
4.278000,0.000000,0.000000,2.054000
4.280000,0.000000,0.000000,2.040000
4.282000,0.000000,0.000000,2.026000
4.284000,0.000000,0.000000,2.012000
4.286000,0.000000,0.000000,2.000000
4.288000,0.000000,0.000000,2.000000
4.290000,0.000000,0.000000,2.000000
4.292000,0.000000,0.000000,2.000000
4.294000,0.000000,0.000000,2.000000
4.296000,0.000000,0.000000,2.000000
4.298000,0.000000,0.000000,2.000000
4.300000,0.000000,0.000000,2.000000
4.302000,0.000000,0.000000,2.000000
4.304000,0.000000,0.000000,2.000000
4.306000,0.000000,0.000000,2.000000
4.308000,0.000000,0.000000,2.000000
4.310000,0.000000,0.000000,2.000000
4.312000,0.000000,0.000000,2.000000
4.314000,0.000000,0.000000,2.000000
4.316000,0.000000,0.000000,2.000000
4.318000,0.000000,0.000000,2.000000
4.320000,0.000000,0.000000,2.000000
4.322000,0.000000,0.000000,2.000000
4.324000,0.000000,0.000000,2.000000
4.326000,0.000000,0.000000,2.000000
4.328000,0.000000,0.000000,2.000000
4.330000,0.000000,0.000000,2.000000
4.332000,0.000000,0.000000,2.000000
4.334000,0.000000,0.000000,2.000000
4.336000,0.000000,0.000000,2.000000
4.338000,0.000000,0.000000,2.000000
4.340000,0.000000,0.000000,2.000000
4.342000,0.000000,0.000000,2.000000
4.344000,0.000000,0.000000,2.000000
4.346000,0.000000,0.000000,2.000000
4.348000,0.000000,0.000000,2.000000
4.350000,0.000000,0.000000,2.000000
4.352000,0.000000,0.000000,2.000000
4.354000,0.000000,0.000000,2.000000
4.356000,0.000000,0.000000,2.000000
4.358000,0.000000,0.000000,2.000000
4.360000,0.000000,0.000000,2.000000
4.362000,0.000000,0.000000,2.000000
4.364000,0.000000,0.000000,2.000000
4.366000,0.000000,0.000000,2.000000
4.368000,0.000000,0.000000,2.000000
4.370000,0.000000,0.000000,2.000000
4.372000,0.000000,0.000000,2.000000
4.374000,0.000000,0.000000,2.000000
4.376000,0.000000,0.000000,2.000000
4.378000,0.000000,0.000000,2.000000
4.380000,0.000000,0.000000,2.000000
4.382000,0.000000,0.000000,2.000000
4.384000,0.000000,0.000000,2.000000
4.386000,0.000000,0.000000,2.000000
4.388000,0.000000,0.000000,2.000000
4.390000,0.000000,0.000000,2.000000
4.392000,0.000000,0.000000,2.000000
4.394000,0.000000,0.000000,2.000000
4.396000,0.000000,0.000000,2.000000
4.398000,0.000000,0.000000,2.000000
4.400000,0.000000,0.000000,2.000000
4.402000,0.000000,0.000000,2.000000
4.404000,0.000000,0.000000,2.000000
4.406000,0.000000,0.000000,2.000000
4.408000,0.000000,0.000000,2.000000
4.410000,0.000000,0.000000,2.000000
4.412000,0.000000,0.000000,2.000000
4.414000,0.000000,0.000000,2.000000
4.416000,0.000000,0.000000,2.000000
4.418000,0.000000,0.000000,2.000000
4.420000,0.000000,0.000000,2.000000
4.422000,0.000000,0.000000,2.000000
4.424000,0.000000,0.000000,2.000000
4.426000,0.000000,0.000000,2.000000
4.428000,0.000000,0.000000,2.000000
4.430000,0.000000,0.000000,2.000000
4.432000,0.000000,0.000000,2.000000
4.434000,0.000000,0.000000,2.000000
4.436000,0.000000,0.000000,2.000000
4.438000,0.000000,0.000000,2.000000
4.440000,0.000000,0.000000,2.000000
4.442000,0.000000,0.000000,2.000000
4.444000,0.000000,0.000000,2.000000
4.446000,0.000000,0.000000,2.000000
4.448000,0.000000,0.000000,2.000000
4.450000,0.000000,0.000000,2.000000
4.452000,0.000000,0.000000,2.000000
4.454000,0.000000,0.000000,2.000000
4.456000,0.000000,0.000000,2.000000
4.458000,0.000000,0.000000,2.000000
4.460000,0.000000,0.000000,2.000000
4.462000,0.000000,0.000000,2.000000
4.464000,0.000000,0.000000,2.000000
4.466000,0.000000,0.000000,2.000000
4.468000,0.000000,0.000000,2.000000
4.470000,0.000000,0.000000,2.000000
4.472000,0.000000,0.000000,2.000000
4.474000,0.000000,0.000000,2.000000
4.476000,0.000000,0.000000,2.000000
4.478000,0.000000,0.000000,2.000000
4.480000,0.000000,0.000000,2.000000
4.482000,0.000000,0.000000,2.000000
4.484000,0.000000,0.000000,2.000000
4.486000,0.000000,0.000000,2.000000
4.488000,0.000000,0.000000,2.000000
4.490000,0.000000,0.000000,2.000000
4.492000,0.000000,0.000000,2.000000
4.494000,0.000000,0.000000,2.000000
4.496000,0.000000,0.000000,2.000000
4.498000,0.000000,0.000000,2.000000
4.500000,0.000000,0.000000,2.000000
4.502000,0.000000,0.000000,2.000000
4.504000,0.000000,0.000000,2.000000
4.506000,0.000000,0.000000,2.000000
4.508000,0.000000,0.000000,2.000000
4.510000,0.000000,0.000000,2.000000
4.512000,0.000000,0.000000,2.000000
4.514000,0.000000,0.000000,2.000000
4.516000,0.000000,0.000000,2.000000
4.518000,0.000000,0.000000,2.000000
4.520000,0.000000,0.000000,2.000000
4.522000,0.000000,0.000000,2.000000
4.524000,0.000000,0.000000,2.000000
4.526000,0.000000,0.000000,2.000000
4.528000,0.000000,0.000000,2.000000
4.530000,0.000000,0.000000,2.000000
4.532000,0.000000,0.000000,2.000000
4.534000,0.000000,0.000000,2.000000
4.536000,0.000000,0.000000,2.000000
4.538000,0.000000,0.000000,2.000000
4.540000,0.000000,0.000000,2.000000
4.542000,0.000000,0.000000,2.000000
4.544000,0.000000,0.000000,2.000000
4.546000,0.000000,0.000000,2.000000
4.548000,0.000000,0.000000,2.000000
4.550000,0.000000,0.000000,2.000000
4.552000,0.000000,0.000000,2.000000
4.554000,0.000000,0.000000,2.000000
4.556000,0.000000,0.000000,2.000000
4.558000,0.000000,0.000000,2.000000
4.560000,0.000000,0.000000,2.000000
4.562000,0.000000,0.000000,2.000000
4.564000,0.000000,0.000000,2.000000
4.566000,0.000000,0.000000,2.000000
4.568000,0.000000,0.000000,2.000000
4.570000,0.000000,0.000000,2.000000
4.572000,0.000000,0.000000,2.004000
4.574000,0.000000,0.000000,2.018000
4.576000,0.000000,0.000000,2.032000
4.578000,0.000000,0.000000,2.046000
4.580000,0.000000,0.000000,2.060000
4.582000,0.000000,0.000000,2.074000
4.584000,0.000000,0.000000,2.088000
4.586000,0.000000,0.000000,2.102000
4.588000,0.000000,0.000000,2.116000
4.590000,0.000000,0.000000,2.130000
4.592000,0.000000,0.000000,2.144000
4.594000,0.000000,0.000000,2.158000
4.596000,0.000000,0.000000,2.172000
4.598000,0.000000,0.000000,2.186000
4.600000,0.000000,0.000000,2.200000
4.602000,0.000000,0.000000,2.214000
4.604000,0.000000,0.000000,2.228000
4.606000,0.000000,0.000000,2.242000
4.608000,0.000000,0.000000,2.256000
4.610000,0.000000,0.000000,2.270000
4.612000,0.000000,0.000000,2.284000
4.614000,0.000000,0.000000,2.298000
4.616000,0.000000,0.000000,2.312000
4.618000,0.000000,0.000000,2.326000
4.620000,0.000000,0.000000,2.340000
4.622000,0.000000,0.000000,2.354000
4.624000,0.000000,0.000000,2.368000
4.626000,0.000000,0.000000,2.382000
4.628000,0.000000,0.000000,2.396000
4.630000,0.000000,0.000000,2.410000
4.632000,0.000000,0.000000,2.424000
4.634000,0.000000,0.000000,2.438000
4.636000,0.000000,0.000000,2.452000
4.638000,0.000000,0.000000,2.466000
4.640000,0.000000,0.000000,2.480000
4.642000,0.000000,0.000000,2.494000
4.644000,0.000000,0.000000,2.508000
4.646000,0.000000,0.000000,2.522000
4.648000,0.000000,0.000000,2.536000
4.650000,0.000000,0.000000,2.550000
4.652000,0.000000,0.000000,2.564000
4.654000,0.000000,0.000000,2.578000
4.656000,0.000000,0.000000,2.592000
4.658000,0.000000,0.000000,2.606000
4.660000,0.000000,0.000000,2.620000
4.662000,0.000000,0.000000,2.634000
4.664000,0.000000,0.000000,2.648000
4.666000,0.000000,0.000000,2.662000
4.668000,0.000000,0.000000,2.676000
4.670000,0.000000,0.000000,2.690000
4.672000,0.000000,0.000000,2.704000
4.674000,0.000000,0.000000,2.718000
4.676000,0.000000,0.000000,2.732000
4.678000,0.000000,0.000000,2.746000
4.680000,0.000000,0.000000,2.760000
4.682000,0.000000,0.000000,2.774000
4.684000,0.000000,0.000000,2.788000
4.686000,0.000000,0.000000,2.802000
4.688000,0.000000,0.000000,2.816000
4.690000,0.000000,0.000000,2.830000
4.692000,0.000000,0.000000,2.844000
4.694000,0.000000,0.000000,2.858000
4.696000,0.000000,0.000000,2.872000
4.698000,0.000000,0.000000,2.886000
4.700000,0.000000,0.000000,2.900000
4.702000,0.000000,0.000000,2.914000
4.704000,0.000000,0.000000,2.928000
4.706000,0.000000,0.000000,2.942000
4.708000,0.000000,0.000000,2.956000
4.710000,0.000000,0.000000,2.970000
4.712000,0.000000,0.000000,2.984000
4.714000,0.000000,0.000000,2.998000
4.716000,0.000000,0.000000,3.012000
4.718000,0.000000,0.000000,3.026000
4.720000,0.000000,0.000000,3.040000
4.722000,0.000000,0.000000,3.054000
4.724000,0.000000,0.000000,3.068000
4.726000,0.000000,0.000000,3.082000
4.728000,0.000000,0.000000,3.096000
4.730000,0.000000,0.000000,3.110000
4.732000,0.000000,0.000000,3.124000
4.734000,0.000000,0.000000,3.138000
4.736000,0.000000,0.000000,3.152000
4.738000,0.000000,0.000000,3.166000
4.740000,0.000000,0.000000,3.180000
4.742000,0.000000,0.000000,3.194000
4.744000,0.000000,0.000000,3.208000
4.746000,0.000000,0.000000,3.222000
4.748000,0.000000,0.000000,3.236000
4.750000,0.000000,0.000000,3.250000
4.752000,0.000000,0.000000,3.264000
4.754000,0.000000,0.000000,3.278000
4.756000,0.000000,0.000000,3.292000
4.758000,0.000000,0.000000,3.306000
4.760000,0.000000,0.000000,3.320000
4.762000,0.000000,0.000000,3.334000
4.764000,0.000000,0.000000,3.348000
4.766000,0.000000,0.000000,3.362000
4.768000,0.000000,0.000000,3.376000
4.770000,0.000000,0.000000,3.390000
4.772000,0.000000,0.000000,3.404000
4.774000,0.000000,0.000000,3.418000
4.776000,0.000000,0.000000,3.432000
4.778000,0.000000,0.000000,3.446000
4.780000,0.000000,0.000000,3.460000
4.782000,0.000000,0.000000,3.474000
4.784000,0.000000,0.000000,3.488000
4.786000,0.000000,0.000000,3.502000
4.788000,0.000000,0.000000,3.516000
4.790000,0.000000,0.000000,3.530000
4.792000,0.000000,0.000000,3.544000
4.794000,0.000000,0.000000,3.558000
4.796000,0.000000,0.000000,3.572000
4.798000,0.000000,0.000000,3.586000
4.800000,0.000000,0.000000,3.600000
4.802000,0.000000,0.000000,3.614000
4.804000,0.000000,0.000000,3.628000
4.806000,0.000000,0.000000,3.642000
4.808000,0.000000,0.000000,3.656000
4.810000,0.000000,0.000000,3.670000
4.812000,0.000000,0.000000,3.684000
4.814000,0.000000,0.000000,3.698000
4.816000,0.000000,0.000000,3.712000
4.818000,0.000000,0.000000,3.726000
4.820000,0.000000,0.000000,3.740000
4.822000,0.000000,0.000000,3.754000
4.824000,0.000000,0.000000,3.768000
4.826000,0.000000,0.000000,3.782000
4.828000,0.000000,0.000000,3.796000
4.830000,0.000000,0.000000,3.810000
4.832000,0.000000,0.000000,3.824000
4.834000,0.000000,0.000000,3.838000
4.836000,0.000000,0.000000,3.852000
4.838000,0.000000,0.000000,3.866000
4.840000,0.000000,0.000000,3.880000
4.842000,0.000000,0.000000,3.894000
4.844000,0.000000,0.000000,3.908000
4.846000,0.000000,0.000000,3.922000
4.848000,0.000000,0.000000,3.936000
4.850000,0.000000,0.000000,3.950000
4.852000,0.000000,0.000000,3.964000
4.854000,0.000000,0.000000,3.978000
4.856000,0.000000,0.000000,3.992000
4.858000,0.000000,0.000000,4.006000
4.860000,0.000000,0.000000,4.020000
4.862000,0.000000,0.000000,4.034000
4.864000,0.000000,0.000000,4.048000
4.866000,0.000000,0.000000,4.062000
4.868000,0.000000,0.000000,4.076000
4.870000,0.000000,0.000000,4.090000
4.872000,0.000000,0.000000,4.104000
4.874000,0.000000,0.000000,4.118000
4.876000,0.000000,0.000000,4.132000
4.878000,0.000000,0.000000,4.146000
4.880000,0.000000,0.000000,4.160000
4.882000,0.000000,0.000000,4.174000
4.884000,0.000000,0.000000,4.188000
4.886000,0.000000,0.000000,4.202000
4.888000,0.000000,0.000000,4.216000
4.890000,0.000000,0.000000,4.230000
4.892000,0.000000,0.000000,4.244000
4.894000,0.000000,0.000000,4.258000
4.896000,0.000000,0.000000,4.272000
4.898000,0.000000,0.000000,4.286000
4.900000,0.000000,0.000000,4.300000
4.902000,0.000000,0.000000,4.314000
4.904000,0.000000,0.000000,4.328000
4.906000,0.000000,0.000000,4.342000
4.908000,0.000000,0.000000,4.356000
4.910000,0.000000,0.000000,4.370000
4.912000,0.000000,0.000000,4.384000
4.914000,0.000000,0.000000,4.398000
4.916000,0.000000,0.000000,4.412000
4.918000,0.000000,0.000000,4.426000
4.920000,0.000000,0.000000,4.440000
4.922000,0.000000,0.000000,4.454000
4.924000,0.000000,0.000000,4.468000
4.926000,0.000000,0.000000,4.482000
4.928000,0.000000,0.000000,4.496000
4.930000,0.000000,0.000000,4.510000
4.932000,0.000000,0.000000,4.524000
4.934000,0.000000,0.000000,4.538000
4.936000,0.000000,0.000000,4.552000
4.938000,0.000000,0.000000,4.566000
4.940000,0.000000,0.000000,4.580000
4.942000,0.000000,0.000000,4.594000
4.944000,0.000000,0.000000,4.608000
4.946000,0.000000,0.000000,4.622000
4.948000,0.000000,0.000000,4.636000
4.950000,0.000000,0.000000,4.650000
4.952000,0.000000,0.000000,4.664000
4.954000,0.000000,0.000000,4.678000
4.956000,0.000000,0.000000,4.692000
4.958000,0.000000,0.000000,4.706000
4.960000,0.000000,0.000000,4.720000
4.962000,0.000000,0.000000,4.734000
4.964000,0.000000,0.000000,4.748000
4.966000,0.000000,0.000000,4.762000
4.968000,0.000000,0.000000,4.776000
4.970000,0.000000,0.000000,4.790000
4.972000,0.000000,0.000000,4.804000
4.974000,0.000000,0.000000,4.818000
4.976000,0.000000,0.000000,4.832000
4.978000,0.000000,0.000000,4.846000
4.980000,0.000000,0.000000,4.860000
4.982000,0.000000,0.000000,4.874000
4.984000,0.000000,0.000000,4.888000
4.986000,0.000000,0.000000,4.902000
4.988000,0.000000,0.000000,4.916000
4.990000,0.000000,0.000000,4.930000
4.992000,0.000000,0.000000,4.944000
4.994000,0.000000,0.000000,4.958000
4.996000,0.000000,0.000000,4.972000
4.998000,0.000000,0.000000,4.986000
5.000000,0.000000,0.000000,5.000000
5.002000,0.000000,0.000000,5.000000
5.004000,0.000000,0.000000,5.000000
5.006000,0.000000,0.000000,5.000000
5.008000,0.000000,0.000000,5.000000
5.010000,0.000000,0.000000,5.000000
5.012000,0.000000,0.000000,5.000000
5.014000,0.000000,0.000000,5.000000
5.016000,0.000000,0.000000,5.000000
5.018000,0.000000,0.000000,5.000000
5.020000,0.000000,0.000000,5.000000
5.022000,0.000000,0.000000,5.000000
5.024000,0.000000,0.000000,5.000000
5.026000,0.000000,0.000000,5.000000
5.028000,0.000000,0.000000,5.000000
5.030000,0.000000,0.000000,5.000000
5.032000,0.000000,0.000000,5.000000
5.034000,0.000000,0.000000,5.000000
5.036000,0.000000,0.000000,5.000000
5.038000,0.000000,0.000000,5.000000
5.040000,0.000000,0.000000,5.000000
5.042000,0.000000,0.000000,5.000000
5.044000,0.000000,0.000000,5.000000
5.046000,0.000000,0.000000,5.000000
5.048000,0.000000,0.000000,5.000000
5.050000,0.000000,0.000000,5.000000
5.052000,0.000000,0.000000,5.000000
5.054000,0.000000,0.000000,5.000000
5.056000,0.000000,0.000000,5.000000
5.058000,0.000000,0.000000,5.000000
5.060000,0.000000,0.000000,5.000000
5.062000,0.000000,0.000000,5.000000
5.064000,0.000000,0.000000,5.000000
5.066000,0.000000,0.000000,5.000000
5.068000,0.000000,0.000000,5.000000
5.070000,0.000000,0.000000,5.000000
5.072000,0.000000,0.000000,5.000000
5.074000,0.000000,0.000000,5.000000
5.076000,0.000000,0.000000,5.000000
5.078000,0.000000,0.000000,5.000000
5.080000,0.000000,0.000000,5.000000
5.082000,0.000000,0.000000,5.000000
5.084000,0.000000,0.000000,5.000000
5.086000,0.000000,0.000000,5.000000
5.088000,0.000000,0.000000,5.000000
5.090000,0.000000,0.000000,5.000000
5.092000,0.000000,0.000000,5.000000
5.094000,0.000000,0.000000,5.000000
5.096000,0.000000,0.000000,5.000000
5.098000,0.000000,0.000000,5.000000
5.100000,0.000000,0.000000,5.000000
5.102000,0.000000,0.000000,5.000000
5.104000,0.000000,0.000000,5.000000
5.106000,0.000000,0.000000,5.000000
5.108000,0.000000,0.000000,5.000000
5.110000,0.000000,0.000000,5.000000
5.112000,0.000000,0.000000,5.000000
5.114000,0.000000,0.000000,5.000000
5.116000,0.000000,0.000000,5.000000
5.118000,0.000000,0.000000,5.000000
5.120000,0.000000,0.000000,5.000000
5.122000,0.000000,0.000000,5.000000
5.124000,0.000000,0.000000,5.000000
5.126000,0.000000,0.000000,5.000000
5.128000,0.000000,0.000000,5.000000
5.130000,0.000000,0.000000,5.000000
5.132000,0.000000,0.000000,5.000000
5.134000,0.000000,0.000000,5.000000
5.136000,0.000000,0.000000,5.000000
5.138000,0.000000,0.000000,5.000000
5.140000,0.000000,0.000000,5.000000
5.142000,0.000000,0.000000,5.000000
5.144000,0.000000,0.000000,5.000000
5.146000,0.000000,0.000000,5.000000
5.148000,0.000000,0.000000,5.000000
5.150000,0.000000,0.000000,5.000000
5.152000,0.000000,0.000000,5.000000
5.154000,0.000000,0.000000,5.000000
5.156000,0.000000,0.000000,5.000000
5.158000,0.000000,0.000000,5.000000
5.160000,0.000000,0.000000,5.000000
5.162000,0.000000,0.000000,5.000000
5.164000,0.000000,0.000000,5.000000
5.166000,0.000000,0.000000,5.000000
5.168000,0.000000,0.000000,5.000000
5.170000,0.000000,0.000000,5.000000
5.172000,0.000000,0.000000,5.000000
5.174000,0.000000,0.000000,5.000000
5.176000,0.000000,0.000000,5.000000
5.178000,0.000000,0.000000,5.000000
5.180000,0.000000,0.000000,5.000000
5.182000,0.000000,0.000000,5.000000
5.184000,0.000000,0.000000,5.000000
5.186000,0.000000,0.000000,5.000000
5.188000,0.000000,0.000000,5.000000
5.190000,0.000000,0.000000,5.000000
5.192000,0.000000,0.000000,5.000000
5.194000,0.000000,0.000000,5.000000
5.196000,0.000000,0.000000,5.000000
5.198000,0.000000,0.000000,5.000000
5.200000,0.000000,0.000000,5.000000
5.202000,0.000000,0.000000,5.000000
5.204000,0.000000,0.000000,5.000000
5.206000,0.000000,0.000000,5.000000
5.208000,0.000000,0.000000,5.000000
5.210000,0.000000,0.000000,5.000000
5.212000,0.000000,0.000000,5.000000
5.214000,0.000000,0.000000,5.000000
5.216000,0.000000,0.000000,5.000000
5.218000,0.000000,0.000000,5.000000
5.220000,0.000000,0.000000,5.000000
5.222000,0.000000,0.000000,5.000000
5.224000,0.000000,0.000000,5.000000
5.226000,0.000000,0.000000,5.000000
5.228000,0.000000,0.000000,5.000000
5.230000,0.000000,0.000000,5.000000
5.232000,0.000000,0.000000,5.000000
5.234000,0.000000,0.000000,5.000000
5.236000,0.000000,0.000000,5.000000
5.238000,0.000000,0.000000,5.000000
5.240000,0.000000,0.000000,5.000000
5.242000,0.000000,0.000000,5.000000
5.244000,0.000000,0.000000,5.000000
5.246000,0.000000,0.000000,5.000000
5.248000,0.000000,0.000000,5.000000
5.250000,0.000000,0.000000,5.000000
5.252000,0.000000,0.000000,5.000000
5.254000,0.000000,0.000000,5.000000
5.256000,0.000000,0.000000,5.000000
5.258000,0.000000,0.000000,5.000000
5.260000,0.000000,0.000000,5.000000
5.262000,0.000000,0.000000,5.000000
5.264000,0.000000,0.000000,5.000000
5.266000,0.000000,0.000000,5.000000
5.268000,0.000000,0.000000,5.000000
5.270000,0.000000,0.000000,5.000000
5.272000,0.000000,0.000000,5.000000
5.274000,0.000000,0.000000,5.000000
5.276000,0.000000,0.000000,5.000000
5.278000,0.000000,0.000000,5.000000
5.280000,0.000000,0.000000,5.000000
5.282000,0.000000,0.000000,5.000000
5.284000,0.000000,0.000000,5.000000
5.286000,0.000000,0.000000,5.000000
5.288000,0.000000,0.000000,5.000000
5.290000,0.000000,0.000000,5.000000
5.292000,0.000000,0.000000,5.000000
5.294000,0.000000,0.000000,5.000000
5.296000,0.000000,0.000000,5.000000
5.298000,0.000000,0.000000,5.000000
5.300000,0.000000,0.000000,5.000000
5.302000,0.000000,0.000000,5.000000
5.304000,0.000000,0.000000,5.000000
5.306000,0.000000,0.000000,5.000000
5.308000,0.000000,0.000000,5.000000
5.310000,0.000000,0.000000,5.000000
5.312000,0.000000,0.000000,5.000000
5.314000,0.000000,0.000000,5.000000
5.316000,0.000000,0.000000,5.000000
5.318000,0.000000,0.000000,5.000000
5.320000,0.000000,0.000000,5.000000
5.322000,0.000000,0.000000,5.000000
5.324000,0.000000,0.000000,5.000000
5.326000,0.000000,0.000000,5.000000
5.328000,0.000000,0.000000,5.000000
5.330000,0.000000,0.000000,5.000000
5.332000,0.000000,0.000000,5.000000
5.334000,0.000000,0.000000,5.000000
5.336000,0.000000,0.000000,5.000000
5.338000,0.000000,0.000000,5.000000
5.340000,0.000000,0.000000,5.000000
5.342000,0.000000,0.000000,5.000000
5.344000,0.000000,0.000000,5.000000
5.346000,0.000000,0.000000,5.000000
5.348000,0.000000,0.000000,5.000000
5.350000,0.000000,0.000000,5.000000
5.352000,0.000000,0.000000,5.000000
5.354000,0.000000,0.000000,5.000000
5.356000,0.000000,0.000000,5.000000
5.358000,0.000000,0.000000,5.000000
5.360000,0.000000,0.000000,5.000000
5.362000,0.000000,0.000000,5.000000
5.364000,0.000000,0.000000,5.000000
5.366000,0.000000,0.000000,5.000000
5.368000,0.000000,0.000000,5.000000
5.370000,0.000000,0.000000,5.000000
5.372000,0.000000,0.000000,5.000000
5.374000,0.000000,0.000000,5.000000
5.376000,0.000000,0.000000,5.000000
5.378000,0.000000,0.000000,5.000000
5.380000,0.000000,0.000000,5.000000
5.382000,0.000000,0.000000,5.000000
5.384000,0.000000,0.000000,5.000000
5.386000,0.000000,0.000000,5.000000
5.388000,0.000000,0.000000,5.000000
5.390000,0.000000,0.000000,5.000000
5.392000,0.000000,0.000000,5.000000
5.394000,0.000000,0.000000,5.000000
5.396000,0.000000,0.000000,5.000000
5.398000,0.000000,0.000000,5.000000
5.400000,0.000000,0.000000,5.000000
5.402000,0.000000,0.000000,5.000000
5.404000,0.000000,0.000000,5.000000
5.406000,0.000000,0.000000,5.000000
5.408000,0.000000,0.000000,5.000000
5.410000,0.000000,0.000000,5.000000
5.412000,0.000000,0.000000,5.000000
5.414000,0.000000,0.000000,5.000000
5.416000,0.000000,0.000000,5.000000
5.418000,0.000000,0.000000,5.000000
5.420000,0.000000,0.000000,5.000000
5.422000,0.000000,0.000000,5.000000
5.424000,0.000000,0.000000,5.000000
5.426000,0.000000,0.000000,5.000000
5.428000,0.000000,0.000000,5.000000
5.430000,0.000000,0.000000,5.000000
5.432000,0.000000,0.000000,5.000000
5.434000,0.000000,0.000000,5.000000
5.436000,0.000000,0.000000,5.000000
5.438000,0.000000,0.000000,5.000000
5.440000,0.000000,0.000000,5.000000
5.442000,0.000000,0.000000,5.000000
5.444000,0.000000,0.000000,5.000000
5.446000,0.000000,0.000000,5.000000
5.448000,0.000000,0.000000,5.000000
5.450000,0.000000,0.000000,5.000000
5.452000,0.000000,0.000000,5.000000
5.454000,0.000000,0.000000,5.000000
5.456000,0.000000,0.000000,5.000000
5.458000,0.000000,0.000000,5.000000
5.460000,0.000000,0.000000,5.000000
5.462000,0.000000,0.000000,5.000000
5.464000,0.000000,0.000000,5.000000
5.466000,0.000000,0.000000,5.000000
5.468000,0.000000,0.000000,5.000000
5.470000,0.000000,0.000000,5.000000
5.472000,0.000000,0.000000,5.000000
5.474000,0.000000,0.000000,5.000000
5.476000,0.000000,0.000000,5.000000
5.478000,0.000000,0.000000,5.000000
5.480000,0.000000,0.000000,5.000000
5.482000,0.000000,0.000000,5.000000
5.484000,0.000000,0.000000,5.000000
5.486000,0.000000,0.000000,5.000000
5.488000,0.000000,0.000000,5.000000
5.490000,0.000000,0.000000,5.000000
5.492000,0.000000,0.000000,5.000000
5.494000,0.000000,0.000000,5.000000
5.496000,0.000000,0.000000,5.000000
5.498000,0.000000,0.000000,5.000000
5.500000,0.000000,0.000000,5.000000
5.502000,0.000000,0.000000,4.986000
5.504000,0.000000,0.000000,4.972000
5.506000,0.000000,0.000000,4.958000
5.508000,0.000000,0.000000,4.944000
5.510000,0.000000,0.000000,4.930000
5.512000,0.000000,0.000000,4.916000
5.514000,0.000000,0.000000,4.902000
5.516000,0.000000,0.000000,4.888000
5.518000,0.000000,0.000000,4.874000
5.520000,0.000000,0.000000,4.860000
5.522000,0.000000,0.000000,4.846000
5.524000,0.000000,0.000000,4.832000
5.526000,0.000000,0.000000,4.818000
5.528000,0.000000,0.000000,4.804000
5.530000,0.000000,0.000000,4.790000
5.532000,0.000000,0.000000,4.776000
5.534000,0.000000,0.000000,4.762000
5.536000,0.000000,0.000000,4.748000
5.538000,0.000000,0.000000,4.734000
5.540000,0.000000,0.000000,4.720000
5.542000,0.000000,0.000000,4.706000
5.544000,0.000000,0.000000,4.692000
5.546000,0.000000,0.000000,4.678000
5.548000,0.000000,0.000000,4.664000
5.550000,0.000000,0.000000,4.650000
5.552000,0.000000,0.000000,4.636000
5.554000,0.000000,0.000000,4.622000
5.556000,0.000000,0.000000,4.608000
5.558000,0.000000,0.000000,4.594000
5.560000,0.000000,0.000000,4.580000
5.562000,0.000000,0.000000,4.566000
5.564000,0.000000,0.000000,4.552000
5.566000,0.000000,0.000000,4.538000
5.568000,0.000000,0.000000,4.524000
5.570000,0.000000,0.000000,4.510000
5.572000,0.000000,0.000000,4.496000
5.574000,0.000000,0.000000,4.482000
5.576000,0.000000,0.000000,4.468000
5.578000,0.000000,0.000000,4.454000
5.580000,0.000000,0.000000,4.440000
5.582000,0.000000,0.000000,4.426000
5.584000,0.000000,0.000000,4.412000
5.586000,0.000000,0.000000,4.398000
5.588000,0.000000,0.000000,4.384000
5.590000,0.000000,0.000000,4.370000
5.592000,0.000000,0.000000,4.356000
5.594000,0.000000,0.000000,4.342000
5.596000,0.000000,0.000000,4.328000
5.598000,0.000000,0.000000,4.314000
5.600000,0.000000,0.000000,4.300000
5.602000,0.000000,0.000000,4.286000
5.604000,0.000000,0.000000,4.272000
5.606000,0.000000,0.000000,4.258000
5.608000,0.000000,0.000000,4.244000
5.610000,0.000000,0.000000,4.230000
5.612000,0.000000,0.000000,4.216000
5.614000,0.000000,0.000000,4.202000
5.616000,0.000000,0.000000,4.188000
5.618000,0.000000,0.000000,4.174000
5.620000,0.000000,0.000000,4.160000
5.622000,0.000000,0.000000,4.146000
5.624000,0.000000,0.000000,4.132000
5.626000,0.000000,0.000000,4.118000
5.628000,0.000000,0.000000,4.104000
5.630000,0.000000,0.000000,4.090000
5.632000,0.000000,0.000000,4.076000
5.634000,0.000000,0.000000,4.062000
5.636000,0.000000,0.000000,4.048000
5.638000,0.000000,0.000000,4.034000
5.640000,0.000000,0.000000,4.020000
5.642000,0.000000,0.000000,4.006000
5.644000,0.000000,0.000000,3.992000
5.646000,0.000000,0.000000,3.978000
5.648000,0.000000,0.000000,3.964000
5.650000,0.000000,0.000000,3.950000
5.652000,0.000000,0.000000,3.936000
5.654000,0.000000,0.000000,3.922000
5.656000,0.000000,0.000000,3.908000
5.658000,0.000000,0.000000,3.894000
5.660000,0.000000,0.000000,3.880000
5.662000,0.000000,0.000000,3.866000
5.664000,0.000000,0.000000,3.852000
5.666000,0.000000,0.000000,3.838000
5.668000,0.000000,0.000000,3.824000
5.670000,0.000000,0.000000,3.810000
5.672000,0.000000,0.000000,3.796000
5.674000,0.000000,0.000000,3.782000
5.676000,0.000000,0.000000,3.768000
5.678000,0.000000,0.000000,3.754000
5.680000,0.000000,0.000000,3.740000
5.682000,0.000000,0.000000,3.726000
5.684000,0.000000,0.000000,3.712000
5.686000,0.000000,0.000000,3.698000
5.688000,0.000000,0.000000,3.684000
5.690000,0.000000,0.000000,3.670000
5.692000,0.000000,0.000000,3.656000
5.694000,0.000000,0.000000,3.642000
5.696000,0.000000,0.000000,3.628000
5.698000,0.000000,0.000000,3.614000
5.700000,0.000000,0.000000,3.600000
5.702000,0.000000,0.000000,3.586000
5.704000,0.000000,0.000000,3.572000
5.706000,0.000000,0.000000,3.558000
5.708000,0.000000,0.000000,3.544000
5.710000,0.000000,0.000000,3.530000
5.712000,0.000000,0.000000,3.516000
5.714000,0.000000,0.000000,3.502000
5.716000,0.000000,0.000000,3.488000
5.718000,0.000000,0.000000,3.474000
5.720000,0.000000,0.000000,3.460000
5.722000,0.000000,0.000000,3.446000
5.724000,0.000000,0.000000,3.432000
5.726000,0.000000,0.000000,3.418000
5.728000,0.000000,0.000000,3.404000
5.730000,0.000000,0.000000,3.390000
5.732000,0.000000,0.000000,3.376000
5.734000,0.000000,0.000000,3.362000
5.736000,0.000000,0.000000,3.348000
5.738000,0.000000,0.000000,3.334000
5.740000,0.000000,0.000000,3.320000
5.742000,0.000000,0.000000,3.306000
5.744000,0.000000,0.000000,3.292000
5.746000,0.000000,0.000000,3.278000
5.748000,0.000000,0.000000,3.264000
5.750000,0.000000,0.000000,3.250000
5.752000,0.000000,0.000000,3.236000
5.754000,0.000000,0.000000,3.222000
5.756000,0.000000,0.000000,3.208000
5.758000,0.000000,0.000000,3.194000
5.760000,0.000000,0.000000,3.180000
5.762000,0.000000,0.000000,3.166000
5.764000,0.000000,0.000000,3.152000
5.766000,0.000000,0.000000,3.138000
5.768000,0.000000,0.000000,3.124000
5.770000,0.000000,0.000000,3.110000
5.772000,0.000000,0.000000,3.096000
5.774000,0.000000,0.000000,3.082000
5.776000,0.000000,0.000000,3.068000
5.778000,0.000000,0.000000,3.054000
5.780000,0.000000,0.000000,3.040000
5.782000,0.000000,0.000000,3.026000
5.784000,0.000000,0.000000,3.012000
5.786000,0.000000,0.000000,2.998000
5.788000,0.000000,0.000000,2.984000
5.790000,0.000000,0.000000,2.970000
5.792000,0.000000,0.000000,2.956000
5.794000,0.000000,0.000000,2.942000
5.796000,0.000000,0.000000,2.928000
5.798000,0.000000,0.000000,2.914000
5.800000,0.000000,0.000000,2.900000
5.802000,0.000000,0.000000,2.886000
5.804000,0.000000,0.000000,2.872000
5.806000,0.000000,0.000000,2.858000
5.808000,0.000000,0.000000,2.844000
5.810000,0.000000,0.000000,2.830000
5.812000,0.000000,0.000000,2.816000
5.814000,0.000000,0.000000,2.802000
5.816000,0.000000,0.000000,2.788000
5.818000,0.000000,0.000000,2.774000
5.820000,0.000000,0.000000,2.760000
5.822000,0.000000,0.000000,2.746000
5.824000,0.000000,0.000000,2.732000
5.826000,0.000000,0.000000,2.718000
5.828000,0.000000,0.000000,2.704000
5.830000,0.000000,0.000000,2.690000
5.832000,0.000000,0.000000,2.676000
5.834000,0.000000,0.000000,2.662000
5.836000,0.000000,0.000000,2.648000
5.838000,0.000000,0.000000,2.634000
5.840000,0.000000,0.000000,2.620000
5.842000,0.000000,0.000000,2.606000
5.844000,0.000000,0.000000,2.592000
5.846000,0.000000,0.000000,2.578000
5.848000,0.000000,0.000000,2.564000
5.850000,0.000000,0.000000,2.550000
5.852000,0.000000,0.000000,2.536000
5.854000,0.000000,0.000000,2.522000
5.856000,0.000000,0.000000,2.508000
5.858000,0.000000,0.000000,2.494000
5.860000,0.000000,0.000000,2.480000
5.862000,0.000000,0.000000,2.466000
5.864000,0.000000,0.000000,2.452000
5.866000,0.000000,0.000000,2.438000
5.868000,0.000000,0.000000,2.424000
5.870000,0.000000,0.000000,2.410000
5.872000,0.000000,0.000000,2.396000
5.874000,0.000000,0.000000,2.382000
5.876000,0.000000,0.000000,2.368000
5.878000,0.000000,0.000000,2.354000
5.880000,0.000000,0.000000,2.340000
5.882000,0.000000,0.000000,2.326000
5.884000,0.000000,0.000000,2.312000
5.886000,0.000000,0.000000,2.298000
5.888000,0.000000,0.000000,2.284000
5.890000,0.000000,0.000000,2.270000
5.892000,0.000000,0.000000,2.256000
5.894000,0.000000,0.000000,2.242000
5.896000,0.000000,0.000000,2.228000
5.898000,0.000000,0.000000,2.214000
5.900000,0.000000,0.000000,2.200000
5.902000,0.000000,0.000000,2.186000
5.904000,0.000000,0.000000,2.172000
5.906000,0.000000,0.000000,2.158000
5.908000,0.000000,0.000000,2.144000
5.910000,0.000000,0.000000,2.130000
5.912000,0.000000,0.000000,2.116000
5.914000,0.000000,0.000000,2.102000
5.916000,0.000000,0.000000,2.088000
5.918000,0.000000,0.000000,2.074000
5.920000,0.000000,0.000000,2.060000
5.922000,0.000000,0.000000,2.046000
5.924000,0.000000,0.000000,2.032000
5.926000,0.000000,0.000000,2.018000
5.928000,0.000000,0.000000,2.004000
5.930000,0.000000,0.000000,1.990000
5.932000,0.000000,0.000000,1.976000
5.934000,0.000000,0.000000,1.962000
5.936000,0.000000,0.000000,1.948000
5.938000,0.000000,0.000000,1.934000
5.940000,0.000000,0.000000,1.920000
5.942000,0.000000,0.000000,1.906000
5.944000,0.000000,0.000000,1.892000
5.946000,0.000000,0.000000,1.878000
5.948000,0.000000,0.000000,1.864000
5.950000,0.000000,0.000000,1.850000
5.952000,0.000000,0.000000,1.836000
5.954000,0.000000,0.000000,1.822000
5.956000,0.000000,0.000000,1.808000
5.958000,0.000000,0.000000,1.794000
5.960000,0.000000,0.000000,1.780000
5.962000,0.000000,0.000000,1.766000
5.964000,0.000000,0.000000,1.752000
5.966000,0.000000,0.000000,1.738000
5.968000,0.000000,0.000000,1.724000
5.970000,0.000000,0.000000,1.710000
5.972000,0.000000,0.000000,1.696000
5.974000,0.000000,0.000000,1.682000
5.976000,0.000000,0.000000,1.668000
5.978000,0.000000,0.000000,1.654000
5.980000,0.000000,0.000000,1.640000
5.982000,0.000000,0.000000,1.626000
5.984000,0.000000,0.000000,1.612000
5.986000,0.000000,0.000000,1.598000
5.988000,0.000000,0.000000,1.584000
5.990000,0.000000,0.000000,1.570000
5.992000,0.000000,0.000000,1.556000
5.994000,0.000000,0.000000,1.542000
5.996000,0.000000,0.000000,1.528000
5.998000,0.000000,0.000000,1.514000
6.000000,0.000000,0.000000,1.500000
6.002000,0.000000,0.000000,1.486000
6.004000,0.000000,0.000000,1.472000
6.006000,0.000000,0.000000,1.458000
6.008000,0.000000,0.000000,1.444000
6.010000,0.000000,0.000000,1.430000
6.012000,0.000000,0.000000,1.416000
6.014000,0.000000,0.000000,1.402000
6.016000,0.000000,0.000000,1.388000
6.018000,0.000000,0.000000,1.374000
6.020000,0.000000,0.000000,1.360000
6.022000,0.000000,0.000000,1.346000
6.024000,0.000000,0.000000,1.332000
6.026000,0.000000,0.000000,1.318000
6.028000,0.000000,0.000000,1.304000
6.030000,0.000000,0.000000,1.290000
6.032000,0.000000,0.000000,1.276000
6.034000,0.000000,0.000000,1.262000
6.036000,0.000000,0.000000,1.248000
6.038000,0.000000,0.000000,1.234000
6.040000,0.000000,0.000000,1.220000
6.042000,0.000000,0.000000,1.206000
6.044000,0.000000,0.000000,1.192000
6.046000,0.000000,0.000000,1.178000
6.048000,0.000000,0.000000,1.164000
6.050000,0.000000,0.000000,1.150000
6.052000,0.000000,0.000000,1.136000
6.054000,0.000000,0.000000,1.122000
6.056000,0.000000,0.000000,1.108000
6.058000,0.000000,0.000000,1.094000
6.060000,0.000000,0.000000,1.080000
6.062000,0.000000,0.000000,1.066000
6.064000,0.000000,0.000000,1.052000
6.066000,0.000000,0.000000,1.038000
6.068000,0.000000,0.000000,1.024000
6.070000,0.000000,0.000000,1.010000
6.072000,0.000000,0.000000,0.996000
6.074000,0.000000,0.000000,0.982000
6.076000,0.000000,0.000000,0.968000
6.078000,0.000000,0.000000,0.954000
6.080000,0.000000,0.000000,0.940000
6.082000,0.000000,0.000000,0.926000
6.084000,0.000000,0.000000,0.912000
6.086000,0.000000,0.000000,0.898000
6.088000,0.000000,0.000000,0.884000
6.090000,0.000000,0.000000,0.870000
6.092000,0.000000,0.000000,0.856000
6.094000,0.000000,0.000000,0.842000
6.096000,0.000000,0.000000,0.828000
6.098000,0.000000,0.000000,0.814000
6.100000,0.000000,0.000000,0.800000
6.102000,0.000000,0.000000,0.786000
6.104000,0.000000,0.000000,0.772000
6.106000,0.000000,0.000000,0.758000
6.108000,0.000000,0.000000,0.744000
6.110000,0.000000,0.000000,0.730000
6.112000,0.000000,0.000000,0.716000
6.114000,0.000000,0.000000,0.702000
6.116000,0.000000,0.000000,0.688000
6.118000,0.000000,0.000000,0.674000
6.120000,0.000000,0.000000,0.660000
6.122000,0.000000,0.000000,0.646000
6.124000,0.000000,0.000000,0.632000
6.126000,0.000000,0.000000,0.618000
6.128000,0.000000,0.000000,0.604000
6.130000,0.000000,0.000000,0.590000
6.132000,0.000000,0.000000,0.576000
6.134000,0.000000,0.000000,0.562000
6.136000,0.000000,0.000000,0.548000
6.138000,0.000000,0.000000,0.534000
6.140000,0.000000,0.000000,0.520000
6.142000,0.000000,0.000000,0.506000
6.144000,0.000000,0.000000,0.492000
6.146000,0.000000,0.000000,0.478000
6.148000,0.000000,0.000000,0.464000
6.150000,0.000000,0.000000,0.450000
6.152000,0.000000,0.000000,0.436000
6.154000,0.000000,0.000000,0.422000
6.156000,0.000000,0.000000,0.408000
6.158000,0.000000,0.000000,0.394000
6.160000,0.000000,0.000000,0.380000
6.162000,0.000000,0.000000,0.366000
6.164000,0.000000,0.000000,0.352000
6.166000,0.000000,0.000000,0.338000
6.168000,0.000000,0.000000,0.324000
6.170000,0.000000,0.000000,0.310000
6.172000,0.000000,0.000000,0.296000
6.174000,0.000000,0.000000,0.282000
6.176000,0.000000,0.000000,0.268000
6.178000,0.000000,0.000000,0.254000
6.180000,0.000000,0.000000,0.240000
6.182000,0.000000,0.000000,0.226000
6.184000,0.000000,0.000000,0.212000
6.186000,0.000000,0.000000,0.198000
6.188000,0.000000,0.000000,0.184000
6.190000,0.000000,0.000000,0.170000
6.192000,0.000000,0.000000,0.156000
6.194000,0.000000,0.000000,0.142000
6.196000,0.000000,0.000000,0.128000
6.198000,0.000000,0.000000,0.114000
6.200000,0.000000,0.000000,0.100000
6.202000,0.000000,0.000000,0.086000
6.204000,0.000000,0.000000,0.072000
6.206000,0.000000,0.000000,0.058000
6.208000,0.000000,0.000000,0.044000
6.210000,0.000000,0.000000,0.030000
6.212000,0.000000,0.000000,0.016000
6.214000,0.000000,0.000000,0.002000
6.216000,0.000000,0.000000,0.000000
6.218000,0.000000,0.000000,0.000000
6.220000,0.000000,0.000000,0.000000
6.222000,0.000000,0.000000,0.000000
6.224000,0.000000,0.000000,0.000000
6.226000,0.000000,0.000000,0.000000
6.228000,0.000000,0.000000,0.000000
6.230000,0.000000,0.000000,0.000000
6.232000,0.000000,0.000000,0.000000
6.234000,0.000000,0.000000,0.000000
6.236000,0.000000,0.000000,0.000000
6.238000,0.000000,0.000000,0.000000
6.240000,0.000000,0.000000,0.000000
6.242000,0.000000,0.000000,0.000000
6.244000,0.000000,0.000000,0.000000
6.246000,0.000000,0.000000,0.000000
6.248000,0.000000,0.000000,0.000000
6.250000,0.000000,0.000000,0.000000
6.252000,0.000000,0.000000,0.000000
6.254000,0.000000,0.000000,0.000000
6.256000,0.000000,0.000000,0.000000
6.258000,0.000000,0.000000,0.000000
6.260000,0.000000,0.000000,0.000000
6.262000,0.000000,0.000000,0.000000
6.264000,0.000000,0.000000,0.000000
6.266000,0.000000,0.000000,0.000000
6.268000,0.000000,0.000000,0.000000
6.270000,0.000000,0.000000,0.000000
6.272000,0.000000,0.000000,0.000000
6.274000,0.000000,0.000000,0.000000
6.276000,0.000000,0.000000,0.000000
6.278000,0.000000,0.000000,0.000000
6.280000,0.000000,0.000000,0.000000
6.282000,0.000000,0.000000,0.000000
6.284000,0.000000,0.000000,0.000000
6.286000,0.000000,0.000000,0.000000
6.288000,0.000000,0.000000,0.000000
6.290000,0.000000,0.000000,0.000000
6.292000,0.000000,0.000000,0.000000
6.294000,0.000000,0.000000,0.000000
6.296000,0.000000,0.000000,0.000000
6.298000,0.000000,0.000000,0.000000
6.300000,0.000000,0.000000,0.000000
6.302000,0.000000,0.000000,0.000000
6.304000,0.000000,0.000000,0.000000
6.306000,0.000000,0.000000,0.000000
6.308000,0.000000,0.000000,0.000000
6.310000,0.000000,0.000000,0.000000
6.312000,0.000000,0.000000,0.000000
6.314000,0.000000,0.000000,0.000000
6.316000,0.000000,0.000000,0.000000
6.318000,0.000000,0.000000,0.000000
6.320000,0.000000,0.000000,0.000000
6.322000,0.000000,0.000000,0.000000
6.324000,0.000000,0.000000,0.000000
6.326000,0.000000,0.000000,0.000000
6.328000,0.000000,0.000000,0.000000
6.330000,0.000000,0.000000,0.000000
6.332000,0.000000,0.000000,0.000000
6.334000,0.000000,0.000000,0.000000
6.336000,0.000000,0.000000,0.000000
6.338000,0.000000,0.000000,0.000000
6.340000,0.000000,0.000000,0.000000
6.342000,0.000000,0.000000,0.000000
6.344000,0.000000,0.000000,0.000000
6.346000,0.000000,0.000000,0.000000
6.348000,0.000000,0.000000,0.000000
6.350000,0.000000,0.000000,0.000000
6.352000,0.000000,0.000000,0.000000
6.354000,0.000000,0.000000,0.000000
6.356000,0.000000,0.000000,0.000000
6.358000,0.000000,0.000000,0.000000
6.360000,0.000000,0.000000,0.000000
6.362000,0.000000,0.000000,0.000000
6.364000,0.000000,0.000000,0.000000
6.366000,0.000000,0.000000,0.000000
6.368000,0.000000,0.000000,0.000000
6.370000,0.000000,0.000000,0.000000
6.372000,0.000000,0.000000,0.000000
6.374000,0.000000,0.000000,0.000000
6.376000,0.000000,0.000000,0.000000
6.378000,0.000000,0.000000,0.000000
6.380000,0.000000,0.000000,0.000000
6.382000,0.000000,0.000000,0.000000
6.384000,0.000000,0.000000,0.000000
6.386000,0.000000,0.000000,0.000000
6.388000,0.000000,0.000000,0.000000
6.390000,0.000000,0.000000,0.000000
6.392000,0.000000,0.000000,0.000000
6.394000,0.000000,0.000000,0.000000
6.396000,0.000000,0.000000,0.000000
6.398000,0.000000,0.000000,0.000000
6.400000,0.000000,0.000000,0.000000
6.402000,0.000000,0.000000,0.000000
6.404000,0.000000,0.000000,0.000000
6.406000,0.000000,0.000000,0.000000
6.408000,0.000000,0.000000,0.000000
6.410000,0.000000,0.000000,0.000000
6.412000,0.000000,0.000000,0.000000
6.414000,0.000000,0.000000,0.000000
6.416000,0.000000,0.000000,0.000000
6.418000,0.000000,0.000000,0.000000
6.420000,0.000000,0.000000,0.000000
6.422000,0.000000,0.000000,0.000000
6.424000,0.000000,0.000000,0.000000
6.426000,0.000000,0.000000,0.000000
6.428000,0.000000,0.000000,0.000000
6.430000,0.000000,0.000000,0.000000
6.432000,0.000000,0.000000,0.000000
6.434000,0.000000,0.000000,0.000000
6.436000,0.000000,0.000000,0.000000
6.438000,0.000000,0.000000,0.000000
6.440000,0.000000,0.000000,0.000000
6.442000,0.000000,0.000000,0.000000
6.444000,0.000000,0.000000,0.000000
6.446000,0.000000,0.000000,0.000000
6.448000,0.000000,0.000000,0.000000
6.450000,0.000000,0.000000,0.000000
6.452000,0.000000,0.000000,0.000000
6.454000,0.000000,0.000000,0.000000
6.456000,0.000000,0.000000,0.000000
6.458000,0.000000,0.000000,0.000000
6.460000,0.000000,0.000000,0.000000
6.462000,0.000000,0.000000,0.000000
6.464000,0.000000,0.000000,0.000000
6.466000,0.000000,0.000000,0.000000
6.468000,0.000000,0.000000,0.000000
6.470000,0.000000,0.000000,0.000000
6.472000,0.000000,0.000000,0.000000
6.474000,0.000000,0.000000,0.000000
6.476000,0.000000,0.000000,0.000000
6.478000,0.000000,0.000000,0.000000
6.480000,0.000000,0.000000,0.000000
6.482000,0.000000,0.000000,0.000000
6.484000,0.000000,0.000000,0.000000
6.486000,0.000000,0.000000,0.000000
6.488000,0.000000,0.000000,0.000000
6.490000,0.000000,0.000000,0.000000
6.492000,0.000000,0.000000,0.000000
6.494000,0.000000,0.000000,0.000000
6.496000,0.000000,0.000000,0.000000
6.498000,0.000000,0.000000,0.000000
6.500000,0.000000,0.000000,0.000000
6.502000,0.000000,0.000000,0.000000
6.504000,0.000000,0.000000,0.000000
6.506000,0.000000,0.000000,0.000000
6.508000,0.000000,0.000000,0.000000
6.510000,0.000000,0.000000,0.000000
6.512000,0.000000,0.000000,0.000000
6.514000,0.000000,0.000000,0.000000
6.516000,0.000000,0.000000,0.000000
6.518000,0.000000,0.000000,0.000000
6.520000,0.000000,0.000000,0.000000
6.522000,0.000000,0.000000,0.000000
6.524000,0.000000,0.000000,0.000000
6.526000,0.000000,0.000000,0.000000
6.528000,0.000000,0.000000,0.000000
6.530000,0.000000,0.000000,0.000000
6.532000,0.000000,0.000000,0.000000
6.534000,0.000000,0.000000,0.000000
6.536000,0.000000,0.000000,0.000000
6.538000,0.000000,0.000000,0.000000
6.540000,0.000000,0.000000,0.000000
6.542000,0.000000,0.000000,0.000000
6.544000,0.000000,0.000000,0.000000
6.546000,0.000000,0.000000,0.000000
6.548000,0.000000,0.000000,0.000000
6.550000,0.000000,0.000000,0.000000
6.552000,0.000000,0.000000,0.000000
6.554000,0.000000,0.000000,0.000000
6.556000,0.000000,0.000000,0.000000
6.558000,0.000000,0.000000,0.000000
6.560000,0.000000,0.000000,0.000000
6.562000,0.000000,0.000000,0.000000
6.564000,0.000000,0.000000,0.000000
6.566000,0.000000,0.000000,0.000000
6.568000,0.000000,0.000000,0.000000
6.570000,0.000000,0.000000,0.000000
6.572000,0.000000,0.000000,0.000000
6.574000,0.000000,0.000000,0.000000
6.576000,0.000000,0.000000,0.000000
6.578000,0.000000,0.000000,0.000000
6.580000,0.000000,0.000000,0.000000
6.582000,0.000000,0.000000,0.000000
6.584000,0.000000,0.000000,0.000000
6.586000,0.000000,0.000000,0.000000
6.588000,0.000000,0.000000,0.000000
6.590000,0.000000,0.000000,0.000000
6.592000,0.000000,0.000000,0.000000
6.594000,0.000000,0.000000,0.000000
6.596000,0.000000,0.000000,0.000000
6.598000,0.000000,0.000000,0.000000
6.600000,0.000000,0.000000,0.000000
6.602000,0.000000,0.000000,0.000000
6.604000,0.000000,0.000000,0.000000
6.606000,0.000000,0.000000,0.000000
6.608000,0.000000,0.000000,0.000000
6.610000,0.000000,0.000000,0.000000
6.612000,0.000000,0.000000,0.000000
6.614000,0.000000,0.000000,0.000000
6.616000,0.000000,0.000000,0.000000
6.618000,0.000000,0.000000,0.000000
6.620000,0.000000,0.000000,0.000000
6.622000,0.000000,0.000000,0.000000
6.624000,0.000000,0.000000,0.000000
6.626000,0.000000,0.000000,0.000000
6.628000,0.000000,0.000000,0.000000
6.630000,0.000000,0.000000,0.000000
6.632000,0.000000,0.000000,0.000000
6.634000,0.000000,0.000000,0.000000
6.636000,0.000000,0.000000,0.000000
6.638000,0.000000,0.000000,0.000000
6.640000,0.000000,0.000000,0.000000
6.642000,0.000000,0.000000,0.000000
6.644000,0.000000,0.000000,0.000000
6.646000,0.000000,0.000000,0.000000
6.648000,0.000000,0.000000,0.000000
6.650000,0.000000,0.000000,0.000000
6.652000,0.000000,0.000000,0.000000
6.654000,0.000000,0.000000,0.000000
6.656000,0.000000,0.000000,0.000000
6.658000,0.000000,0.000000,0.000000
6.660000,0.000000,0.000000,0.000000
6.662000,0.000000,0.000000,0.000000
6.664000,0.000000,0.000000,0.000000
6.666000,0.000000,0.000000,0.000000
6.668000,0.000000,0.000000,0.000000
6.670000,0.000000,0.000000,0.000000
6.672000,0.000000,0.000000,0.000000
6.674000,0.000000,0.000000,0.000000
6.676000,0.000000,0.000000,0.000000
6.678000,0.000000,0.000000,0.000000
6.680000,0.000000,0.000000,0.000000
6.682000,0.000000,0.000000,0.000000
6.684000,0.000000,0.000000,0.000000
6.686000,0.000000,0.000000,0.000000
6.688000,0.000000,0.000000,0.000000
6.690000,0.000000,0.000000,0.000000
6.692000,0.000000,0.000000,0.000000
6.694000,0.000000,0.000000,0.000000
6.696000,0.000000,0.000000,0.000000
6.698000,0.000000,0.000000,0.000000
6.700000,0.000000,0.000000,0.000000
6.702000,0.000000,0.000000,0.000000
6.704000,0.000000,0.000000,0.000000
6.706000,0.000000,0.000000,0.000000
6.708000,0.000000,0.000000,0.000000
6.710000,0.000000,0.000000,0.000000
6.712000,0.000000,0.000000,0.000000
6.714000,0.000000,0.000000,0.000000
6.716000,0.000000,0.000000,0.000000
6.718000,0.000000,0.000000,0.000000
6.720000,0.000000,0.000000,0.000000
6.722000,0.000000,0.000000,0.000000
6.724000,0.000000,0.000000,0.000000
6.726000,0.000000,0.000000,0.000000
6.728000,0.000000,0.000000,0.000000
6.730000,0.000000,0.000000,0.000000
6.732000,0.000000,0.000000,0.000000
6.734000,0.000000,0.000000,0.000000
6.736000,0.000000,0.000000,0.000000
6.738000,0.000000,0.000000,0.000000
6.740000,0.000000,0.000000,0.000000
6.742000,0.000000,0.000000,0.000000
6.744000,0.000000,0.000000,0.000000
6.746000,0.000000,0.000000,0.000000
6.748000,0.000000,0.000000,0.000000
6.750000,0.000000,0.000000,0.000000
6.752000,0.000000,0.000000,0.000000
6.754000,0.000000,0.000000,0.000000
6.756000,0.000000,0.000000,0.000000
6.758000,0.000000,0.000000,0.000000
6.760000,0.000000,0.000000,0.000000
6.762000,0.000000,0.000000,0.000000
6.764000,0.000000,0.000000,0.000000
6.766000,0.000000,0.000000,0.000000
6.768000,0.000000,0.000000,0.000000
6.770000,0.000000,0.000000,0.000000
6.772000,0.000000,0.000000,0.000000
6.774000,0.000000,0.000000,0.000000
6.776000,0.000000,0.000000,0.000000
6.778000,0.000000,0.000000,0.000000
6.780000,0.000000,0.000000,0.000000
6.782000,0.000000,0.000000,0.000000
6.784000,0.000000,0.000000,0.000000
6.786000,0.000000,0.000000,0.000000
6.788000,0.000000,0.000000,0.000000
6.790000,0.000000,0.000000,0.000000
6.792000,0.000000,0.000000,0.000000
6.794000,0.000000,0.000000,0.000000
6.796000,0.000000,0.000000,0.000000
6.798000,0.000000,0.000000,0.000000
6.800000,0.000000,0.000000,0.000000
6.802000,0.000000,0.000000,0.000000
6.804000,0.000000,0.000000,0.000000
6.806000,0.000000,0.000000,0.000000
6.808000,0.000000,0.000000,0.000000
6.810000,0.000000,0.000000,0.000000
6.812000,0.000000,0.000000,0.000000
6.814000,0.000000,0.000000,0.000000
6.816000,0.000000,0.000000,0.000000
6.818000,0.000000,0.000000,0.000000
6.820000,0.000000,0.000000,0.000000
6.822000,0.000000,0.000000,0.000000
6.824000,0.000000,0.000000,0.000000
6.826000,0.000000,0.000000,0.000000
6.828000,0.000000,0.000000,0.000000
6.830000,0.000000,0.000000,0.000000
6.832000,0.000000,0.000000,0.000000
6.834000,0.000000,0.000000,0.000000
6.836000,0.000000,0.000000,0.000000
6.838000,0.000000,0.000000,0.000000
6.840000,0.000000,0.000000,0.000000
6.842000,0.000000,0.000000,0.000000
6.844000,0.000000,0.000000,0.000000
6.846000,0.000000,0.000000,0.000000
6.848000,0.000000,0.000000,0.000000
6.850000,0.000000,0.000000,0.000000
6.852000,0.000000,0.000000,0.000000
6.854000,0.000000,0.000000,0.000000
6.856000,0.000000,0.000000,0.000000
6.858000,0.000000,0.000000,0.000000
6.860000,0.000000,0.000000,0.000000
6.862000,0.000000,0.000000,0.000000
6.864000,0.000000,0.000000,0.000000
6.866000,0.000000,0.000000,0.000000
6.868000,0.000000,0.000000,0.000000
6.870000,0.000000,0.000000,0.000000
6.872000,0.000000,0.000000,0.000000
6.874000,0.000000,0.000000,0.000000
6.876000,0.000000,0.000000,0.000000
6.878000,0.000000,0.000000,0.000000
6.880000,0.000000,0.000000,0.000000
6.882000,0.000000,0.000000,0.000000
6.884000,0.000000,0.000000,0.000000
6.886000,0.000000,0.000000,0.000000
6.888000,0.000000,0.000000,0.000000
6.890000,0.000000,0.000000,0.000000
6.892000,0.000000,0.000000,0.000000
6.894000,0.000000,0.000000,0.000000
6.896000,0.000000,0.000000,0.000000
6.898000,0.000000,0.000000,0.000000
6.900000,0.000000,0.000000,0.000000
6.902000,0.000000,0.000000,0.000000
6.904000,0.000000,0.000000,0.000000
6.906000,0.000000,0.000000,0.000000
6.908000,0.000000,0.000000,0.000000
6.910000,0.000000,0.000000,0.000000
6.912000,0.000000,0.000000,0.000000
6.914000,0.000000,0.000000,0.000000
6.916000,0.000000,0.000000,0.000000
6.918000,0.000000,0.000000,0.000000
6.920000,0.000000,0.000000,0.000000
6.922000,0.000000,0.000000,0.000000
6.924000,0.000000,0.000000,0.000000
6.926000,0.000000,0.000000,0.000000
6.928000,0.000000,0.000000,0.000000
6.930000,0.000000,0.000000,0.000000
6.932000,0.000000,0.000000,0.000000
6.934000,0.000000,0.000000,0.000000
6.936000,0.000000,0.000000,0.000000
6.938000,0.000000,0.000000,0.000000
6.940000,0.000000,0.000000,0.000000
6.942000,0.000000,0.000000,0.000000
6.944000,0.000000,0.000000,0.000000
6.946000,0.000000,0.000000,0.000000
6.948000,0.000000,0.000000,0.000000
6.950000,0.000000,0.000000,0.000000
6.952000,0.000000,0.000000,0.000000
6.954000,0.000000,0.000000,0.000000
6.956000,0.000000,0.000000,0.000000
6.958000,0.000000,0.000000,0.000000
6.960000,0.000000,0.000000,0.000000
6.962000,0.000000,0.000000,0.000000
6.964000,0.000000,0.000000,0.000000
6.966000,0.000000,0.000000,0.000000
6.968000,0.000000,0.000000,0.000000
6.970000,0.000000,0.000000,0.000000
6.972000,0.000000,0.000000,0.000000
6.974000,0.000000,0.000000,0.000000
6.976000,0.000000,0.000000,0.000000
6.978000,0.000000,0.000000,0.000000
6.980000,0.000000,0.000000,0.000000
6.982000,0.000000,0.000000,0.000000
6.984000,0.000000,0.000000,0.000000
6.986000,0.000000,0.000000,0.000000
6.988000,0.000000,0.000000,0.000000
6.990000,0.000000,0.000000,0.000000
6.992000,0.000000,0.000000,0.000000
6.994000,0.000000,0.000000,0.000000
6.996000,0.000000,0.000000,0.000000
6.998000,0.000000,0.000000,0.000000
7.000000,0.000000,0.000000,0.000000
7.002000,0.000000,0.000000,0.000000
7.004000,0.000000,0.000000,0.000000
7.006000,0.000000,0.000000,0.000000
7.008000,0.000000,0.000000,0.000000
7.010000,0.000000,0.000000,0.000000
7.012000,0.000000,0.000000,0.000000
7.014000,0.000000,0.000000,0.000000
7.016000,0.000000,0.000000,0.000000
7.018000,0.000000,0.000000,0.000000
7.020000,0.000000,0.000000,0.000000
7.022000,0.000000,0.000000,0.000000
7.024000,0.000000,0.000000,0.000000
7.026000,0.000000,0.000000,0.000000
7.028000,0.000000,0.000000,0.000000
7.030000,0.000000,0.000000,0.000000
7.032000,0.000000,0.000000,0.000000
7.034000,0.000000,0.000000,0.000000
7.036000,0.000000,0.000000,0.000000
7.038000,0.000000,0.000000,0.000000
7.040000,0.000000,0.000000,0.000000
7.042000,0.000000,0.000000,0.000000
7.044000,0.000000,0.000000,0.000000
7.046000,0.000000,0.000000,0.000000
7.048000,0.000000,0.000000,0.000000
7.050000,0.000000,0.000000,0.000000
7.052000,0.000000,0.000000,0.000000
7.054000,0.000000,0.000000,0.000000
7.056000,0.000000,0.000000,0.000000
7.058000,0.000000,0.000000,0.000000
7.060000,0.000000,0.000000,0.000000
7.062000,0.000000,0.000000,0.000000
7.064000,0.000000,0.000000,0.000000
7.066000,0.000000,0.000000,0.000000
7.068000,0.000000,0.000000,0.000000
7.070000,0.000000,0.000000,0.000000
7.072000,0.000000,0.000000,0.000000
7.074000,0.000000,0.000000,0.000000
7.076000,0.000000,0.000000,0.000000
7.078000,0.000000,0.000000,0.000000
7.080000,0.000000,0.000000,0.000000
7.082000,0.000000,0.000000,0.000000
7.084000,0.000000,0.000000,0.000000
7.086000,0.000000,0.000000,0.000000
7.088000,0.000000,0.000000,0.000000
7.090000,0.000000,0.000000,0.000000
7.092000,0.000000,0.000000,0.000000
7.094000,0.000000,0.000000,0.000000
7.096000,0.000000,0.000000,0.000000
7.098000,0.000000,0.000000,0.000000
7.100000,0.000000,0.000000,0.000000
7.102000,0.000000,0.000000,0.000000
7.104000,0.000000,0.000000,0.000000
7.106000,0.000000,0.000000,0.000000
7.108000,0.000000,0.000000,0.000000
7.110000,0.000000,0.000000,0.000000
7.112000,0.000000,0.000000,0.000000
7.114000,0.000000,0.000000,0.000000
7.116000,0.000000,0.000000,0.000000
7.118000,0.000000,0.000000,0.000000
7.120000,0.000000,0.000000,0.000000
7.122000,0.000000,0.000000,0.000000
7.124000,0.000000,0.000000,0.000000
7.126000,0.000000,0.000000,0.000000
7.128000,0.000000,0.000000,0.000000
7.130000,0.000000,0.000000,0.000000
7.132000,0.000000,0.000000,0.000000
7.134000,0.000000,0.000000,0.000000
7.136000,0.000000,0.000000,0.000000
7.138000,0.000000,0.000000,0.000000
7.140000,0.000000,0.000000,0.000000
7.142000,0.000000,0.000000,0.000000
7.144000,0.000000,0.000000,0.000000
7.146000,0.000000,0.000000,0.000000
7.148000,0.000000,0.000000,0.000000
7.150000,0.000000,0.000000,0.000000
7.152000,0.000000,0.000000,0.000000
7.154000,0.000000,0.000000,0.000000
7.156000,0.000000,0.000000,0.000000
7.158000,0.000000,0.000000,0.000000
7.160000,0.000000,0.000000,0.000000
7.162000,0.000000,0.000000,0.000000
7.164000,0.000000,0.000000,0.000000
7.166000,0.000000,0.000000,0.000000
7.168000,0.000000,0.000000,0.000000
7.170000,0.000000,0.000000,0.000000
7.172000,0.000000,0.000000,0.000000
7.174000,0.000000,0.000000,0.000000
7.176000,0.000000,0.000000,0.000000
7.178000,0.000000,0.000000,0.000000
7.180000,0.000000,0.000000,0.000000
7.182000,0.000000,0.000000,0.000000
7.184000,0.000000,0.000000,0.000000
7.186000,0.000000,0.000000,0.000000
7.188000,0.000000,0.000000,0.000000
7.190000,0.000000,0.000000,0.000000
7.192000,0.000000,0.000000,0.000000
7.194000,0.000000,0.000000,0.000000
7.196000,0.000000,0.000000,0.000000
7.198000,0.000000,0.000000,0.000000
7.200000,0.000000,0.000000,0.000000
7.202000,0.000000,0.000000,0.000000
7.204000,0.000000,0.000000,0.000000
7.206000,0.000000,0.000000,0.000000
7.208000,0.000000,0.000000,0.000000
7.210000,0.000000,0.000000,0.000000
7.212000,0.000000,0.000000,0.000000
7.214000,0.000000,0.000000,0.000000
7.216000,0.000000,0.000000,0.000000
7.218000,0.000000,0.000000,0.000000
7.220000,0.000000,0.000000,0.000000
7.222000,0.000000,0.000000,0.000000
7.224000,0.000000,0.000000,0.000000
7.226000,0.000000,0.000000,0.000000
7.228000,0.000000,0.000000,0.000000
7.230000,0.000000,0.000000,0.000000
7.232000,0.000000,0.000000,0.000000
7.234000,0.000000,0.000000,0.000000
7.236000,0.000000,0.000000,0.000000
7.238000,0.000000,0.000000,0.000000
7.240000,0.000000,0.000000,0.000000
7.242000,0.000000,0.000000,0.000000
7.244000,0.000000,0.000000,0.000000
7.246000,0.000000,0.000000,0.000000
7.248000,0.000000,0.000000,0.000000
7.250000,0.000000,0.000000,0.000000
7.252000,0.000000,0.000000,0.000000
7.254000,0.000000,0.000000,0.000000
7.256000,0.000000,0.000000,0.000000
7.258000,0.000000,0.000000,0.000000
7.260000,0.000000,0.000000,0.000000
7.262000,0.000000,0.000000,0.000000
7.264000,0.000000,0.000000,0.000000
7.266000,0.000000,0.000000,0.000000
7.268000,0.000000,0.000000,0.000000
7.270000,0.000000,0.000000,0.000000
7.272000,0.000000,0.000000,0.000000
7.274000,0.000000,0.000000,0.000000
7.276000,0.000000,0.000000,0.000000
7.278000,0.000000,0.000000,0.000000
7.280000,0.000000,0.000000,0.000000
7.282000,0.000000,0.000000,0.000000
7.284000,0.000000,0.000000,0.000000
7.286000,0.000000,0.000000,0.000000
7.288000,0.000000,0.000000,0.000000
7.290000,0.000000,0.000000,0.000000
7.292000,0.000000,0.000000,0.000000
7.294000,0.000000,0.000000,0.000000
7.296000,0.000000,0.000000,0.000000
7.298000,0.000000,0.000000,0.000000
7.300000,0.000000,0.000000,0.000000
7.302000,0.000000,0.000000,0.000000
7.304000,0.000000,0.000000,0.000000
7.306000,0.000000,0.000000,0.000000
7.308000,0.000000,0.000000,0.000000
7.310000,0.000000,0.000000,0.000000
7.312000,0.000000,0.000000,0.000000
7.314000,0.000000,0.000000,0.000000
7.316000,0.000000,0.000000,0.000000
7.318000,0.000000,0.000000,0.000000
7.320000,0.000000,0.000000,0.000000
7.322000,0.000000,0.000000,0.000000
7.324000,0.000000,0.000000,0.000000
7.326000,0.000000,0.000000,0.000000
7.328000,0.000000,0.000000,0.000000
7.330000,0.000000,0.000000,0.000000
7.332000,0.000000,0.000000,0.000000
7.334000,0.000000,0.000000,0.000000
7.336000,0.000000,0.000000,0.000000
7.338000,0.000000,0.000000,0.000000
7.340000,0.000000,0.000000,0.000000
7.342000,0.000000,0.000000,0.000000
7.344000,0.000000,0.000000,0.000000
7.346000,0.000000,0.000000,0.000000
7.348000,0.000000,0.000000,0.000000
7.350000,0.000000,0.000000,0.000000
7.352000,0.000000,0.000000,0.000000
7.354000,0.000000,0.000000,0.000000
7.356000,0.000000,0.000000,0.000000
7.358000,0.000000,0.000000,0.000000
7.360000,0.000000,0.000000,0.000000
7.362000,0.000000,0.000000,0.000000
7.364000,0.000000,0.000000,0.000000
7.366000,0.000000,0.000000,0.000000
7.368000,0.000000,0.000000,0.000000
7.370000,0.000000,0.000000,0.000000
7.372000,0.000000,0.000000,0.000000
7.374000,0.000000,0.000000,0.000000
7.376000,0.000000,0.000000,0.000000
7.378000,0.000000,0.000000,0.000000
7.380000,0.000000,0.000000,0.000000
7.382000,0.000000,0.000000,0.000000
7.384000,0.000000,0.000000,0.000000
7.386000,0.000000,0.000000,0.000000
7.388000,0.000000,0.000000,0.000000
7.390000,0.000000,0.000000,0.000000
7.392000,0.000000,0.000000,0.000000
7.394000,0.000000,0.000000,0.000000
7.396000,0.000000,0.000000,0.000000
7.398000,0.000000,0.000000,0.000000
7.400000,0.000000,0.000000,0.000000
7.402000,0.000000,0.000000,0.000000
7.404000,0.000000,0.000000,0.000000
7.406000,0.000000,0.000000,0.000000
7.408000,0.000000,0.000000,0.000000
7.410000,0.000000,0.000000,0.000000
7.412000,0.000000,0.000000,0.000000
7.414000,0.000000,0.000000,0.000000
7.416000,0.000000,0.000000,0.000000
7.418000,0.000000,0.000000,0.000000
7.420000,0.000000,0.000000,0.000000
7.422000,0.000000,0.000000,0.000000
7.424000,0.000000,0.000000,0.000000
7.426000,0.000000,0.000000,0.000000
7.428000,0.000000,0.000000,0.000000
7.430000,0.000000,0.000000,0.000000
7.432000,0.000000,0.000000,0.000000
7.434000,0.000000,0.000000,0.000000
7.436000,0.000000,0.000000,0.000000
7.438000,0.000000,0.000000,0.000000
7.440000,0.000000,0.000000,0.000000
7.442000,0.000000,0.000000,0.000000
7.444000,0.000000,0.000000,0.000000
7.446000,0.000000,0.000000,0.000000
7.448000,0.000000,0.000000,0.000000
7.450000,0.000000,0.000000,0.000000
7.452000,0.000000,0.000000,0.000000
7.454000,0.000000,0.000000,0.000000
7.456000,0.000000,0.000000,0.000000
7.458000,0.000000,0.000000,0.000000
7.460000,0.000000,0.000000,0.000000
7.462000,0.000000,0.000000,0.000000
7.464000,0.000000,0.000000,0.000000
7.466000,0.000000,0.000000,0.000000
7.468000,0.000000,0.000000,0.000000
7.470000,0.000000,0.000000,0.000000
7.472000,0.000000,0.000000,0.000000
7.474000,0.000000,0.000000,0.000000
7.476000,0.000000,0.000000,0.000000
7.478000,0.000000,0.000000,0.000000
7.480000,0.000000,0.000000,0.000000
7.482000,0.000000,0.000000,0.000000
7.484000,0.000000,0.000000,0.000000
7.486000,0.000000,0.000000,0.000000
7.488000,0.000000,0.000000,0.000000
7.490000,0.000000,0.000000,0.000000
7.492000,0.000000,0.000000,0.000000
7.494000,0.000000,0.000000,0.000000
7.496000,0.000000,0.000000,0.000000
7.498000,0.000000,0.000000,0.000000
7.500000,0.000000,0.000000,0.000000
7.502000,0.000000,0.000000,0.000000
7.504000,0.000000,0.000000,0.000000
7.506000,0.000000,0.000000,0.000000
7.508000,0.000000,0.000000,0.000000
7.510000,0.000000,0.000000,0.000000
7.512000,0.000000,0.000000,0.000000
7.514000,0.000000,0.000000,0.000000
7.516000,0.000000,0.000000,0.000000
7.518000,0.000000,0.000000,0.000000
7.520000,0.000000,0.000000,0.000000
7.522000,0.000000,0.000000,0.000000
7.524000,0.000000,0.000000,0.000000
7.526000,0.000000,0.000000,0.000000
7.528000,0.000000,0.000000,0.000000
7.530000,0.000000,0.000000,0.000000
7.532000,0.000000,0.000000,0.000000
7.534000,0.000000,0.000000,0.000000
7.536000,0.000000,0.000000,0.000000
7.538000,0.000000,0.000000,0.000000
7.540000,0.000000,0.000000,0.000000
7.542000,0.000000,0.000000,0.000000
7.544000,0.000000,0.000000,0.000000
7.546000,0.000000,0.000000,0.000000
7.548000,0.000000,0.000000,0.000000
7.550000,0.000000,0.000000,0.000000
7.552000,0.000000,0.000000,0.000000
7.554000,0.000000,0.000000,0.000000
7.556000,0.000000,0.000000,0.000000
7.558000,0.000000,0.000000,0.000000
7.560000,0.000000,0.000000,0.000000
7.562000,0.000000,0.000000,0.000000
7.564000,0.000000,0.000000,0.000000
7.566000,0.000000,0.000000,0.000000
7.568000,0.000000,0.000000,0.000000
7.570000,0.000000,0.000000,0.000000
7.572000,0.000000,0.000000,0.000000
7.574000,0.000000,0.000000,0.000000
7.576000,0.000000,0.000000,0.000000
7.578000,0.000000,0.000000,0.000000
7.580000,0.000000,0.000000,0.000000
7.582000,0.000000,0.000000,0.000000
7.584000,0.000000,0.000000,0.000000
7.586000,0.000000,0.000000,0.000000
7.588000,0.000000,0.000000,0.000000
7.590000,0.000000,0.000000,0.000000
7.592000,0.000000,0.000000,0.000000
7.594000,0.000000,0.000000,0.000000
7.596000,0.000000,0.000000,0.000000
7.598000,0.000000,0.000000,0.000000
7.600000,0.000000,0.000000,0.000000
7.602000,0.000000,0.000000,0.000000
7.604000,0.000000,0.000000,0.000000
7.606000,0.000000,0.000000,0.000000
7.608000,0.000000,0.000000,0.000000
7.610000,0.000000,0.000000,0.000000
7.612000,0.000000,0.000000,0.000000
7.614000,0.000000,0.000000,0.000000
7.616000,0.000000,0.000000,0.000000
7.618000,0.000000,0.000000,0.000000
7.620000,0.000000,0.000000,0.000000
7.622000,0.000000,0.000000,0.000000
7.624000,0.000000,0.000000,0.000000
7.626000,0.000000,0.000000,0.000000
7.628000,0.000000,0.000000,0.000000
7.630000,0.000000,0.000000,0.000000
7.632000,0.000000,0.000000,0.000000
7.634000,0.000000,0.000000,0.000000
7.636000,0.000000,0.000000,0.000000
7.638000,0.000000,0.000000,0.000000
7.640000,0.000000,0.000000,0.000000
7.642000,0.000000,0.000000,0.000000
7.644000,0.000000,0.000000,0.000000
7.646000,0.000000,0.000000,0.000000
7.648000,0.000000,0.000000,0.000000
7.650000,0.000000,0.000000,0.000000
7.652000,0.000000,0.000000,0.000000
7.654000,0.000000,0.000000,0.000000
7.656000,0.000000,0.000000,0.000000
7.658000,0.000000,0.000000,0.000000
7.660000,0.000000,0.000000,0.000000
7.662000,0.000000,0.000000,0.000000
7.664000,0.000000,0.000000,0.000000
7.666000,0.000000,0.000000,0.000000
7.668000,0.000000,0.000000,0.000000
7.670000,0.000000,0.000000,0.000000
7.672000,0.000000,0.000000,0.000000
7.674000,0.000000,0.000000,0.000000
7.676000,0.000000,0.000000,0.000000
7.678000,0.000000,0.000000,0.000000
7.680000,0.000000,0.000000,0.000000
7.682000,0.000000,0.000000,0.000000
7.684000,0.000000,0.000000,0.000000
7.686000,0.000000,0.000000,0.000000
7.688000,0.000000,0.000000,0.000000
7.690000,0.000000,0.000000,0.000000
7.692000,0.000000,0.000000,0.000000
7.694000,0.000000,0.000000,0.000000
7.696000,0.000000,0.000000,0.000000
7.698000,0.000000,0.000000,0.000000
7.700000,0.000000,0.000000,0.000000
7.702000,0.000000,0.000000,0.000000
7.704000,0.000000,0.000000,0.000000
7.706000,0.000000,0.000000,0.000000
7.708000,0.000000,0.000000,0.000000
7.710000,0.000000,0.000000,0.000000
7.712000,0.000000,0.000000,0.000000
7.714000,0.000000,0.000000,0.000000
7.716000,0.000000,0.000000,0.000000
7.718000,0.000000,0.000000,0.000000
7.720000,0.000000,0.000000,0.000000
7.722000,0.000000,0.000000,0.000000
7.724000,0.000000,0.000000,0.000000
7.726000,0.000000,0.000000,0.000000
7.728000,0.000000,0.000000,0.000000
7.730000,0.000000,0.000000,0.000000
7.732000,0.000000,0.000000,0.000000
7.734000,0.000000,0.000000,0.000000
7.736000,0.000000,0.000000,0.000000
7.738000,0.000000,0.000000,0.000000
7.740000,0.000000,0.000000,0.000000
7.742000,0.000000,0.000000,0.000000
7.744000,0.000000,0.000000,0.000000
7.746000,0.000000,0.000000,0.000000
7.748000,0.000000,0.000000,0.000000
7.750000,0.000000,0.000000,0.000000
7.752000,0.000000,0.000000,0.000000
7.754000,0.000000,0.000000,0.000000
7.756000,0.000000,0.000000,0.000000
7.758000,0.000000,0.000000,0.000000
7.760000,0.000000,0.000000,0.000000
7.762000,0.000000,0.000000,0.000000
7.764000,0.000000,0.000000,0.000000
7.766000,0.000000,0.000000,0.000000
7.768000,0.000000,0.000000,0.000000
7.770000,0.000000,0.000000,0.000000
7.772000,0.000000,0.000000,0.000000
7.774000,0.000000,0.000000,0.000000
7.776000,0.000000,0.000000,0.000000
7.778000,0.000000,0.000000,0.000000
7.780000,0.000000,0.000000,0.000000
7.782000,0.000000,0.000000,0.000000
7.784000,0.000000,0.000000,0.000000
7.786000,0.000000,0.000000,0.000000
7.788000,0.000000,0.000000,0.000000
7.790000,0.000000,0.000000,0.000000
7.792000,0.000000,0.000000,0.000000
7.794000,0.000000,0.000000,0.000000
7.796000,0.000000,0.000000,0.000000
7.798000,0.000000,0.000000,0.000000
7.800000,0.000000,0.000000,0.000000
7.802000,0.000000,0.000000,0.000000
7.804000,0.000000,0.000000,0.000000
7.806000,0.000000,0.000000,0.000000
7.808000,0.000000,0.000000,0.000000
7.810000,0.000000,0.000000,0.000000
7.812000,0.000000,0.000000,0.000000
7.814000,0.000000,0.000000,0.000000
7.816000,0.000000,0.000000,0.000000
7.818000,0.000000,0.000000,0.000000
7.820000,0.000000,0.000000,0.000000
7.822000,0.000000,0.000000,0.000000
7.824000,0.000000,0.000000,0.000000
7.826000,0.000000,0.000000,0.000000
7.828000,0.000000,0.000000,0.000000
7.830000,0.000000,0.000000,0.000000
7.832000,0.000000,0.000000,0.000000
7.834000,0.000000,0.000000,0.000000
7.836000,0.000000,0.000000,0.000000
7.838000,0.000000,0.000000,0.000000
7.840000,0.000000,0.000000,0.000000
7.842000,0.000000,0.000000,0.000000
7.844000,0.000000,0.000000,0.000000
7.846000,0.000000,0.000000,0.000000
7.848000,0.000000,0.000000,0.000000
7.850000,0.000000,0.000000,0.000000
7.852000,0.000000,0.000000,0.000000
7.854000,0.000000,0.000000,0.000000
7.856000,0.000000,0.000000,0.000000
7.858000,0.000000,0.000000,0.000000
7.860000,0.000000,0.000000,0.000000
7.862000,0.000000,0.000000,0.000000
7.864000,0.000000,0.000000,0.000000
7.866000,0.000000,0.000000,0.000000
7.868000,0.000000,0.000000,0.000000
7.870000,0.000000,0.000000,0.000000
7.872000,0.000000,0.000000,0.000000
7.874000,0.000000,0.000000,0.000000
7.876000,0.000000,0.000000,0.000000
7.878000,0.000000,0.000000,0.000000
7.880000,0.000000,0.000000,0.000000
7.882000,0.000000,0.000000,0.000000
7.884000,0.000000,0.000000,0.000000
7.886000,0.000000,0.000000,0.000000
7.888000,0.000000,0.000000,0.000000
7.890000,0.000000,0.000000,0.000000
7.892000,0.000000,0.000000,0.000000
7.894000,0.000000,0.000000,0.000000
7.896000,0.000000,0.000000,0.000000
7.898000,0.000000,0.000000,0.000000
7.900000,0.000000,0.000000,0.000000
7.902000,0.000000,0.000000,0.000000
7.904000,0.000000,0.000000,0.000000
7.906000,0.000000,0.000000,0.000000
7.908000,0.000000,0.000000,0.000000
7.910000,0.000000,0.000000,0.000000
7.912000,0.000000,0.000000,0.000000
7.914000,0.000000,0.000000,0.000000
7.916000,0.000000,0.000000,0.000000
7.918000,0.000000,0.000000,0.000000
7.920000,0.000000,0.000000,0.000000
7.922000,0.000000,0.000000,0.000000
7.924000,0.000000,0.000000,0.000000
7.926000,0.000000,0.000000,0.000000
7.928000,0.000000,0.000000,0.000000
7.930000,0.000000,0.000000,0.000000
7.932000,0.000000,0.000000,0.000000
7.934000,0.000000,0.000000,0.000000
7.936000,0.000000,0.000000,0.000000
7.938000,0.000000,0.000000,0.000000
7.940000,0.000000,0.000000,0.000000
7.942000,0.000000,0.000000,0.000000
7.944000,0.000000,0.000000,0.000000
7.946000,0.000000,0.000000,0.000000
7.948000,0.000000,0.000000,0.000000
7.950000,0.000000,0.000000,0.000000
7.952000,0.000000,0.000000,0.000000
7.954000,0.000000,0.000000,0.000000
7.956000,0.000000,0.000000,0.000000
7.958000,0.000000,0.000000,0.000000
7.960000,0.000000,0.000000,0.000000
7.962000,0.000000,0.000000,0.000000
7.964000,0.000000,0.000000,0.000000
7.966000,0.000000,0.000000,0.000000
7.968000,0.000000,0.000000,0.000000
7.970000,0.000000,0.000000,0.000000
7.972000,0.000000,0.000000,0.000000
7.974000,0.000000,0.000000,0.000000
7.976000,0.000000,0.000000,0.000000
7.978000,0.000000,0.000000,0.000000
7.980000,0.000000,0.000000,0.000000
7.982000,0.000000,0.000000,0.000000
7.984000,0.000000,0.000000,0.000000
7.986000,0.000000,0.000000,0.000000
7.988000,0.000000,0.000000,0.000000
7.990000,0.000000,0.000000,0.000000
7.992000,0.000000,0.000000,0.000000
7.994000,0.000000,0.000000,0.000000
7.996000,0.000000,0.000000,0.000000
7.998000,0.000000,0.000000,0.000000
8.000000,0.000000,0.000000,0.000000
8.002000,0.000000,0.000000,0.000000
8.004000,0.000000,0.000000,0.000000
8.006000,0.000000,0.000000,0.000000
8.008000,0.000000,0.000000,0.000000
8.010000,0.000000,0.000000,0.000000
8.012000,0.000000,0.000000,0.000000
8.014000,0.000000,0.000000,0.000000
8.016000,0.000000,0.000000,0.000000
8.018000,0.000000,0.000000,0.000000
8.020000,0.000000,0.000000,0.000000
8.022000,0.000000,0.000000,0.000000
8.024000,0.000000,0.000000,0.000000
8.026000,0.000000,0.000000,0.000000
8.028000,0.000000,0.000000,0.000000
8.030000,0.000000,0.000000,0.000000
8.032000,0.000000,0.000000,0.000000
8.034000,0.000000,0.000000,0.000000
8.036000,0.000000,0.000000,0.000000
8.038000,0.000000,0.000000,0.000000
8.040000,0.000000,0.000000,0.000000
8.042000,0.000000,0.000000,0.000000
8.044000,0.000000,0.000000,0.000000
8.046000,0.000000,0.000000,0.000000
8.048000,0.000000,0.000000,0.000000
8.050000,0.000000,0.000000,0.000000
8.052000,0.000000,0.000000,0.000000
8.054000,0.000000,0.000000,0.000000
8.056000,0.000000,0.000000,0.000000
8.058000,0.000000,0.000000,0.000000
8.060000,0.000000,0.000000,0.000000
8.062000,0.000000,0.000000,0.000000
8.064000,0.000000,0.000000,0.000000
8.066000,0.000000,0.000000,0.000000
8.068000,0.000000,0.000000,0.000000
8.070000,0.000000,0.000000,0.000000
8.072000,0.000000,0.000000,0.000000
8.074000,0.000000,0.000000,0.000000
8.076000,0.000000,0.000000,0.000000
8.078000,0.000000,0.000000,0.000000
8.080000,0.000000,0.000000,0.000000
8.082000,0.000000,0.000000,0.000000
8.084000,0.000000,0.000000,0.000000
8.086000,0.000000,0.000000,0.000000
8.088000,0.000000,0.000000,0.000000
8.090000,0.000000,0.000000,0.000000
8.092000,0.000000,0.000000,0.000000
8.094000,0.000000,0.000000,0.000000
8.096000,0.000000,0.000000,0.000000
8.098000,0.000000,0.000000,0.000000
8.100000,0.000000,0.000000,0.000000
8.102000,0.000000,0.000000,0.000000
8.104000,0.000000,0.000000,0.000000
8.106000,0.000000,0.000000,0.000000
8.108000,0.000000,0.000000,0.000000
8.110000,0.000000,0.000000,0.000000
8.112000,0.000000,0.000000,0.000000
8.114000,0.000000,0.000000,0.000000
8.116000,0.000000,0.000000,0.000000
8.118000,0.000000,0.000000,0.000000
8.120000,0.000000,0.000000,0.000000
8.122000,0.000000,0.000000,0.000000
8.124000,0.000000,0.000000,0.000000
8.126000,0.000000,0.000000,0.000000
8.128000,0.000000,0.000000,0.000000
8.130000,0.000000,0.000000,0.000000
8.132000,0.000000,0.000000,0.000000
8.134000,0.000000,0.000000,0.000000
8.136000,0.000000,0.000000,0.000000
8.138000,0.000000,0.000000,0.000000
8.140000,0.000000,0.000000,0.000000
8.142000,0.000000,0.000000,0.000000
8.144000,0.000000,0.000000,0.000000
8.146000,0.000000,0.000000,0.000000
8.148000,0.000000,0.000000,0.000000
8.150000,0.000000,0.000000,0.000000
8.152000,0.000000,0.000000,0.000000
8.154000,0.000000,0.000000,0.000000
8.156000,0.000000,0.000000,0.000000
8.158000,0.000000,0.000000,0.000000
8.160000,0.000000,0.000000,0.000000
8.162000,0.000000,0.000000,0.000000
8.164000,0.000000,0.000000,0.000000
8.166000,0.000000,0.000000,0.000000
8.168000,0.000000,0.000000,0.000000
8.170000,0.000000,0.000000,0.000000
8.172000,0.000000,0.000000,0.000000
8.174000,0.000000,0.000000,0.000000
8.176000,0.000000,0.000000,0.000000
8.178000,0.000000,0.000000,0.000000
8.180000,0.000000,0.000000,0.000000
8.182000,0.000000,0.000000,0.000000
8.184000,0.000000,0.000000,0.000000
8.186000,0.000000,0.000000,0.000000
8.188000,0.000000,0.000000,0.000000
8.190000,0.000000,0.000000,0.000000
8.192000,0.000000,0.000000,0.000000
8.194000,0.000000,0.000000,0.000000
8.196000,0.000000,0.000000,0.000000
8.198000,0.000000,0.000000,0.000000
8.200000,0.000000,0.000000,0.000000
8.202000,0.000000,0.000000,0.000000
8.204000,0.000000,0.000000,0.000000
8.206000,0.000000,0.000000,0.000000
8.208000,0.000000,0.000000,0.000000
8.210000,0.000000,0.000000,0.000000
8.212000,0.000000,0.000000,0.000000
8.214000,0.000000,0.000000,0.000000
8.216000,0.000000,0.000000,0.000000
8.218000,0.000000,0.000000,0.000000
8.220000,0.000000,0.000000,0.000000
8.222000,0.000000,0.000000,0.000000
8.224000,0.000000,0.000000,0.000000
8.226000,0.000000,0.000000,0.000000
8.228000,0.000000,0.000000,0.000000
8.230000,0.000000,0.000000,0.000000
8.232000,0.000000,0.000000,0.000000
8.234000,0.000000,0.000000,0.000000
8.236000,0.000000,0.000000,0.000000
8.238000,0.000000,0.000000,0.000000
8.240000,0.000000,0.000000,0.000000
8.242000,0.000000,0.000000,0.000000
8.244000,0.000000,0.000000,0.000000
8.246000,0.000000,0.000000,0.000000
8.248000,0.000000,0.000000,0.000000
8.250000,0.000000,0.000000,0.000000
8.252000,0.000000,0.000000,0.000000
8.254000,0.000000,0.000000,0.000000
8.256000,0.000000,0.000000,0.000000
8.258000,0.000000,0.000000,0.000000
8.260000,0.000000,0.000000,0.000000
8.262000,0.000000,0.000000,0.000000
8.264000,0.000000,0.000000,0.000000
8.266000,0.000000,0.000000,0.000000
8.268000,0.000000,0.000000,0.000000
8.270000,0.000000,0.000000,0.000000
8.272000,0.000000,0.000000,0.000000
8.274000,0.000000,0.000000,0.000000
8.276000,0.000000,0.000000,0.000000
8.278000,0.000000,0.000000,0.000000
8.280000,0.000000,0.000000,0.000000
8.282000,0.000000,0.000000,0.000000
8.284000,0.000000,0.000000,0.000000
8.286000,0.000000,0.000000,0.000000
8.288000,0.000000,0.000000,0.000000
8.290000,0.000000,0.000000,0.000000
8.292000,0.000000,0.000000,0.000000
8.294000,0.000000,0.000000,0.000000
8.296000,0.000000,0.000000,0.000000
8.298000,0.000000,0.000000,0.000000
8.300000,0.000000,0.000000,0.000000
8.302000,0.000000,0.000000,0.000000
8.304000,0.000000,0.000000,0.000000
8.306000,0.000000,0.000000,0.000000
8.308000,0.000000,0.000000,0.000000
8.310000,0.000000,0.000000,0.000000
8.312000,0.000000,0.000000,0.000000
8.314000,0.000000,0.000000,0.000000
8.316000,0.000000,0.000000,0.000000
8.318000,0.000000,0.000000,0.000000
8.320000,0.000000,0.000000,0.000000
8.322000,0.000000,0.000000,0.000000
8.324000,0.000000,0.000000,0.000000
8.326000,0.000000,0.000000,0.000000
8.328000,0.000000,0.000000,0.000000
8.330000,0.000000,0.000000,0.000000
8.332000,0.000000,0.000000,0.000000
8.334000,0.000000,0.000000,0.000000
8.336000,0.000000,0.000000,0.000000
8.338000,0.000000,0.000000,0.000000
8.340000,0.000000,0.000000,0.000000
8.342000,0.000000,0.000000,0.000000
8.344000,0.000000,0.000000,0.000000
8.346000,0.000000,0.000000,0.000000
8.348000,0.000000,0.000000,0.000000
8.350000,0.000000,0.000000,0.000000
8.352000,0.000000,0.000000,0.000000
8.354000,0.000000,0.000000,0.000000
8.356000,0.000000,0.000000,0.000000
8.358000,0.000000,0.000000,0.000000
8.360000,0.000000,0.000000,0.000000
8.362000,0.000000,0.000000,0.000000
8.364000,0.000000,0.000000,0.000000
8.366000,0.000000,0.000000,0.000000
8.368000,0.000000,0.000000,0.000000
8.370000,0.000000,0.000000,0.000000
8.372000,0.000000,0.000000,0.000000
8.374000,0.000000,0.000000,0.000000
8.376000,0.000000,0.000000,0.000000
8.378000,0.000000,0.000000,0.000000
8.380000,0.000000,0.000000,0.000000
8.382000,0.000000,0.000000,0.000000
8.384000,0.000000,0.000000,0.000000
8.386000,0.000000,0.000000,0.000000
8.388000,0.000000,0.000000,0.000000
8.390000,0.000000,0.000000,0.000000
8.392000,0.000000,0.000000,0.000000
8.394000,0.000000,0.000000,0.000000
8.396000,0.000000,0.000000,0.000000
8.398000,0.000000,0.000000,0.000000
8.400000,0.000000,0.000000,0.000000
8.402000,0.000000,0.000000,0.000000
8.404000,0.000000,0.000000,0.000000
8.406000,0.000000,0.000000,0.000000
8.408000,0.000000,0.000000,0.000000
8.410000,0.000000,0.000000,0.000000
8.412000,0.000000,0.000000,0.000000
8.414000,0.000000,0.000000,0.000000
8.416000,0.000000,0.000000,0.000000
8.418000,0.000000,0.000000,0.000000
8.420000,0.000000,0.000000,0.000000
8.422000,0.000000,0.000000,0.000000
8.424000,0.000000,0.000000,0.000000
8.426000,0.000000,0.000000,0.000000
8.428000,0.000000,0.000000,0.000000
8.430000,0.000000,0.000000,0.000000
8.432000,0.000000,0.000000,0.000000
8.434000,0.000000,0.000000,0.000000
8.436000,0.000000,0.000000,0.000000
8.438000,0.000000,0.000000,0.000000
8.440000,0.000000,0.000000,0.000000
8.442000,0.000000,0.000000,0.000000
8.444000,0.000000,0.000000,0.000000
8.446000,0.000000,0.000000,0.000000
8.448000,0.000000,0.000000,0.000000
8.450000,0.000000,0.000000,0.000000
8.452000,0.000000,0.000000,0.000000
8.454000,0.000000,0.000000,0.000000
8.456000,0.000000,0.000000,0.000000
8.458000,0.000000,0.000000,0.000000
8.460000,0.000000,0.000000,0.000000
8.462000,0.000000,0.000000,0.000000
8.464000,0.000000,0.000000,0.000000
8.466000,0.000000,0.000000,0.000000
8.468000,0.000000,0.000000,0.000000
8.470000,0.000000,0.000000,0.000000
8.472000,0.000000,0.000000,0.000000
8.474000,0.000000,0.000000,0.000000
8.476000,0.000000,0.000000,0.000000
8.478000,0.000000,0.000000,0.000000
8.480000,0.000000,0.000000,0.000000
8.482000,0.000000,0.000000,0.000000
8.484000,0.000000,0.000000,0.000000
8.486000,0.000000,0.000000,0.000000
8.488000,0.000000,0.000000,0.000000
8.490000,0.000000,0.000000,0.000000
8.492000,0.000000,0.000000,0.000000
8.494000,0.000000,0.000000,0.000000
8.496000,0.000000,0.000000,0.000000
8.498000,0.000000,0.000000,0.000000
8.500000,0.000000,0.000000,0.000000
8.502000,0.000000,0.000000,0.000000
8.504000,0.000000,0.000000,0.000000
8.506000,0.000000,0.000000,0.000000
8.508000,0.000000,0.000000,0.000000
8.510000,0.000000,0.000000,0.000000
8.512000,0.000000,0.000000,0.000000
8.514000,0.000000,0.000000,0.000000
8.516000,0.000000,0.000000,0.000000
8.518000,0.000000,0.000000,0.000000
8.520000,0.000000,0.000000,0.000000
8.522000,0.000000,0.000000,0.000000
8.524000,0.000000,0.000000,0.000000
8.526000,0.000000,0.000000,0.000000
8.528000,0.000000,0.000000,0.000000
8.530000,0.000000,0.000000,0.000000
8.532000,0.000000,0.000000,0.000000
8.534000,0.000000,0.000000,0.000000
8.536000,0.000000,0.000000,0.000000
8.538000,0.000000,0.000000,0.000000
8.540000,0.000000,0.000000,0.000000
8.542000,0.000000,0.000000,0.000000
8.544000,0.000000,0.000000,0.000000
8.546000,0.000000,0.000000,0.000000
8.548000,0.000000,0.000000,0.000000
8.550000,0.000000,0.000000,0.000000
8.552000,0.000000,0.000000,0.000000
8.554000,0.000000,0.000000,0.000000
8.556000,0.000000,0.000000,0.000000
8.558000,0.000000,0.000000,0.000000
8.560000,0.000000,0.000000,0.000000
8.562000,0.000000,0.000000,0.000000
8.564000,0.000000,0.000000,0.000000
8.566000,0.000000,0.000000,0.000000
8.568000,0.000000,0.000000,0.000000
8.570000,0.000000,0.000000,0.000000
8.572000,0.000000,0.000000,0.000000
8.574000,0.000000,0.000000,0.000000
8.576000,0.000000,0.000000,0.000000
8.578000,0.000000,0.000000,0.000000
8.580000,0.000000,0.000000,0.000000
8.582000,0.000000,0.000000,0.000000
8.584000,0.000000,0.000000,0.000000
8.586000,0.000000,0.000000,0.000000
8.588000,0.000000,0.000000,0.000000
8.590000,0.000000,0.000000,0.000000
8.592000,0.000000,0.000000,0.000000
8.594000,0.000000,0.000000,0.000000
8.596000,0.000000,0.000000,0.000000
8.598000,0.000000,0.000000,0.000000
8.600000,0.000000,0.000000,0.000000
8.602000,0.000000,0.000000,0.000000
8.604000,0.000000,0.000000,0.000000
8.606000,0.000000,0.000000,0.000000
8.608000,0.000000,0.000000,0.000000
8.610000,0.000000,0.000000,0.000000
8.612000,0.000000,0.000000,0.000000
8.614000,0.000000,0.000000,0.000000
8.616000,0.000000,0.000000,0.000000
8.618000,0.000000,0.000000,0.000000
8.620000,0.000000,0.000000,0.000000
8.622000,0.000000,0.000000,0.000000
8.624000,0.000000,0.000000,0.000000
8.626000,0.000000,0.000000,0.000000
8.628000,0.000000,0.000000,0.000000
8.630000,0.000000,0.000000,0.000000
8.632000,0.000000,0.000000,0.000000
8.634000,0.000000,0.000000,0.000000
8.636000,0.000000,0.000000,0.000000
8.638000,0.000000,0.000000,0.000000
8.640000,0.000000,0.000000,0.000000
8.642000,0.000000,0.000000,0.000000
8.644000,0.000000,0.000000,0.000000
8.646000,0.000000,0.000000,0.000000
8.648000,0.000000,0.000000,0.000000
8.650000,0.000000,0.000000,0.000000
8.652000,0.000000,0.000000,0.000000
8.654000,0.000000,0.000000,0.000000
8.656000,0.000000,0.000000,0.000000
8.658000,0.000000,0.000000,0.000000
8.660000,0.000000,0.000000,0.000000
8.662000,0.000000,0.000000,0.000000
8.664000,0.000000,0.000000,0.000000
8.666000,0.000000,0.000000,0.000000
8.668000,0.000000,0.000000,0.000000
8.670000,0.000000,0.000000,0.000000
8.672000,0.000000,0.000000,0.000000
8.674000,0.000000,0.000000,0.000000
8.676000,0.000000,0.000000,0.000000
8.678000,0.000000,0.000000,0.000000
8.680000,0.000000,0.000000,0.000000
8.682000,0.000000,0.000000,0.000000
8.684000,0.000000,0.000000,0.000000
8.686000,0.000000,0.000000,0.000000
8.688000,0.000000,0.000000,0.000000
8.690000,0.000000,0.000000,0.000000
8.692000,0.000000,0.000000,0.000000
8.694000,0.000000,0.000000,0.000000
8.696000,0.000000,0.000000,0.000000
8.698000,0.000000,0.000000,0.000000
8.700000,0.000000,0.000000,0.000000
8.702000,0.000000,0.000000,0.000000
8.704000,0.000000,0.000000,0.000000
8.706000,0.000000,0.000000,0.000000
8.708000,0.000000,0.000000,0.000000
8.710000,0.000000,0.000000,0.000000
8.712000,0.000000,0.000000,0.000000
8.714000,0.000000,0.000000,0.000000
8.716000,0.000000,0.000000,0.000000
8.718000,0.000000,0.000000,0.000000
8.720000,0.000000,0.000000,0.000000
8.722000,0.000000,0.000000,0.000000
8.724000,0.000000,0.000000,0.000000
8.726000,0.000000,0.000000,0.000000
8.728000,0.000000,0.000000,0.000000
8.730000,0.000000,0.000000,0.000000
8.732000,0.000000,0.000000,0.000000
8.734000,0.000000,0.000000,0.000000
8.736000,0.000000,0.000000,0.000000
8.738000,0.000000,0.000000,0.000000
8.740000,0.000000,0.000000,0.000000
8.742000,0.000000,0.000000,0.000000
8.744000,0.000000,0.000000,0.000000
8.746000,0.000000,0.000000,0.000000
8.748000,0.000000,0.000000,0.000000
8.750000,0.000000,0.000000,0.000000
8.752000,0.000000,0.000000,0.000000
8.754000,0.000000,0.000000,0.000000
8.756000,0.000000,0.000000,0.000000
8.758000,0.000000,0.000000,0.000000
8.760000,0.000000,0.000000,0.000000
8.762000,0.000000,0.000000,0.000000
8.764000,0.000000,0.000000,0.000000
8.766000,0.000000,0.000000,0.000000
8.768000,0.000000,0.000000,0.000000
8.770000,0.000000,0.000000,0.000000
8.772000,0.000000,0.000000,0.000000
8.774000,0.000000,0.000000,0.000000
8.776000,0.000000,0.000000,0.000000
8.778000,0.000000,0.000000,0.000000
8.780000,0.000000,0.000000,0.000000
8.782000,0.000000,0.000000,0.000000
8.784000,0.000000,0.000000,0.000000
8.786000,0.000000,0.000000,0.000000
8.788000,0.000000,0.000000,0.000000
8.790000,0.000000,0.000000,0.000000
8.792000,0.000000,0.000000,0.000000
8.794000,0.000000,0.000000,0.000000
8.796000,0.000000,0.000000,0.000000
8.798000,0.000000,0.000000,0.000000
8.800000,0.000000,0.000000,0.000000
8.802000,0.000000,0.000000,0.000000
8.804000,0.000000,0.000000,0.000000
8.806000,0.000000,0.000000,0.000000
8.808000,0.000000,0.000000,0.000000
8.810000,0.000000,0.000000,0.000000
8.812000,0.000000,0.000000,0.000000
8.814000,0.000000,0.000000,0.000000
8.816000,0.000000,0.000000,0.000000
8.818000,0.000000,0.000000,0.000000
8.820000,0.000000,0.000000,0.000000
8.822000,0.000000,0.000000,0.000000
8.824000,0.000000,0.000000,0.000000
8.826000,0.000000,0.000000,0.000000
8.828000,0.000000,0.000000,0.000000
8.830000,0.000000,0.000000,0.000000
8.832000,0.000000,0.000000,0.000000
8.834000,0.000000,0.000000,0.000000
8.836000,0.000000,0.000000,0.000000
8.838000,0.000000,0.000000,0.000000
8.840000,0.000000,0.000000,0.000000
8.842000,0.000000,0.000000,0.000000
8.844000,0.000000,0.000000,0.000000
8.846000,0.000000,0.000000,0.000000
8.848000,0.000000,0.000000,0.000000
8.850000,0.000000,0.000000,0.000000
8.852000,0.000000,0.000000,0.000000
8.854000,0.000000,0.000000,0.000000
8.856000,0.000000,0.000000,0.000000
8.858000,0.000000,0.000000,0.000000
8.860000,0.000000,0.000000,0.000000
8.862000,0.000000,0.000000,0.000000
8.864000,0.000000,0.000000,0.000000
8.866000,0.000000,0.000000,0.000000
8.868000,0.000000,0.000000,0.000000
8.870000,0.000000,0.000000,0.000000
8.872000,0.000000,0.000000,0.000000
8.874000,0.000000,0.000000,0.000000
8.876000,0.000000,0.000000,0.000000
8.878000,0.000000,0.000000,0.000000
8.880000,0.000000,0.000000,0.000000
8.882000,0.000000,0.000000,0.000000
8.884000,0.000000,0.000000,0.000000
8.886000,0.000000,0.000000,0.000000
8.888000,0.000000,0.000000,0.000000
8.890000,0.000000,0.000000,0.000000
8.892000,0.000000,0.000000,0.000000
8.894000,0.000000,0.000000,0.000000
8.896000,0.000000,0.000000,0.000000
8.898000,0.000000,0.000000,0.000000
8.900000,0.000000,0.000000,0.000000
8.902000,0.000000,0.000000,0.000000
8.904000,0.000000,0.000000,0.000000
8.906000,0.000000,0.000000,0.000000
8.908000,0.000000,0.000000,0.000000
8.910000,0.000000,0.000000,0.000000
8.912000,0.000000,0.000000,0.000000
8.914000,0.000000,0.000000,0.000000
8.916000,0.000000,0.000000,0.000000
8.918000,0.000000,0.000000,0.000000
8.920000,0.000000,0.000000,0.000000
8.922000,0.000000,0.000000,0.000000
8.924000,0.000000,0.000000,0.000000
8.926000,0.000000,0.000000,0.000000
8.928000,0.000000,0.000000,0.000000
8.930000,0.000000,0.000000,0.000000
8.932000,0.000000,0.000000,0.000000
8.934000,0.000000,0.000000,0.000000
8.936000,0.000000,0.000000,0.000000
8.938000,0.000000,0.000000,0.000000
8.940000,0.000000,0.000000,0.000000
8.942000,0.000000,0.000000,0.000000
8.944000,0.000000,0.000000,0.000000
8.946000,0.000000,0.000000,0.000000
8.948000,0.000000,0.000000,0.000000
8.950000,0.000000,0.000000,0.000000
8.952000,0.000000,0.000000,0.000000
8.954000,0.000000,0.000000,0.000000
8.956000,0.000000,0.000000,0.000000
8.958000,0.000000,0.000000,0.000000
8.960000,0.000000,0.000000,0.000000
8.962000,0.000000,0.000000,0.000000
8.964000,0.000000,0.000000,0.000000
8.966000,0.000000,0.000000,0.000000
8.968000,0.000000,0.000000,0.000000
8.970000,0.000000,0.000000,0.000000
8.972000,0.000000,0.000000,0.000000
8.974000,0.000000,0.000000,0.000000
8.976000,0.000000,0.000000,0.000000
8.978000,0.000000,0.000000,0.000000
8.980000,0.000000,0.000000,0.000000
8.982000,0.000000,0.000000,0.000000
8.984000,0.000000,0.000000,0.000000
8.986000,0.000000,0.000000,0.000000
8.988000,0.000000,0.000000,0.000000
8.990000,0.000000,0.000000,0.000000
8.992000,0.000000,0.000000,0.000000
8.994000,0.000000,0.000000,0.000000
8.996000,0.000000,0.000000,0.000000
8.998000,0.000000,0.000000,0.000000
9.000000,0.000000,0.000000,0.000000
9.002000,0.000000,0.000000,0.000000
9.004000,0.000000,0.000000,0.000000
9.006000,0.000000,0.000000,0.000000
9.008000,0.000000,0.000000,0.000000
9.010000,0.000000,0.000000,0.000000
9.012000,0.000000,0.000000,0.000000
9.014000,0.000000,0.000000,0.000000
9.016000,0.000000,0.000000,0.000000
9.018000,0.000000,0.000000,0.000000
9.020000,0.000000,0.000000,0.000000
9.022000,0.000000,0.000000,0.000000
9.024000,0.000000,0.000000,0.000000
9.026000,0.000000,0.000000,0.000000
9.028000,0.000000,0.000000,0.000000
9.030000,0.000000,0.000000,0.000000
9.032000,0.000000,0.000000,0.000000
9.034000,0.000000,0.000000,0.000000
9.036000,0.000000,0.000000,0.000000
9.038000,0.000000,0.000000,0.000000
9.040000,0.000000,0.000000,0.000000
9.042000,0.000000,0.000000,0.000000
9.044000,0.000000,0.000000,0.000000
9.046000,0.000000,0.000000,0.000000
9.048000,0.000000,0.000000,0.000000
9.050000,0.000000,0.000000,0.000000
9.052000,0.000000,0.000000,0.000000
9.054000,0.000000,0.000000,0.000000
9.056000,0.000000,0.000000,0.000000
9.058000,0.000000,0.000000,0.000000
9.060000,0.000000,0.000000,0.000000
9.062000,0.000000,0.000000,0.000000
9.064000,0.000000,0.000000,0.000000
9.066000,0.000000,0.000000,0.000000
9.068000,0.000000,0.000000,0.000000
9.070000,0.000000,0.000000,0.000000
9.072000,0.000000,0.000000,0.000000
9.074000,0.000000,0.000000,0.000000
9.076000,0.000000,0.000000,0.000000
9.078000,0.000000,0.000000,0.000000
9.080000,0.000000,0.000000,0.000000
9.082000,0.000000,0.000000,0.000000
9.084000,0.000000,0.000000,0.000000
9.086000,0.000000,0.000000,0.000000
9.088000,0.000000,0.000000,0.000000
9.090000,0.000000,0.000000,0.000000
9.092000,0.000000,0.000000,0.000000
9.094000,0.000000,0.000000,0.000000
9.096000,0.000000,0.000000,0.000000
9.098000,0.000000,0.000000,0.000000
9.100000,0.000000,0.000000,0.000000
9.102000,0.000000,0.000000,0.000000
9.104000,0.000000,0.000000,0.000000
9.106000,0.000000,0.000000,0.000000
9.108000,0.000000,0.000000,0.000000
9.110000,0.000000,0.000000,0.000000
9.112000,0.000000,0.000000,0.000000
9.114000,0.000000,0.000000,0.000000
9.116000,0.000000,0.000000,0.000000
9.118000,0.000000,0.000000,0.000000
9.120000,0.000000,0.000000,0.000000
9.122000,0.000000,0.000000,0.000000
9.124000,0.000000,0.000000,0.000000
9.126000,0.000000,0.000000,0.000000
9.128000,0.000000,0.000000,0.000000
9.130000,0.000000,0.000000,0.000000
9.132000,0.000000,0.000000,0.000000
9.134000,0.000000,0.000000,0.000000
9.136000,0.000000,0.000000,0.000000
9.138000,0.000000,0.000000,0.000000
9.140000,0.000000,0.000000,0.000000
9.142000,0.000000,0.000000,0.000000
9.144000,0.000000,0.000000,0.000000
9.146000,0.000000,0.000000,0.000000
9.148000,0.000000,0.000000,0.000000
9.150000,0.000000,0.000000,0.000000
9.152000,0.000000,0.000000,0.000000
9.154000,0.000000,0.000000,0.000000
9.156000,0.000000,0.000000,0.000000
9.158000,0.000000,0.000000,0.000000
9.160000,0.000000,0.000000,0.000000
9.162000,0.000000,0.000000,0.000000
9.164000,0.000000,0.000000,0.000000
9.166000,0.000000,0.000000,0.000000
9.168000,0.000000,0.000000,0.000000
9.170000,0.000000,0.000000,0.000000
9.172000,0.000000,0.000000,0.000000
9.174000,0.000000,0.000000,0.000000
9.176000,0.000000,0.000000,0.000000
9.178000,0.000000,0.000000,0.000000
9.180000,0.000000,0.000000,0.000000
9.182000,0.000000,0.000000,0.000000
9.184000,0.000000,0.000000,0.000000
9.186000,0.000000,0.000000,0.000000
9.188000,0.000000,0.000000,0.000000
9.190000,0.000000,0.000000,0.000000
9.192000,0.000000,0.000000,0.000000
9.194000,0.000000,0.000000,0.000000
9.196000,0.000000,0.000000,0.000000
9.198000,0.000000,0.000000,0.000000
9.200000,0.000000,0.000000,0.000000
9.202000,0.000000,0.000000,0.000000
9.204000,0.000000,0.000000,0.000000
9.206000,0.000000,0.000000,0.000000
9.208000,0.000000,0.000000,0.000000
9.210000,0.000000,0.000000,0.000000
9.212000,0.000000,0.000000,0.000000
9.214000,0.000000,0.000000,0.000000
9.216000,0.000000,0.000000,0.000000
9.218000,0.000000,0.000000,0.000000
9.220000,0.000000,0.000000,0.000000
9.222000,0.000000,0.000000,0.000000
9.224000,0.000000,0.000000,0.000000
9.226000,0.000000,0.000000,0.000000
9.228000,0.000000,0.000000,0.000000
9.230000,0.000000,0.000000,0.000000
9.232000,0.000000,0.000000,0.000000
9.234000,0.000000,0.000000,0.000000
9.236000,0.000000,0.000000,0.000000
9.238000,0.000000,0.000000,0.000000
9.240000,0.000000,0.000000,0.000000
9.242000,0.000000,0.000000,0.000000
9.244000,0.000000,0.000000,0.000000
9.246000,0.000000,0.000000,0.000000
9.248000,0.000000,0.000000,0.000000
9.250000,0.000000,0.000000,0.000000
9.252000,0.000000,0.000000,0.000000
9.254000,0.000000,0.000000,0.000000
9.256000,0.000000,0.000000,0.000000
9.258000,0.000000,0.000000,0.000000
9.260000,0.000000,0.000000,0.000000
9.262000,0.000000,0.000000,0.000000
9.264000,0.000000,0.000000,0.000000
9.266000,0.000000,0.000000,0.000000
9.268000,0.000000,0.000000,0.000000
9.270000,0.000000,0.000000,0.000000
9.272000,0.000000,0.000000,0.000000
9.274000,0.000000,0.000000,0.000000
9.276000,0.000000,0.000000,0.000000
9.278000,0.000000,0.000000,0.000000
9.280000,0.000000,0.000000,0.000000
9.282000,0.000000,0.000000,0.000000
9.284000,0.000000,0.000000,0.000000
9.286000,0.000000,0.000000,0.000000
9.288000,0.000000,0.000000,0.000000
9.290000,0.000000,0.000000,0.000000
9.292000,0.000000,0.000000,0.000000
9.294000,0.000000,0.000000,0.000000
9.296000,0.000000,0.000000,0.000000
9.298000,0.000000,0.000000,0.000000
9.300000,0.000000,0.000000,0.000000
9.302000,0.000000,0.000000,0.000000
9.304000,0.000000,0.000000,0.000000
9.306000,0.000000,0.000000,0.000000
9.308000,0.000000,0.000000,0.000000
9.310000,0.000000,0.000000,0.000000
9.312000,0.000000,0.000000,0.000000
9.314000,0.000000,0.000000,0.000000
9.316000,0.000000,0.000000,0.000000
9.318000,0.000000,0.000000,0.000000
9.320000,0.000000,0.000000,0.000000
9.322000,0.000000,0.000000,0.000000
9.324000,0.000000,0.000000,0.000000
9.326000,0.000000,0.000000,0.000000
9.328000,0.000000,0.000000,0.000000
9.330000,0.000000,0.000000,0.000000
9.332000,0.000000,0.000000,0.000000
9.334000,0.000000,0.000000,0.000000
9.336000,0.000000,0.000000,0.000000
9.338000,0.000000,0.000000,0.000000
9.340000,0.000000,0.000000,0.000000
9.342000,0.000000,0.000000,0.000000
9.344000,0.000000,0.000000,0.000000
9.346000,0.000000,0.000000,0.000000
9.348000,0.000000,0.000000,0.000000
9.350000,0.000000,0.000000,0.000000
9.352000,0.000000,0.000000,0.000000
9.354000,0.000000,0.000000,0.000000
9.356000,0.000000,0.000000,0.000000
9.358000,0.000000,0.000000,0.000000
9.360000,0.000000,0.000000,0.000000
9.362000,0.000000,0.000000,0.000000
9.364000,0.000000,0.000000,0.000000
9.366000,0.000000,0.000000,0.000000
9.368000,0.000000,0.000000,0.000000
9.370000,0.000000,0.000000,0.000000
9.372000,0.000000,0.000000,0.000000
9.374000,0.000000,0.000000,0.000000
9.376000,0.000000,0.000000,0.000000
9.378000,0.000000,0.000000,0.000000
9.380000,0.000000,0.000000,0.000000
9.382000,0.000000,0.000000,0.000000
9.384000,0.000000,0.000000,0.000000
9.386000,0.000000,0.000000,0.000000
9.388000,0.000000,0.000000,0.000000
9.390000,0.000000,0.000000,0.000000
9.392000,0.000000,0.000000,0.000000
9.394000,0.000000,0.000000,0.000000
9.396000,0.000000,0.000000,0.000000
9.398000,0.000000,0.000000,0.000000
9.400000,0.000000,0.000000,0.000000
9.402000,0.000000,0.000000,0.000000
9.404000,0.000000,0.000000,0.000000
9.406000,0.000000,0.000000,0.000000
9.408000,0.000000,0.000000,0.000000
9.410000,0.000000,0.000000,0.000000
9.412000,0.000000,0.000000,0.000000
9.414000,0.000000,0.000000,0.000000
9.416000,0.000000,0.000000,0.000000
9.418000,0.000000,0.000000,0.000000
9.420000,0.000000,0.000000,0.000000
9.422000,0.000000,0.000000,0.000000
9.424000,0.000000,0.000000,0.000000
9.426000,0.000000,0.000000,0.000000
9.428000,0.000000,0.000000,0.000000
9.430000,0.000000,0.000000,0.000000
9.432000,0.000000,0.000000,0.000000
9.434000,0.000000,0.000000,0.000000
9.436000,0.000000,0.000000,0.000000
9.438000,0.000000,0.000000,0.000000
9.440000,0.000000,0.000000,0.000000
9.442000,0.000000,0.000000,0.000000
9.444000,0.000000,0.000000,0.000000
9.446000,0.000000,0.000000,0.000000
9.448000,0.000000,0.000000,0.000000
9.450000,0.000000,0.000000,0.000000
9.452000,0.000000,0.000000,0.000000
9.454000,0.000000,0.000000,0.000000
9.456000,0.000000,0.000000,0.000000
9.458000,0.000000,0.000000,0.000000
9.460000,0.000000,0.000000,0.000000
9.462000,0.000000,0.000000,0.000000
9.464000,0.000000,0.000000,0.000000
9.466000,0.000000,0.000000,0.000000
9.468000,0.000000,0.000000,0.000000
9.470000,0.000000,0.000000,0.000000
9.472000,0.000000,0.000000,0.000000
9.474000,0.000000,0.000000,0.000000
9.476000,0.000000,0.000000,0.000000
9.478000,0.000000,0.000000,0.000000
9.480000,0.000000,0.000000,0.000000
9.482000,0.000000,0.000000,0.000000
9.484000,0.000000,0.000000,0.000000
9.486000,0.000000,0.000000,0.000000
9.488000,0.000000,0.000000,0.000000
9.490000,0.000000,0.000000,0.000000
9.492000,0.000000,0.000000,0.000000
9.494000,0.000000,0.000000,0.000000
9.496000,0.000000,0.000000,0.000000
9.498000,0.000000,0.000000,0.000000
9.500000,0.000000,0.000000,0.000000
9.502000,0.000000,0.000000,0.000000
9.504000,0.000000,0.000000,0.000000
9.506000,0.000000,0.000000,0.000000
9.508000,0.000000,0.000000,0.000000
9.510000,0.000000,0.000000,0.000000
9.512000,0.000000,0.000000,0.000000
9.514000,0.000000,0.000000,0.000000
9.516000,0.000000,0.000000,0.000000
9.518000,0.000000,0.000000,0.000000
9.520000,0.000000,0.000000,0.000000
9.522000,0.000000,0.000000,0.000000
9.524000,0.000000,0.000000,0.000000
9.526000,0.000000,0.000000,0.000000
9.528000,0.000000,0.000000,0.000000
9.530000,0.000000,0.000000,0.000000
9.532000,0.000000,0.000000,0.000000
9.534000,0.000000,0.000000,0.000000
9.536000,0.000000,0.000000,0.000000
9.538000,0.000000,0.000000,0.000000
9.540000,0.000000,0.000000,0.000000
9.542000,0.000000,0.000000,0.000000
9.544000,0.000000,0.000000,0.000000
9.546000,0.000000,0.000000,0.000000
9.548000,0.000000,0.000000,0.000000
9.550000,0.000000,0.000000,0.000000
9.552000,0.000000,0.000000,0.000000
9.554000,0.000000,0.000000,0.000000
9.556000,0.000000,0.000000,0.000000
9.558000,0.000000,0.000000,0.000000
9.560000,0.000000,0.000000,0.000000
9.562000,0.000000,0.000000,0.000000
9.564000,0.000000,0.000000,0.000000
9.566000,0.000000,0.000000,0.000000
9.568000,0.000000,0.000000,0.000000
9.570000,0.000000,0.000000,0.000000
9.572000,0.000000,0.000000,0.000000
9.574000,0.000000,0.000000,0.000000
9.576000,0.000000,0.000000,0.000000
9.578000,0.000000,0.000000,0.000000
9.580000,0.000000,0.000000,0.000000
9.582000,0.000000,0.000000,0.000000
9.584000,0.000000,0.000000,0.000000
9.586000,0.000000,0.000000,0.000000
9.588000,0.000000,0.000000,0.000000
9.590000,0.000000,0.000000,0.000000
9.592000,0.000000,0.000000,0.000000
9.594000,0.000000,0.000000,0.000000
9.596000,0.000000,0.000000,0.000000
9.598000,0.000000,0.000000,0.000000
9.600000,0.000000,0.000000,0.000000
9.602000,0.000000,0.000000,0.000000
9.604000,0.000000,0.000000,0.000000
9.606000,0.000000,0.000000,0.000000
9.608000,0.000000,0.000000,0.000000
9.610000,0.000000,0.000000,0.000000
9.612000,0.000000,0.000000,0.000000
9.614000,0.000000,0.000000,0.000000
9.616000,0.000000,0.000000,0.000000
9.618000,0.000000,0.000000,0.000000
9.620000,0.000000,0.000000,0.000000
9.622000,0.000000,0.000000,0.000000
9.624000,0.000000,0.000000,0.000000
9.626000,0.000000,0.000000,0.000000
9.628000,0.000000,0.000000,0.000000
9.630000,0.000000,0.000000,0.000000
9.632000,0.000000,0.000000,0.000000
9.634000,0.000000,0.000000,0.000000
9.636000,0.000000,0.000000,0.000000
9.638000,0.000000,0.000000,0.000000
9.640000,0.000000,0.000000,0.000000
9.642000,0.000000,0.000000,0.000000
9.644000,0.000000,0.000000,0.000000
9.646000,0.000000,0.000000,0.000000
9.648000,0.000000,0.000000,0.000000
9.650000,0.000000,0.000000,0.000000
9.652000,0.000000,0.000000,0.000000
9.654000,0.000000,0.000000,0.000000
9.656000,0.000000,0.000000,0.000000
9.658000,0.000000,0.000000,0.000000
9.660000,0.000000,0.000000,0.000000
9.662000,0.000000,0.000000,0.000000
9.664000,0.000000,0.000000,0.000000
9.666000,0.000000,0.000000,0.000000
9.668000,0.000000,0.000000,0.000000
9.670000,0.000000,0.000000,0.000000
9.672000,0.000000,0.000000,0.000000
9.674000,0.000000,0.000000,0.000000
9.676000,0.000000,0.000000,0.000000
9.678000,0.000000,0.000000,0.000000
9.680000,0.000000,0.000000,0.000000
9.682000,0.000000,0.000000,0.000000
9.684000,0.000000,0.000000,0.000000
9.686000,0.000000,0.000000,0.000000
9.688000,0.000000,0.000000,0.000000
9.690000,0.000000,0.000000,0.000000
9.692000,0.000000,0.000000,0.000000
9.694000,0.000000,0.000000,0.000000
9.696000,0.000000,0.000000,0.000000
9.698000,0.000000,0.000000,0.000000
9.700000,0.000000,0.000000,0.000000
9.702000,0.000000,0.000000,0.000000
9.704000,0.000000,0.000000,0.000000
9.706000,0.000000,0.000000,0.000000
9.708000,0.000000,0.000000,0.000000
9.710000,0.000000,0.000000,0.000000
9.712000,0.000000,0.000000,0.000000
9.714000,0.000000,0.000000,0.000000
9.716000,0.000000,0.000000,0.000000
9.718000,0.000000,0.000000,0.000000
9.720000,0.000000,0.000000,0.000000
9.722000,0.000000,0.000000,0.000000
9.724000,0.000000,0.000000,0.000000
9.726000,0.000000,0.000000,0.000000
9.728000,0.000000,0.000000,0.000000
9.730000,0.000000,0.000000,0.000000
9.732000,0.000000,0.000000,0.000000
9.734000,0.000000,0.000000,0.000000
9.736000,0.000000,0.000000,0.000000
9.738000,0.000000,0.000000,0.000000
9.740000,0.000000,0.000000,0.000000
9.742000,0.000000,0.000000,0.000000
9.744000,0.000000,0.000000,0.000000
9.746000,0.000000,0.000000,0.000000
9.748000,0.000000,0.000000,0.000000
9.750000,0.000000,0.000000,0.000000
9.752000,0.000000,0.000000,0.000000
9.754000,0.000000,0.000000,0.000000
9.756000,0.000000,0.000000,0.000000
9.758000,0.000000,0.000000,0.000000
9.760000,0.000000,0.000000,0.000000
9.762000,0.000000,0.000000,0.000000
9.764000,0.000000,0.000000,0.000000
9.766000,0.000000,0.000000,0.000000
9.768000,0.000000,0.000000,0.000000
9.770000,0.000000,0.000000,0.000000
9.772000,0.000000,0.000000,0.000000
9.774000,0.000000,0.000000,0.000000
9.776000,0.000000,0.000000,0.000000
9.778000,0.000000,0.000000,0.000000
9.780000,0.000000,0.000000,0.000000
9.782000,0.000000,0.000000,0.000000
9.784000,0.000000,0.000000,0.000000
9.786000,0.000000,0.000000,0.000000
9.788000,0.000000,0.000000,0.000000
9.790000,0.000000,0.000000,0.000000
9.792000,0.000000,0.000000,0.000000
9.794000,0.000000,0.000000,0.000000
9.796000,0.000000,0.000000,0.000000
9.798000,0.000000,0.000000,0.000000
9.800000,0.000000,0.000000,0.000000
9.802000,0.000000,0.000000,0.000000
9.804000,0.000000,0.000000,0.000000
9.806000,0.000000,0.000000,0.000000
9.808000,0.000000,0.000000,0.000000
9.810000,0.000000,0.000000,0.000000
9.812000,0.000000,0.000000,0.000000
9.814000,0.000000,0.000000,0.000000
9.816000,0.000000,0.000000,0.000000
9.818000,0.000000,0.000000,0.000000
9.820000,0.000000,0.000000,0.000000
9.822000,0.000000,0.000000,0.000000
9.824000,0.000000,0.000000,0.000000
9.826000,0.000000,0.000000,0.000000
9.828000,0.000000,0.000000,0.000000
9.830000,0.000000,0.000000,0.000000
9.832000,0.000000,0.000000,0.000000
9.834000,0.000000,0.000000,0.000000
9.836000,0.000000,0.000000,0.000000
9.838000,0.000000,0.000000,0.000000
9.840000,0.000000,0.000000,0.000000
9.842000,0.000000,0.000000,0.000000
9.844000,0.000000,0.000000,0.000000
9.846000,0.000000,0.000000,0.000000
9.848000,0.000000,0.000000,0.000000
9.850000,0.000000,0.000000,0.000000
9.852000,0.000000,0.000000,0.000000
9.854000,0.000000,0.000000,0.000000
9.856000,0.000000,0.000000,0.000000
9.858000,0.000000,0.000000,0.000000
9.860000,0.000000,0.000000,0.000000
9.862000,0.000000,0.000000,0.000000
9.864000,0.000000,0.000000,0.000000
9.866000,0.000000,0.000000,0.000000
9.868000,0.000000,0.000000,0.000000
9.870000,0.000000,0.000000,0.000000
9.872000,0.000000,0.000000,0.000000
9.874000,0.000000,0.000000,0.000000
9.876000,0.000000,0.000000,0.000000
9.878000,0.000000,0.000000,0.000000
9.880000,0.000000,0.000000,0.000000
9.882000,0.000000,0.000000,0.000000
9.884000,0.000000,0.000000,0.000000
9.886000,0.000000,0.000000,0.000000
9.888000,0.000000,0.000000,0.000000
9.890000,0.000000,0.000000,0.000000
9.892000,0.000000,0.000000,0.000000
9.894000,0.000000,0.000000,0.000000
9.896000,0.000000,0.000000,0.000000
9.898000,0.000000,0.000000,0.000000
9.900000,0.000000,0.000000,0.000000
9.902000,0.000000,0.000000,0.000000
9.904000,0.000000,0.000000,0.000000
9.906000,0.000000,0.000000,0.000000
9.908000,0.000000,0.000000,0.000000
9.910000,0.000000,0.000000,0.000000
9.912000,0.000000,0.000000,0.000000
9.914000,0.000000,0.000000,0.000000
9.916000,0.000000,0.000000,0.000000
9.918000,0.000000,0.000000,0.000000
9.920000,0.000000,0.000000,0.000000
9.922000,0.000000,0.000000,0.000000
9.924000,0.000000,0.000000,0.000000
9.926000,0.000000,0.000000,0.000000
9.928000,0.000000,0.000000,0.000000
9.930000,0.000000,0.000000,0.000000
9.932000,0.000000,0.000000,0.000000
9.934000,0.000000,0.000000,0.000000
9.936000,0.000000,0.000000,0.000000
9.938000,0.000000,0.000000,0.000000
9.940000,0.000000,0.000000,0.000000
9.942000,0.000000,0.000000,0.000000
9.944000,0.000000,0.000000,0.000000
9.946000,0.000000,0.000000,0.000000
9.948000,0.000000,0.000000,0.000000
9.950000,0.000000,0.000000,0.000000
9.952000,0.000000,0.000000,0.000000
9.954000,0.000000,0.000000,0.000000
9.956000,0.000000,0.000000,0.000000
9.958000,0.000000,0.000000,0.000000
9.960000,0.000000,0.000000,0.000000
9.962000,0.000000,0.000000,0.000000
9.964000,0.000000,0.000000,0.000000
9.966000,0.000000,0.000000,0.000000
9.968000,0.000000,0.000000,0.000000
9.970000,0.000000,0.000000,0.000000
9.972000,0.000000,0.000000,0.000000
9.974000,0.000000,0.000000,0.000000
9.976000,0.000000,0.000000,0.000000
9.978000,0.000000,0.000000,0.000000
9.980000,0.000000,0.000000,0.000000
9.982000,0.000000,0.000000,0.000000
9.984000,0.000000,0.000000,0.000000
9.986000,0.000000,0.000000,0.000000
9.988000,0.000000,0.000000,0.000000
9.990000,0.000000,0.000000,0.000000
9.992000,0.000000,0.000000,0.000000
9.994000,0.000000,0.000000,0.000000
9.996000,0.000000,0.000000,0.000000
9.998000,0.000000,0.000000,0.000000
10.000000,0.000000,0.000000,0.000000
10.002000,0.000000,0.000000,0.000000
10.004000,0.000000,0.000000,0.000000
10.006000,0.000000,0.000000,0.000000
10.008000,0.000000,0.000000,0.000000
10.010000,0.000000,0.000000,0.000000
10.012000,0.000000,0.000000,0.000000
10.014000,0.000000,0.000000,0.000000
10.016000,0.000000,0.000000,0.000000
10.018000,0.000000,0.000000,0.000000
10.020000,0.000000,0.000000,0.000000
10.022000,0.000000,0.000000,0.000000
10.024000,0.000000,0.000000,0.000000
10.026000,0.000000,0.000000,0.000000
10.028000,0.000000,0.000000,0.000000
10.030000,0.000000,0.000000,0.000000
10.032000,0.000000,0.000000,0.000000
10.034000,0.000000,0.000000,0.000000
10.036000,0.000000,0.000000,0.000000
10.038000,0.000000,0.000000,0.000000
10.040000,0.000000,0.000000,0.000000
10.042000,0.000000,0.000000,0.000000
10.044000,0.000000,0.000000,0.000000
10.046000,0.000000,0.000000,0.000000
10.048000,0.000000,0.000000,0.000000
10.050000,0.000000,0.000000,0.000000
10.052000,0.000000,0.000000,0.000000
10.054000,0.000000,0.000000,0.000000
10.056000,0.000000,0.000000,0.000000
10.058000,0.000000,0.000000,0.000000
10.060000,0.000000,0.000000,0.000000
10.062000,0.000000,0.000000,0.000000
10.064000,0.000000,0.000000,0.000000
10.066000,0.000000,0.000000,0.000000
10.068000,0.000000,0.000000,0.000000
10.070000,0.000000,0.000000,0.000000
10.072000,0.000000,0.000000,0.000000
10.074000,0.000000,0.000000,0.000000
10.076000,0.000000,0.000000,0.000000
10.078000,0.000000,0.000000,0.000000
10.080000,0.000000,0.000000,0.000000
10.082000,0.000000,0.000000,0.000000
10.084000,0.000000,0.000000,0.000000
10.086000,0.000000,0.000000,0.000000
10.088000,0.000000,0.000000,0.000000
10.090000,0.000000,0.000000,0.000000
10.092000,0.000000,0.000000,0.000000
10.094000,0.000000,0.000000,0.000000
10.096000,0.000000,0.000000,0.000000
10.098000,0.000000,0.000000,0.000000
10.100000,0.000000,0.000000,0.000000
10.102000,0.000000,0.000000,0.000000
10.104000,0.000000,0.000000,0.000000
10.106000,0.000000,0.000000,0.000000
10.108000,0.000000,0.000000,0.000000
10.110000,0.000000,0.000000,0.000000
10.112000,0.000000,0.000000,0.000000
10.114000,0.000000,0.000000,0.000000
10.116000,0.000000,0.000000,0.000000
10.118000,0.000000,0.000000,0.000000
10.120000,0.000000,0.000000,0.000000
10.122000,0.000000,0.000000,0.000000
10.124000,0.000000,0.000000,0.000000
10.126000,0.000000,0.000000,0.000000
10.128000,0.000000,0.000000,0.000000
10.130000,0.000000,0.000000,0.000000
10.132000,0.000000,0.000000,0.000000
10.134000,0.000000,0.000000,0.000000
10.136000,0.000000,0.000000,0.000000
10.138000,0.000000,0.000000,0.000000
10.140000,0.000000,0.000000,0.000000
10.142000,0.000000,0.000000,0.000000
10.144000,0.000000,0.000000,0.000000
10.146000,0.000000,0.000000,0.000000
10.148000,0.000000,0.000000,0.000000
10.150000,0.000000,0.000000,0.000000
10.152000,0.000000,0.000000,0.000000
10.154000,0.000000,0.000000,0.000000
10.156000,0.000000,0.000000,0.000000
10.158000,0.000000,0.000000,0.000000
10.160000,0.000000,0.000000,0.000000
10.162000,0.000000,0.000000,0.000000
10.164000,0.000000,0.000000,0.000000
10.166000,0.000000,0.000000,0.000000
10.168000,0.000000,0.000000,0.000000
10.170000,0.000000,0.000000,0.000000
10.172000,0.000000,0.000000,0.000000
10.174000,0.000000,0.000000,0.000000
10.176000,0.000000,0.000000,0.000000
10.178000,0.000000,0.000000,0.000000
10.180000,0.000000,0.000000,0.000000
10.182000,0.000000,0.000000,0.000000
10.184000,0.000000,0.000000,0.000000
10.186000,0.000000,0.000000,0.000000
10.188000,0.000000,0.000000,0.000000
10.190000,0.000000,0.000000,0.000000
10.192000,0.000000,0.000000,0.000000
10.194000,0.000000,0.000000,0.000000
10.196000,0.000000,0.000000,0.000000
10.198000,0.000000,0.000000,0.000000
10.200000,0.000000,0.000000,0.000000
10.202000,0.000000,0.000000,0.000000
10.204000,0.000000,0.000000,0.000000
10.206000,0.000000,0.000000,0.000000
10.208000,0.000000,0.000000,0.000000
10.210000,0.000000,0.000000,0.000000
10.212000,0.000000,0.000000,0.000000
10.214000,0.000000,0.000000,0.000000
10.216000,0.000000,0.000000,0.000000
10.218000,0.000000,0.000000,0.000000
10.220000,0.000000,0.000000,0.000000
10.222000,0.000000,0.000000,0.000000
10.224000,0.000000,0.000000,0.000000
10.226000,0.000000,0.000000,0.000000
10.228000,0.000000,0.000000,0.000000
10.230000,0.000000,0.000000,0.000000
10.232000,0.000000,0.000000,0.000000
10.234000,0.000000,0.000000,0.000000
10.236000,0.000000,0.000000,0.000000
10.238000,0.000000,0.000000,0.000000
10.240000,0.000000,0.000000,0.000000
10.242000,0.000000,0.000000,0.000000
10.244000,0.000000,0.000000,0.000000
10.246000,0.000000,0.000000,0.000000
10.248000,0.000000,0.000000,0.000000
10.250000,0.000000,0.000000,0.000000
10.252000,0.000000,0.000000,0.000000
10.254000,0.000000,0.000000,0.000000
10.256000,0.000000,0.000000,0.000000
10.258000,0.000000,0.000000,0.000000
10.260000,0.000000,0.000000,0.000000
10.262000,0.000000,0.000000,0.000000
10.264000,0.000000,0.000000,0.000000
10.266000,0.000000,0.000000,0.000000
10.268000,0.000000,0.000000,0.000000
10.270000,0.000000,0.000000,0.000000
10.272000,0.000000,0.000000,0.000000
10.274000,0.000000,0.000000,0.000000
10.276000,0.000000,0.000000,0.000000
10.278000,0.000000,0.000000,0.000000
10.280000,0.000000,0.000000,0.000000
10.282000,0.000000,0.000000,0.000000
10.284000,0.000000,0.000000,0.000000
10.286000,0.000000,0.000000,0.000000
10.288000,0.000000,0.000000,0.000000
10.290000,0.000000,0.000000,0.000000
10.292000,0.000000,0.000000,0.000000
10.294000,0.000000,0.000000,0.000000
10.296000,0.000000,0.000000,0.000000
10.298000,0.000000,0.000000,0.000000
10.300000,0.000000,0.000000,0.000000
10.302000,0.000000,0.000000,0.000000
10.304000,0.000000,0.000000,0.000000
10.306000,0.000000,0.000000,0.000000
10.308000,0.000000,0.000000,0.000000
10.310000,0.000000,0.000000,0.000000
10.312000,0.000000,0.000000,0.000000
10.314000,0.000000,0.000000,0.000000
10.316000,0.000000,0.000000,0.000000
10.318000,0.000000,0.000000,0.000000
10.320000,0.000000,0.000000,0.000000
10.322000,0.000000,0.000000,0.000000
10.324000,0.000000,0.000000,0.000000
10.326000,0.000000,0.000000,0.000000
10.328000,0.000000,0.000000,0.000000
10.330000,0.000000,0.000000,0.000000
10.332000,0.000000,0.000000,0.000000
10.334000,0.000000,0.000000,0.000000
10.336000,0.000000,0.000000,0.000000
10.338000,0.000000,0.000000,0.000000
10.340000,0.000000,0.000000,0.000000
10.342000,0.000000,0.000000,0.000000
10.344000,0.000000,0.000000,0.000000
10.346000,0.000000,0.000000,0.000000
10.348000,0.000000,0.000000,0.000000
10.350000,0.000000,0.000000,0.000000
10.352000,0.000000,0.000000,0.000000
10.354000,0.000000,0.000000,0.000000
10.356000,0.000000,0.000000,0.000000
10.358000,0.000000,0.000000,0.000000
10.360000,0.000000,0.000000,0.000000
10.362000,0.000000,0.000000,0.000000
10.364000,0.000000,0.000000,0.000000
10.366000,0.000000,0.000000,0.000000
10.368000,0.000000,0.000000,0.000000
10.370000,0.000000,0.000000,0.000000
10.372000,0.000000,0.000000,0.000000
10.374000,0.000000,0.000000,0.000000
10.376000,0.000000,0.000000,0.000000
10.378000,0.000000,0.000000,0.000000
10.380000,0.000000,0.000000,0.000000
10.382000,0.000000,0.000000,0.000000
10.384000,0.000000,0.000000,0.000000
10.386000,0.000000,0.000000,0.000000
10.388000,0.000000,0.000000,0.000000
10.390000,0.000000,0.000000,0.000000
10.392000,0.000000,0.000000,0.000000
10.394000,0.000000,0.000000,0.000000
10.396000,0.000000,0.000000,0.000000
10.398000,0.000000,0.000000,0.000000
10.400000,0.000000,0.000000,0.000000
10.402000,0.000000,0.000000,0.000000
10.404000,0.000000,0.000000,0.000000
10.406000,0.000000,0.000000,0.000000
10.408000,0.000000,0.000000,0.000000
10.410000,0.000000,0.000000,0.000000
10.412000,0.000000,0.000000,0.000000
10.414000,0.000000,0.000000,0.000000
10.416000,0.000000,0.000000,0.000000
10.418000,0.000000,0.000000,0.000000
10.420000,0.000000,0.000000,0.000000
10.422000,0.000000,0.000000,0.000000
10.424000,0.000000,0.000000,0.000000
10.426000,0.000000,0.000000,0.000000
10.428000,0.000000,0.000000,0.000000
10.430000,0.000000,0.000000,0.000000
10.432000,0.000000,0.000000,0.000000
10.434000,0.000000,0.000000,0.000000
10.436000,0.000000,0.000000,0.000000
10.438000,0.000000,0.000000,0.000000
10.440000,0.000000,0.000000,0.000000
10.442000,0.000000,0.000000,0.000000
10.444000,0.000000,0.000000,0.000000
10.446000,0.000000,0.000000,0.000000
10.448000,0.000000,0.000000,0.000000
10.450000,0.000000,0.000000,0.000000
10.452000,0.000000,0.000000,0.000000
10.454000,0.000000,0.000000,0.000000
10.456000,0.000000,0.000000,0.000000
10.458000,0.000000,0.000000,0.000000
10.460000,0.000000,0.000000,0.000000
10.462000,0.000000,0.000000,0.000000
10.464000,0.000000,0.000000,0.000000
10.466000,0.000000,0.000000,0.000000
10.468000,0.000000,0.000000,0.000000
10.470000,0.000000,0.000000,0.000000
10.472000,0.000000,0.000000,0.000000
10.474000,0.000000,0.000000,0.000000
10.476000,0.000000,0.000000,0.000000
10.478000,0.000000,0.000000,0.000000
10.480000,0.000000,0.000000,0.000000
10.482000,0.000000,0.000000,0.000000
10.484000,0.000000,0.000000,0.000000
10.486000,0.000000,0.000000,0.000000
10.488000,0.000000,0.000000,0.000000
10.490000,0.000000,0.000000,0.000000
10.492000,0.000000,0.000000,0.000000
10.494000,0.000000,0.000000,0.000000
10.496000,0.000000,0.000000,0.000000
10.498000,0.000000,0.000000,0.000000
10.500000,0.000000,0.000000,0.000000
10.502000,0.000000,0.000000,0.000000
10.504000,0.000000,0.000000,0.000000
10.506000,0.000000,0.000000,0.000000
10.508000,0.000000,0.000000,0.000000
10.510000,0.000000,0.000000,0.000000
10.512000,0.000000,0.000000,0.000000
10.514000,0.000000,0.000000,0.000000
10.516000,0.000000,0.000000,0.000000
10.518000,0.000000,0.000000,0.000000
10.520000,0.000000,0.000000,0.000000
10.522000,0.000000,0.000000,0.000000
10.524000,0.000000,0.000000,0.000000
10.526000,0.000000,0.000000,0.000000
10.528000,0.000000,0.000000,0.000000
10.530000,0.000000,0.000000,0.000000
10.532000,0.000000,0.000000,0.000000
10.534000,0.000000,0.000000,0.000000
10.536000,0.000000,0.000000,0.000000
10.538000,0.000000,0.000000,0.000000
10.540000,0.000000,0.000000,0.000000
10.542000,0.000000,0.000000,0.000000
10.544000,0.000000,0.000000,0.000000
10.546000,0.000000,0.000000,0.000000
10.548000,0.000000,0.000000,0.000000
10.550000,0.000000,0.000000,0.000000
10.552000,0.000000,0.000000,0.000000
10.554000,0.000000,0.000000,0.000000
10.556000,0.000000,0.000000,0.000000
10.558000,0.000000,0.000000,0.000000
10.560000,0.000000,0.000000,0.000000
10.562000,0.000000,0.000000,0.000000
10.564000,0.000000,0.000000,0.000000
10.566000,0.000000,0.000000,0.000000
10.568000,0.000000,0.000000,0.000000
10.570000,0.000000,0.000000,0.000000
10.572000,0.000000,0.000000,0.000000
10.574000,0.000000,0.000000,0.000000
10.576000,0.000000,0.000000,0.000000
10.578000,0.000000,0.000000,0.000000
10.580000,0.000000,0.000000,0.000000
10.582000,0.000000,0.000000,0.000000
10.584000,0.000000,0.000000,0.000000
10.586000,0.000000,0.000000,0.000000
10.588000,0.000000,0.000000,0.000000
10.590000,0.000000,0.000000,0.000000
10.592000,0.000000,0.000000,0.000000
10.594000,0.000000,0.000000,0.000000
10.596000,0.000000,0.000000,0.000000
10.598000,0.000000,0.000000,0.000000
10.600000,0.000000,0.000000,0.000000
10.602000,0.000000,0.000000,0.000000
10.604000,0.000000,0.000000,0.000000
10.606000,0.000000,0.000000,0.000000
10.608000,0.000000,0.000000,0.000000
10.610000,0.000000,0.000000,0.000000
10.612000,0.000000,0.000000,0.000000
10.614000,0.000000,0.000000,0.000000
10.616000,0.000000,0.000000,0.000000
10.618000,0.000000,0.000000,0.000000
10.620000,0.000000,0.000000,0.000000
10.622000,0.000000,0.000000,0.000000
10.624000,0.000000,0.000000,0.000000
10.626000,0.000000,0.000000,0.000000
10.628000,0.000000,0.000000,0.000000
10.630000,0.000000,0.000000,0.000000
10.632000,0.000000,0.000000,0.000000
10.634000,0.000000,0.000000,0.000000
10.636000,0.000000,0.000000,0.000000
10.638000,0.000000,0.000000,0.000000
10.640000,0.000000,0.000000,0.000000
10.642000,0.000000,0.000000,0.000000
10.644000,0.000000,0.000000,0.000000
10.646000,0.000000,0.000000,0.000000
10.648000,0.000000,0.000000,0.000000
10.650000,0.000000,0.000000,0.000000
10.652000,0.000000,0.000000,0.000000
10.654000,0.000000,0.000000,0.000000
10.656000,0.000000,0.000000,0.000000
10.658000,0.000000,0.000000,0.000000
10.660000,0.000000,0.000000,0.000000
10.662000,0.000000,0.000000,0.000000
10.664000,0.000000,0.000000,0.000000
10.666000,0.000000,0.000000,0.000000
10.668000,0.000000,0.000000,0.000000
10.670000,0.000000,0.000000,0.000000
10.672000,0.000000,0.000000,0.000000
10.674000,0.000000,0.000000,0.000000
10.676000,0.000000,0.000000,0.000000
10.678000,0.000000,0.000000,0.000000
10.680000,0.000000,0.000000,0.000000
10.682000,0.000000,0.000000,0.000000
10.684000,0.000000,0.000000,0.000000
10.686000,0.000000,0.000000,0.000000
10.688000,0.000000,0.000000,0.000000
10.690000,0.000000,0.000000,0.000000
10.692000,0.000000,0.000000,0.000000
10.694000,0.000000,0.000000,0.000000
10.696000,0.000000,0.000000,0.000000
10.698000,0.000000,0.000000,0.000000
10.700000,0.000000,0.000000,0.000000
10.702000,0.000000,0.000000,0.000000
10.704000,0.000000,0.000000,0.000000
10.706000,0.000000,0.000000,0.000000
10.708000,0.000000,0.000000,0.000000
10.710000,0.000000,0.000000,0.000000
10.712000,0.000000,0.000000,0.000000
10.714000,0.000000,0.000000,0.000000
10.716000,0.000000,0.000000,0.000000
10.718000,0.000000,0.000000,0.000000
10.720000,0.000000,0.000000,0.000000
10.722000,0.000000,0.000000,0.000000
10.724000,0.000000,0.000000,0.000000
10.726000,0.000000,0.000000,0.000000
10.728000,0.000000,0.000000,0.000000
10.730000,0.000000,0.000000,0.000000
10.732000,0.000000,0.000000,0.000000
10.734000,0.000000,0.000000,0.000000
10.736000,0.000000,0.000000,0.000000
10.738000,0.000000,0.000000,0.000000
10.740000,0.000000,0.000000,0.000000
10.742000,0.000000,0.000000,0.000000
10.744000,0.000000,0.000000,0.000000
10.746000,0.000000,0.000000,0.000000
10.748000,0.000000,0.000000,0.000000
10.750000,0.000000,0.000000,0.000000
10.752000,0.000000,0.000000,0.000000
10.754000,0.000000,0.000000,0.000000
10.756000,0.000000,0.000000,0.000000
10.758000,0.000000,0.000000,0.000000
10.760000,0.000000,0.000000,0.000000
10.762000,0.000000,0.000000,0.000000
10.764000,0.000000,0.000000,0.000000
10.766000,0.000000,0.000000,0.000000
10.768000,0.000000,0.000000,0.000000
10.770000,0.000000,0.000000,0.000000
10.772000,0.000000,0.000000,0.000000
10.774000,0.000000,0.000000,0.000000
10.776000,0.000000,0.000000,0.000000
10.778000,0.000000,0.000000,0.000000
10.780000,0.000000,0.000000,0.000000
10.782000,0.000000,0.000000,0.000000
10.784000,0.000000,0.000000,0.000000
10.786000,0.000000,0.000000,0.000000
10.788000,0.000000,0.000000,0.000000
10.790000,0.000000,0.000000,0.000000
10.792000,0.000000,0.000000,0.000000
10.794000,0.000000,0.000000,0.000000
10.796000,0.000000,0.000000,0.000000
10.798000,0.000000,0.000000,0.000000
10.800000,0.000000,0.000000,0.000000
10.802000,0.000000,0.000000,0.000000
10.804000,0.000000,0.000000,0.000000
10.806000,0.000000,0.000000,0.000000
10.808000,0.000000,0.000000,0.000000
10.810000,0.000000,0.000000,0.000000
10.812000,0.000000,0.000000,0.000000
10.814000,0.000000,0.000000,0.000000
10.816000,0.000000,0.000000,0.000000
10.818000,0.000000,0.000000,0.000000
10.820000,0.000000,0.000000,0.000000
10.822000,0.000000,0.000000,0.000000
10.824000,0.000000,0.000000,0.000000
10.826000,0.000000,0.000000,0.000000
10.828000,0.000000,0.000000,0.000000
10.830000,0.000000,0.000000,0.000000
10.832000,0.000000,0.000000,0.000000
10.834000,0.000000,0.000000,0.000000
10.836000,0.000000,0.000000,0.000000
10.838000,0.000000,0.000000,0.000000
10.840000,0.000000,0.000000,0.000000
10.842000,0.000000,0.000000,0.000000
10.844000,0.000000,0.000000,0.000000
10.846000,0.000000,0.000000,0.000000
10.848000,0.000000,0.000000,0.000000
10.850000,0.000000,0.000000,0.000000
10.852000,0.000000,0.000000,0.000000
10.854000,0.000000,0.000000,0.000000
10.856000,0.000000,0.000000,0.000000
10.858000,0.000000,0.000000,0.000000
10.860000,0.000000,0.000000,0.000000
10.862000,0.000000,0.000000,0.000000
10.864000,0.000000,0.000000,0.000000
10.866000,0.000000,0.000000,0.000000
10.868000,0.000000,0.000000,0.000000
10.870000,0.000000,0.000000,0.000000
10.872000,0.000000,0.000000,0.000000
10.874000,0.000000,0.000000,0.000000
10.876000,0.000000,0.000000,0.000000
10.878000,0.000000,0.000000,0.000000
10.880000,0.000000,0.000000,0.000000
10.882000,0.000000,0.000000,0.000000
10.884000,0.000000,0.000000,0.000000
10.886000,0.000000,0.000000,0.000000
10.888000,0.000000,0.000000,0.000000
10.890000,0.000000,0.000000,0.000000
10.892000,0.000000,0.000000,0.000000
10.894000,0.000000,0.000000,0.000000
10.896000,0.000000,0.000000,0.000000
10.898000,0.000000,0.000000,0.000000
10.900000,0.000000,0.000000,0.000000
10.902000,0.000000,0.000000,0.000000
10.904000,0.000000,0.000000,0.000000
10.906000,0.000000,0.000000,0.000000
10.908000,0.000000,0.000000,0.000000
10.910000,0.000000,0.000000,0.000000
10.912000,0.000000,0.000000,0.000000
10.914000,0.000000,0.000000,0.000000
10.916000,0.000000,0.000000,0.000000
10.918000,0.000000,0.000000,0.000000
10.920000,0.000000,0.000000,0.000000
10.922000,0.000000,0.000000,0.000000
10.924000,0.000000,0.000000,0.000000
10.926000,0.000000,0.000000,0.000000
10.928000,0.000000,0.000000,0.000000
10.930000,0.000000,0.000000,0.000000
10.932000,0.000000,0.000000,0.000000
10.934000,0.000000,0.000000,0.000000
10.936000,0.000000,0.000000,0.000000
10.938000,0.000000,0.000000,0.000000
10.940000,0.000000,0.000000,0.000000
10.942000,0.000000,0.000000,0.000000
10.944000,0.000000,0.000000,0.000000
10.946000,0.000000,0.000000,0.000000
10.948000,0.000000,0.000000,0.000000
10.950000,0.000000,0.000000,0.000000
10.952000,0.000000,0.000000,0.000000
10.954000,0.000000,0.000000,0.000000
10.956000,0.000000,0.000000,0.000000
10.958000,0.000000,0.000000,0.000000
10.960000,0.000000,0.000000,0.000000
10.962000,0.000000,0.000000,0.000000
10.964000,0.000000,0.000000,0.000000
10.966000,0.000000,0.000000,0.000000
10.968000,0.000000,0.000000,0.000000
10.970000,0.000000,0.000000,0.000000
10.972000,0.000000,0.000000,0.000000
10.974000,0.000000,0.000000,0.000000
10.976000,0.000000,0.000000,0.000000
10.978000,0.000000,0.000000,0.000000
10.980000,0.000000,0.000000,0.000000
10.982000,0.000000,0.000000,0.000000
10.984000,0.000000,0.000000,0.000000
10.986000,0.000000,0.000000,0.000000
10.988000,0.000000,0.000000,0.000000
10.990000,0.000000,0.000000,0.000000
10.992000,0.000000,0.000000,0.000000
10.994000,0.000000,0.000000,0.000000
10.996000,0.000000,0.000000,0.000000
10.998000,0.000000,0.000000,0.000000
11.000000,0.000000,0.000000,0.000000
11.002000,0.000000,0.000000,0.000000
11.004000,0.000000,0.000000,0.000000
11.006000,0.000000,0.000000,0.000000
11.008000,0.000000,0.000000,0.000000
11.010000,0.000000,0.000000,0.000000
11.012000,0.000000,0.000000,0.000000
11.014000,0.000000,0.000000,0.000000
11.016000,0.000000,0.000000,0.000000
11.018000,0.000000,0.000000,0.000000
11.020000,0.000000,0.000000,0.000000
11.022000,0.000000,0.000000,0.000000
11.024000,0.000000,0.000000,0.000000
11.026000,0.000000,0.000000,0.000000
11.028000,0.000000,0.000000,0.000000
11.030000,0.000000,0.000000,0.000000
11.032000,0.000000,0.000000,0.000000
11.034000,0.000000,0.000000,0.000000
11.036000,0.000000,0.000000,0.000000
11.038000,0.000000,0.000000,0.000000
11.040000,0.000000,0.000000,0.000000
11.042000,0.000000,0.000000,0.000000
11.044000,0.000000,0.000000,0.000000
11.046000,0.000000,0.000000,0.000000
11.048000,0.000000,0.000000,0.000000
11.050000,0.000000,0.000000,0.000000
11.052000,0.000000,0.000000,0.000000
11.054000,0.000000,0.000000,0.000000
11.056000,0.000000,0.000000,0.000000
11.058000,0.000000,0.000000,0.000000
11.060000,0.000000,0.000000,0.000000
11.062000,0.000000,0.000000,0.000000
11.064000,0.000000,0.000000,0.000000
11.066000,0.000000,0.000000,0.000000
11.068000,0.000000,0.000000,0.000000
11.070000,0.000000,0.000000,0.000000
11.072000,0.000000,0.000000,0.000000
11.074000,0.000000,0.000000,0.000000
11.076000,0.000000,0.000000,0.000000
11.078000,0.000000,0.000000,0.000000
11.080000,0.000000,0.000000,0.000000
11.082000,0.000000,0.000000,0.000000
11.084000,0.000000,0.000000,0.000000
11.086000,0.000000,0.000000,0.000000
11.088000,0.000000,0.000000,0.000000
11.090000,0.000000,0.000000,0.000000
11.092000,0.000000,0.000000,0.000000
11.094000,0.000000,0.000000,0.000000
11.096000,0.000000,0.000000,0.000000
11.098000,0.000000,0.000000,0.000000
11.100000,0.000000,0.000000,0.000000
11.102000,0.000000,0.000000,0.000000
11.104000,0.000000,0.000000,0.000000
11.106000,0.000000,0.000000,0.000000
11.108000,0.000000,0.000000,0.000000
11.110000,0.000000,0.000000,0.000000
11.112000,0.000000,0.000000,0.000000
11.114000,0.000000,0.000000,0.000000
11.116000,0.000000,0.000000,0.000000
11.118000,0.000000,0.000000,0.000000
11.120000,0.000000,0.000000,0.000000
11.122000,0.000000,0.000000,0.000000
11.124000,0.000000,0.000000,0.000000
11.126000,0.000000,0.000000,0.000000
11.128000,0.000000,0.000000,0.000000
11.130000,0.000000,0.000000,0.000000
11.132000,0.000000,0.000000,0.000000
11.134000,0.000000,0.000000,0.000000
11.136000,0.000000,0.000000,0.000000
11.138000,0.000000,0.000000,0.000000
11.140000,0.000000,0.000000,0.000000
11.142000,0.000000,0.000000,0.000000
11.144000,0.000000,0.000000,0.000000
11.146000,0.000000,0.000000,0.000000
11.148000,0.000000,0.000000,0.000000
11.150000,0.000000,0.000000,0.000000
11.152000,0.000000,0.000000,0.000000
11.154000,0.000000,0.000000,0.000000
11.156000,0.000000,0.000000,0.000000
11.158000,0.000000,0.000000,0.000000
11.160000,0.000000,0.000000,0.000000
11.162000,0.000000,0.000000,0.000000
11.164000,0.000000,0.000000,0.000000
11.166000,0.000000,0.000000,0.000000
11.168000,0.000000,0.000000,0.000000
11.170000,0.000000,0.000000,0.000000
11.172000,0.000000,0.000000,0.000000
11.174000,0.000000,0.000000,0.000000
11.176000,0.000000,0.000000,0.000000
11.178000,0.000000,0.000000,0.000000
11.180000,0.000000,0.000000,0.000000
11.182000,0.000000,0.000000,0.000000
11.184000,0.000000,0.000000,0.000000
11.186000,0.000000,0.000000,0.000000
11.188000,0.000000,0.000000,0.000000
11.190000,0.000000,0.000000,0.000000
11.192000,0.000000,0.000000,0.000000
11.194000,0.000000,0.000000,0.000000
11.196000,0.000000,0.000000,0.000000
11.198000,0.000000,0.000000,0.000000
11.200000,0.000000,0.000000,0.000000
11.202000,0.000000,0.000000,0.000000
11.204000,0.000000,0.000000,0.000000
11.206000,0.000000,0.000000,0.000000
11.208000,0.000000,0.000000,0.000000
11.210000,0.000000,0.000000,0.000000
11.212000,0.000000,0.000000,0.000000
11.214000,0.000000,0.000000,0.000000
11.216000,0.000000,0.000000,0.000000
11.218000,0.000000,0.000000,0.000000
11.220000,0.000000,0.000000,0.000000
11.222000,0.000000,0.000000,0.000000
11.224000,0.000000,0.000000,0.000000
11.226000,0.000000,0.000000,0.000000
11.228000,0.000000,0.000000,0.000000
11.230000,0.000000,0.000000,0.000000
11.232000,0.000000,0.000000,0.000000
11.234000,0.000000,0.000000,0.000000
11.236000,0.000000,0.000000,0.000000
11.238000,0.000000,0.000000,0.000000
11.240000,0.000000,0.000000,0.000000
11.242000,0.000000,0.000000,0.000000
11.244000,0.000000,0.000000,0.000000
11.246000,0.000000,0.000000,0.000000
11.248000,0.000000,0.000000,0.000000
11.250000,0.000000,0.000000,0.000000
11.252000,0.000000,0.000000,0.000000
11.254000,0.000000,0.000000,0.000000
11.256000,0.000000,0.000000,0.000000
11.258000,0.000000,0.000000,0.000000
11.260000,0.000000,0.000000,0.000000
11.262000,0.000000,0.000000,0.000000
11.264000,0.000000,0.000000,0.000000
11.266000,0.000000,0.000000,0.000000
11.268000,0.000000,0.000000,0.000000
11.270000,0.000000,0.000000,0.000000
11.272000,0.000000,0.000000,0.000000
11.274000,0.000000,0.000000,0.000000
11.276000,0.000000,0.000000,0.000000
11.278000,0.000000,0.000000,0.000000
11.280000,0.000000,0.000000,0.000000
11.282000,0.000000,0.000000,0.000000
11.284000,0.000000,0.000000,0.000000
11.286000,0.000000,0.000000,0.000000
11.288000,0.000000,0.000000,0.000000
11.290000,0.000000,0.000000,0.000000
11.292000,0.000000,0.000000,0.000000
11.294000,0.000000,0.000000,0.000000
11.296000,0.000000,0.000000,0.000000
11.298000,0.000000,0.000000,0.000000
11.300000,0.000000,0.000000,0.000000
11.302000,0.000000,0.000000,0.000000
11.304000,0.000000,0.000000,0.000000
11.306000,0.000000,0.000000,0.000000
11.308000,0.000000,0.000000,0.000000
11.310000,0.000000,0.000000,0.000000
11.312000,0.000000,0.000000,0.000000
11.314000,0.000000,0.000000,0.000000
11.316000,0.000000,0.000000,0.000000
11.318000,0.000000,0.000000,0.000000
11.320000,0.000000,0.000000,0.000000
11.322000,0.000000,0.000000,0.000000
11.324000,0.000000,0.000000,0.000000
11.326000,0.000000,0.000000,0.000000
11.328000,0.000000,0.000000,0.000000
11.330000,0.000000,0.000000,0.000000
11.332000,0.000000,0.000000,0.000000
11.334000,0.000000,0.000000,0.000000
11.336000,0.000000,0.000000,0.000000
11.338000,0.000000,0.000000,0.000000
11.340000,0.000000,0.000000,0.000000
11.342000,0.000000,0.000000,0.000000
11.344000,0.000000,0.000000,0.000000
11.346000,0.000000,0.000000,0.000000
11.348000,0.000000,0.000000,0.000000
11.350000,0.000000,0.000000,0.000000
11.352000,0.000000,0.000000,0.000000
11.354000,0.000000,0.000000,0.000000
11.356000,0.000000,0.000000,0.000000
11.358000,0.000000,0.000000,0.000000
11.360000,0.000000,0.000000,0.000000
11.362000,0.000000,0.000000,0.000000
11.364000,0.000000,0.000000,0.000000
11.366000,0.000000,0.000000,0.000000
11.368000,0.000000,0.000000,0.000000
11.370000,0.000000,0.000000,0.000000
11.372000,0.000000,0.000000,0.000000
11.374000,0.000000,0.000000,0.000000
11.376000,0.000000,0.000000,0.000000
11.378000,0.000000,0.000000,0.000000
11.380000,0.000000,0.000000,0.000000
11.382000,0.000000,0.000000,0.000000
11.384000,0.000000,0.000000,0.000000
11.386000,0.000000,0.000000,0.000000
11.388000,0.000000,0.000000,0.000000
11.390000,0.000000,0.000000,0.000000
11.392000,0.000000,0.000000,0.000000
11.394000,0.000000,0.000000,0.000000
11.396000,0.000000,0.000000,0.000000
11.398000,0.000000,0.000000,0.000000
11.400000,0.000000,0.000000,0.000000
11.402000,0.000000,0.000000,0.000000
11.404000,0.000000,0.000000,0.000000
11.406000,0.000000,0.000000,0.000000
11.408000,0.000000,0.000000,0.000000
11.410000,0.000000,0.000000,0.000000
11.412000,0.000000,0.000000,0.000000
11.414000,0.000000,0.000000,0.000000
11.416000,0.000000,0.000000,0.000000
11.418000,0.000000,0.000000,0.000000
11.420000,0.000000,0.000000,0.000000
11.422000,0.000000,0.000000,0.000000
11.424000,0.000000,0.000000,0.000000
11.426000,0.000000,0.000000,0.000000
11.428000,0.000000,0.000000,0.000000
11.430000,0.000000,0.000000,0.000000
11.432000,0.000000,0.000000,0.000000
11.434000,0.000000,0.000000,0.000000
11.436000,0.000000,0.000000,0.000000
11.438000,0.000000,0.000000,0.000000
11.440000,0.000000,0.000000,0.000000
11.442000,0.000000,0.000000,0.000000
11.444000,0.000000,0.000000,0.000000
11.446000,0.000000,0.000000,0.000000
11.448000,0.000000,0.000000,0.000000
11.450000,0.000000,0.000000,0.000000
11.452000,0.000000,0.000000,0.000000
11.454000,0.000000,0.000000,0.000000
11.456000,0.000000,0.000000,0.000000
11.458000,0.000000,0.000000,0.000000
11.460000,0.000000,0.000000,0.000000
11.462000,0.000000,0.000000,0.000000
11.464000,0.000000,0.000000,0.000000
11.466000,0.000000,0.000000,0.000000
11.468000,0.000000,0.000000,0.000000
11.470000,0.000000,0.000000,0.000000
11.472000,0.000000,0.000000,0.000000
11.474000,0.000000,0.000000,0.000000
11.476000,0.000000,0.000000,0.000000
11.478000,0.000000,0.000000,0.000000
11.480000,0.000000,0.000000,0.000000
11.482000,0.000000,0.000000,0.000000
11.484000,0.000000,0.000000,0.000000
11.486000,0.000000,0.000000,0.000000
11.488000,0.000000,0.000000,0.000000
11.490000,0.000000,0.000000,0.000000
11.492000,0.000000,0.000000,0.000000
11.494000,0.000000,0.000000,0.000000
11.496000,0.000000,0.000000,0.000000
11.498000,0.000000,0.000000,0.000000
11.500000,0.000000,0.000000,0.000000
11.502000,0.000000,0.000000,0.000000
11.504000,0.000000,0.000000,0.000000
11.506000,0.000000,0.000000,0.000000
11.508000,0.000000,0.000000,0.000000
11.510000,0.000000,0.000000,0.000000
11.512000,0.000000,0.000000,0.000000
11.514000,0.000000,0.000000,0.000000
11.516000,0.000000,0.000000,0.000000
11.518000,0.000000,0.000000,0.000000
11.520000,0.000000,0.000000,0.000000
11.522000,0.000000,0.000000,0.000000
11.524000,0.000000,0.000000,0.000000
11.526000,0.000000,0.000000,0.000000
11.528000,0.000000,0.000000,0.000000
11.530000,0.000000,0.000000,0.000000
11.532000,0.000000,0.000000,0.000000
11.534000,0.000000,0.000000,0.000000
11.536000,0.000000,0.000000,0.000000
11.538000,0.000000,0.000000,0.000000
11.540000,0.000000,0.000000,0.000000
11.542000,0.000000,0.000000,0.000000
11.544000,0.000000,0.000000,0.000000
11.546000,0.000000,0.000000,0.000000
11.548000,0.000000,0.000000,0.000000
11.550000,0.000000,0.000000,0.000000
11.552000,0.000000,0.000000,0.000000
11.554000,0.000000,0.000000,0.000000
11.556000,0.000000,0.000000,0.000000
11.558000,0.000000,0.000000,0.000000
11.560000,0.000000,0.000000,0.000000
11.562000,0.000000,0.000000,0.000000
11.564000,0.000000,0.000000,0.000000
11.566000,0.000000,0.000000,0.000000
11.568000,0.000000,0.000000,0.000000
11.570000,0.000000,0.000000,0.000000
11.572000,0.000000,0.000000,0.000000
11.574000,0.000000,0.000000,0.000000
11.576000,0.000000,0.000000,0.000000
11.578000,0.000000,0.000000,0.000000
11.580000,0.000000,0.000000,0.000000
11.582000,0.000000,0.000000,0.000000
11.584000,0.000000,0.000000,0.000000
11.586000,0.000000,0.000000,0.000000
11.588000,0.000000,0.000000,0.000000
11.590000,0.000000,0.000000,0.000000
11.592000,0.000000,0.000000,0.000000
11.594000,0.000000,0.000000,0.000000
11.596000,0.000000,0.000000,0.000000
11.598000,0.000000,0.000000,0.000000
11.600000,0.000000,0.000000,0.000000
11.602000,0.000000,0.000000,0.000000
11.604000,0.000000,0.000000,0.000000
11.606000,0.000000,0.000000,0.000000
11.608000,0.000000,0.000000,0.000000
11.610000,0.000000,0.000000,0.000000
11.612000,0.000000,0.000000,0.000000
11.614000,0.000000,0.000000,0.000000
11.616000,0.000000,0.000000,0.000000
11.618000,0.000000,0.000000,0.000000
11.620000,0.000000,0.000000,0.000000
11.622000,0.000000,0.000000,0.000000
11.624000,0.000000,0.000000,0.000000
11.626000,0.000000,0.000000,0.000000
11.628000,0.000000,0.000000,0.000000
11.630000,0.000000,0.000000,0.000000
11.632000,0.000000,0.000000,0.000000
11.634000,0.000000,0.000000,0.000000
11.636000,0.000000,0.000000,0.000000
11.638000,0.000000,0.000000,0.000000
11.640000,0.000000,0.000000,0.000000
11.642000,0.000000,0.000000,0.000000
11.644000,0.000000,0.000000,0.000000
11.646000,0.000000,0.000000,0.000000
11.648000,0.000000,0.000000,0.000000
11.650000,0.000000,0.000000,0.000000
11.652000,0.000000,0.000000,0.000000
11.654000,0.000000,0.000000,0.000000
11.656000,0.000000,0.000000,0.000000
11.658000,0.000000,0.000000,0.000000
11.660000,0.000000,0.000000,0.000000
11.662000,0.000000,0.000000,0.000000
11.664000,0.000000,0.000000,0.000000
11.666000,0.000000,0.000000,0.000000
11.668000,0.000000,0.000000,0.000000
11.670000,0.000000,0.000000,0.000000
11.672000,0.000000,0.000000,0.000000
11.674000,0.000000,0.000000,0.000000
11.676000,0.000000,0.000000,0.000000
11.678000,0.000000,0.000000,0.000000
11.680000,0.000000,0.000000,0.000000
11.682000,0.000000,0.000000,0.000000
11.684000,0.000000,0.000000,0.000000
11.686000,0.000000,0.000000,0.000000
11.688000,0.000000,0.000000,0.000000
11.690000,0.000000,0.000000,0.000000
11.692000,0.000000,0.000000,0.000000
11.694000,0.000000,0.000000,0.000000
11.696000,0.000000,0.000000,0.000000
11.698000,0.000000,0.000000,0.000000
11.700000,0.000000,0.000000,0.000000
11.702000,0.000000,0.000000,0.000000
11.704000,0.000000,0.000000,0.000000
11.706000,0.000000,0.000000,0.000000
11.708000,0.000000,0.000000,0.000000
11.710000,0.000000,0.000000,0.000000
11.712000,0.000000,0.000000,0.000000
11.714000,0.000000,0.000000,0.000000
11.716000,0.000000,0.000000,0.000000
11.718000,0.000000,0.000000,0.000000
11.720000,0.000000,0.000000,0.000000
11.722000,0.000000,0.000000,0.000000
11.724000,0.000000,0.000000,0.000000
11.726000,0.000000,0.000000,0.000000
11.728000,0.000000,0.000000,0.000000
11.730000,0.000000,0.000000,0.000000
11.732000,0.000000,0.000000,0.000000
11.734000,0.000000,0.000000,0.000000
11.736000,0.000000,0.000000,0.000000
11.738000,0.000000,0.000000,0.000000
11.740000,0.000000,0.000000,0.000000
11.742000,0.000000,0.000000,0.000000
11.744000,0.000000,0.000000,0.000000
11.746000,0.000000,0.000000,0.000000
11.748000,0.000000,0.000000,0.000000
11.750000,0.000000,0.000000,0.000000
11.752000,0.000000,0.000000,0.000000
11.754000,0.000000,0.000000,0.000000
11.756000,0.000000,0.000000,0.000000
11.758000,0.000000,0.000000,0.000000
11.760000,0.000000,0.000000,0.000000
11.762000,0.000000,0.000000,0.000000
11.764000,0.000000,0.000000,0.000000
11.766000,0.000000,0.000000,0.000000
11.768000,0.000000,0.000000,0.000000
11.770000,0.000000,0.000000,0.000000
11.772000,0.000000,0.000000,0.000000
11.774000,0.000000,0.000000,0.000000
11.776000,0.000000,0.000000,0.000000
11.778000,0.000000,0.000000,0.000000
11.780000,0.000000,0.000000,0.000000
11.782000,0.000000,0.000000,0.000000
11.784000,0.000000,0.000000,0.000000
11.786000,0.000000,0.000000,0.000000
11.788000,0.000000,0.000000,0.000000
11.790000,0.000000,0.000000,0.000000
11.792000,0.000000,0.000000,0.000000
11.794000,0.000000,0.000000,0.000000
11.796000,0.000000,0.000000,0.000000
11.798000,0.000000,0.000000,0.000000
11.800000,0.000000,0.000000,0.000000
11.802000,0.000000,0.000000,0.000000
11.804000,0.000000,0.000000,0.000000
11.806000,0.000000,0.000000,0.000000
11.808000,0.000000,0.000000,0.000000
11.810000,0.000000,0.000000,0.000000
11.812000,0.000000,0.000000,0.000000
11.814000,0.000000,0.000000,0.000000
11.816000,0.000000,0.000000,0.000000
11.818000,0.000000,0.000000,0.000000
11.820000,0.000000,0.000000,0.000000
11.822000,0.000000,0.000000,0.000000
11.824000,0.000000,0.000000,0.000000
11.826000,0.000000,0.000000,0.000000
11.828000,0.000000,0.000000,0.000000
11.830000,0.000000,0.000000,0.000000
11.832000,0.000000,0.000000,0.000000
11.834000,0.000000,0.000000,0.000000
11.836000,0.000000,0.000000,0.000000
11.838000,0.000000,0.000000,0.000000
11.840000,0.000000,0.000000,0.000000
11.842000,0.000000,0.000000,0.000000
11.844000,0.000000,0.000000,0.000000
11.846000,0.000000,0.000000,0.000000
11.848000,0.000000,0.000000,0.000000
11.850000,0.000000,0.000000,0.000000
11.852000,0.000000,0.000000,0.000000
11.854000,0.000000,0.000000,0.000000
11.856000,0.000000,0.000000,0.000000
11.858000,0.000000,0.000000,0.000000
11.860000,0.000000,0.000000,0.000000
11.862000,0.000000,0.000000,0.000000
11.864000,0.000000,0.000000,0.000000
11.866000,0.000000,0.000000,0.000000
11.868000,0.000000,0.000000,0.000000
11.870000,0.000000,0.000000,0.000000
11.872000,0.000000,0.000000,0.000000
11.874000,0.000000,0.000000,0.000000
11.876000,0.000000,0.000000,0.000000
11.878000,0.000000,0.000000,0.000000
11.880000,0.000000,0.000000,0.000000
11.882000,0.000000,0.000000,0.000000
11.884000,0.000000,0.000000,0.000000
11.886000,0.000000,0.000000,0.000000
11.888000,0.000000,0.000000,0.000000
11.890000,0.000000,0.000000,0.000000
11.892000,0.000000,0.000000,0.000000
11.894000,0.000000,0.000000,0.000000
11.896000,0.000000,0.000000,0.000000
11.898000,0.000000,0.000000,0.000000
11.900000,0.000000,0.000000,0.000000
11.902000,0.000000,0.000000,0.000000
11.904000,0.000000,0.000000,0.000000
11.906000,0.000000,0.000000,0.000000
11.908000,0.000000,0.000000,0.000000
11.910000,0.000000,0.000000,0.000000
11.912000,0.000000,0.000000,0.000000
11.914000,0.000000,0.000000,0.000000
11.916000,0.000000,0.000000,0.000000
11.918000,0.000000,0.000000,0.000000
11.920000,0.000000,0.000000,0.000000
11.922000,0.000000,0.000000,0.000000
11.924000,0.000000,0.000000,0.000000
11.926000,0.000000,0.000000,0.000000
11.928000,0.000000,0.000000,0.000000
11.930000,0.000000,0.000000,0.000000
11.932000,0.000000,0.000000,0.000000
11.934000,0.000000,0.000000,0.000000
11.936000,0.000000,0.000000,0.000000
11.938000,0.000000,0.000000,0.000000
11.940000,0.000000,0.000000,0.000000
11.942000,0.000000,0.000000,0.000000
11.944000,0.000000,0.000000,0.000000
11.946000,0.000000,0.000000,0.000000
11.948000,0.000000,0.000000,0.000000
11.950000,0.000000,0.000000,0.000000
11.952000,0.000000,0.000000,0.000000
11.954000,0.000000,0.000000,0.000000
11.956000,0.000000,0.000000,0.000000
11.958000,0.000000,0.000000,0.000000
11.960000,0.000000,0.000000,0.000000
11.962000,0.000000,0.000000,0.000000
11.964000,0.000000,0.000000,0.000000
11.966000,0.000000,0.000000,0.000000
11.968000,0.000000,0.000000,0.000000
11.970000,0.000000,0.000000,0.000000
11.972000,0.000000,0.000000,0.000000
11.974000,0.000000,0.000000,0.000000
11.976000,0.000000,0.000000,0.000000
11.978000,0.000000,0.000000,0.000000
11.980000,0.000000,0.000000,0.000000
11.982000,0.000000,0.000000,0.000000
11.984000,0.000000,0.000000,0.000000
11.986000,0.000000,0.000000,0.000000
11.988000,0.000000,0.000000,0.000000
11.990000,0.000000,0.000000,0.000000
11.992000,0.000000,0.000000,0.000000
11.994000,0.000000,0.000000,0.000000
11.996000,0.000000,0.000000,0.000000
11.998000,0.000000,0.000000,0.000000
